/*
 Navicat Premium Data Transfer

 Source Server         : MySQL
 Source Server Type    : MySQL
 Source Server Version : 80026 (8.0.26)
 Source Host           : localhost:3306
 Source Schema         : db_pet_service_store

 Target Server Type    : MySQL
 Target Server Version : 80026 (8.0.26)
 File Encoding         : 65001

 Date: 25/02/2026 18:34:22
*/

SET NAMES utf8mb4;
SET FOREIGN_KEY_CHECKS = 0;

-- ----------------------------
-- Table structure for tb_address
-- ----------------------------
DROP TABLE IF EXISTS `tb_address`;
CREATE TABLE `tb_address`  (
  `id` bigint NOT NULL AUTO_INCREMENT COMMENT 'ең°еқҖIDпјҢдё»й”®иҮӘеўһ',
  `address_text` varchar(255) CHARACTER SET utf8mb4 COLLATE utf8mb4_unicode_ci NOT NULL COMMENT 'ең°еқҖеҗҚз§°пјҢдёҚдёәз©әдё”е”ҜдёҖ',
  `latitude` varchar(255) CHARACTER SET utf8mb4 COLLATE utf8mb4_unicode_ci NOT NULL COMMENT 'зә¬еәҰеҖјпјҢдёҚдёәз©әгҖӮеЎ«еҶҷж—¶е…ҲеҶҷе…Ҙзә¬еәҰ',
  `longitude` varchar(255) CHARACTER SET utf8mb4 COLLATE utf8mb4_unicode_ci NOT NULL COMMENT 'з»ҸеәҰеҖјпјҢдёҚдёәз©әгҖӮеЎ«еҶҷж—¶еҗҺеҶҷе…Ҙз»ҸеәҰ',
  `delete_flag` tinyint NULL DEFAULT 0 COMMENT 'еҲ йҷӨж Үи®°пјҢ0-жңӘеҲ йҷӨпјҢ1-е·ІеҲ йҷӨпјҢй»ҳи®Өдёә0',
  `create_time` datetime NULL DEFAULT CURRENT_TIMESTAMP COMMENT 'еҲӣе»әж—¶й—ҙпјҢй»ҳи®ӨдёәжҸ’е…Ҙж—¶ж—¶й—ҙжҲі',
  `update_time` datetime NULL DEFAULT CURRENT_TIMESTAMP ON UPDATE CURRENT_TIMESTAMP COMMENT 'жӣҙж–°ж—¶й—ҙпјҢй»ҳи®ӨдёәжҸ’е…Ҙж—¶ж—¶й—ҙжҲіпјҢжҸ’е…Ҙж—¶иҮӘеҠЁжӣҙж–°',
  PRIMARY KEY (`id`) USING BTREE
) ENGINE = InnoDB AUTO_INCREMENT = 65 CHARACTER SET = utf8mb4 COLLATE = utf8mb4_unicode_ci COMMENT = 'ең°еқҖиЎЁ' ROW_FORMAT = Dynamic;

-- ----------------------------
-- Records of tb_address
-- ----------------------------
INSERT INTO `tb_address` VALUES (1, 'еҢ—дә¬еёӮжө·ж·ҖеҢә', '39.96548984110075', '116.3054340544974', 0, '2025-12-08 18:20:25', '2025-12-08 18:20:25');
INSERT INTO `tb_address` VALUES (3, 'ж№–еҢ—зңҒжӯҰжұүеёӮж№–еҢ—е·ҘдёҡеӨ§еӯҰ', '30.485183656608755', '114.31630816883417', 0, '2025-12-15 12:56:49', '2025-12-15 12:56:48');
INSERT INTO `tb_address` VALUES (4, 'ж№–еҢ—зңҒжӯҰжұүеёӮ', '30.598466736400988', '114.31158155473232', 0, '2025-12-15 12:58:58', '2025-12-15 12:58:57');
INSERT INTO `tb_address` VALUES (5, 'дёҠжө·еёӮеҘүиҙӨеҢәйҪҗиҙӨе°ҸеӯҰ', '30.960127594633577', '121.51684504515943', 0, '2025-12-15 13:00:12', '2025-12-15 13:00:11');
INSERT INTO `tb_address` VALUES (6, 'ж№–еҢ—зңҒжӯҰжұүеёӮжҙӘеұұеҢәеҚ—жқҺи·Ҝ28еҸ· ж№–еҢ—е·ҘдёҡеӨ§еӯҰ', '30.48645994791441', '114.31530997175149', 0, '2025-12-15 13:42:01', '2025-12-15 13:42:01');
INSERT INTO `tb_address` VALUES (7, 'дёҠжө·еёӮеҘүиҙӨеҢәж–ҮжҳҺиЎ—16еҸ·', '30.959582879905157', '121.51703306050267', 0, '2025-12-15 13:48:33', '2025-12-15 13:48:33');
INSERT INTO `tb_address` VALUES (8, 'ж№–еҢ—зңҒжӯҰжұүеёӮжҙӘеұұеҢәеҚ—жқҺи·Ҝ28еҸ· ж№–еҢ—е·ҘдёҡеӨ§еӯҰ', '30.48645994791441', '114.31530997175149', 0, '2025-12-15 13:51:17', '2025-12-15 13:51:16');
INSERT INTO `tb_address` VALUES (9, 'ж№–еҢ—зңҒжӯҰжұүеёӮжҙӘеұұеҢәеҚ—жқҺи·Ҝ28еҸ·йҷ„1еҸ· ж№–еҢ—е·ҘдёҡеӨ§еӯҰ-е·ҘзЁӢжҠҖжңҜеӯҰйҷў', '30.484014486112416', '114.31434231705613', 0, '2025-12-15 22:24:54', '2025-12-15 22:24:54');
INSERT INTO `tb_address` VALUES (10, 'ж№–еҢ—зңҒжӯҰжұүеёӮжҙӘеұұеҢәеҚ—жқҺи·Ҝ28еҸ· ж№–еҢ—е·ҘдёҡеӨ§еӯҰ', '30.48645994791441', '114.31530997175149', 0, '2025-12-17 20:53:53', '2025-12-17 20:53:53');
INSERT INTO `tb_address` VALUES (11, 'еҢ—дә¬еёӮжө·ж·ҖеҢәйўҗе’Ңеӣӯи·Ҝ5еҸ· еҢ—дә¬еӨ§еӯҰ', '39.99700408060357', '116.32033999714666', 0, '2025-12-17 20:54:56', '2025-12-17 20:54:56');
INSERT INTO `tb_address` VALUES (12, 'жө·ж·ҖеҢә жө·ж·ҖеҢә', '39.96548984110075', '116.3054340544974', 0, '2025-12-23 11:45:33', '2025-12-23 11:45:33');
INSERT INTO `tb_address` VALUES (13, 'ж№–еҢ—зңҒй»„еҶҲеёӮиӢұеұұеҺҝжұӨжІізҫҺйЈҹиЎ—', '30.749763507987038', '115.6763846618081', 0, '2025-12-23 11:49:27', '2025-12-23 11:49:26');
INSERT INTO `tb_address` VALUES (14, 'ж№–еҢ—зңҒжӯҰжұүеёӮжҙӘеұұеҢәеҚ—жқҺи·Ҝ28еҸ· ж№–еҢ—е·ҘдёҡеӨ§еӯҰ', '30.48645994791441', '114.31530997175149', 0, '2025-12-23 11:49:52', '2025-12-23 11:49:51');
INSERT INTO `tb_address` VALUES (15, 'ж№–еҢ—зңҒжӯҰжұүеёӮжҙӘеұұеҢәеҚ—жқҺи·Ҝ28еҸ· ж№–еҢ—е·ҘдёҡеӨ§еӯҰ', '30.48645994791441', '114.31530997175149', 0, '2025-12-23 12:35:46', '2025-12-23 12:35:45');
INSERT INTO `tb_address` VALUES (16, 'йқ’еІӣеёӮй»„еІӣеҢәжЎғжһ—и·Ҝ е“Ҳе°”ж»Ёе·ҘзЁӢеӨ§еӯҰ(йқ’еІӣж ЎеҢә)', '35.789668151091088', '120.04170424009021', 1, '2025-12-23 13:18:19', '2026-01-02 20:40:55');
INSERT INTO `tb_address` VALUES (17, 'жё©жіүй•ҮеӨңеёӮдёҖиЎ—дёҺеӨңеёӮдәҢиЎ—дәӨжұҮеӨ„зҡ„еұұеҹҺйғҪеёӮйЎ№зӣ®1еҸ·жҘје’Ң2еҸ·жҘј й»„е•Ҷз”ҹжҙ»и¶…еёӮ(еұұеҹҺйғҪеёӮеә—)', '30.74982294169004', '115.67758228271402', 0, '2025-12-30 21:16:33', '2025-12-30 21:16:32');
INSERT INTO `tb_address` VALUES (19, 'ж№–еҢ—зңҒжӯҰжұүеёӮжӯҰжҳҢеҢәж–°жІіиЎ—ж–°з”ҹи·Ҝе№ёзҰҸйҮҢе°ҸеҢә жӯҰжұүеӨ§еһӢе® зү©еҹәең°(зҢ«зӢ—еёӮеңә)', '30.57258426535204', '114.32253531245989', 0, '2025-12-30 21:28:25', '2025-12-30 21:28:25');
INSERT INTO `tb_address` VALUES (20, 'еӨӘйҳіе®«ең°еҢәеӨӘйҳіе®«UHNеӣҪйҷ…жқ‘4-8еә•е•Ҷ Marukoе® зү©', '39.97824889829926', '116.45293249550538', 0, '2025-12-30 21:50:08', '2025-12-30 21:50:07');
INSERT INTO `tb_address` VALUES (21, 'еӨӘйҳіе®«ең°еҢәеӨӘйҳіе®«UHNеӣҪйҷ…жқ‘4-8еә•е•Ҷ Marukoе® зү©', '39.97824889829926', '116.45293249550538', 0, '2025-12-30 21:52:42', '2025-12-30 21:52:41');
INSERT INTO `tb_address` VALUES (22, 'еӨӘйҳіе®«ең°еҢәеӨӘйҳіе®«UHNеӣҪйҷ…жқ‘4-8еә•е•Ҷ Marukoе® зү©', '39.97824889829926', '116.45293249550538', 0, '2025-12-30 21:53:40', '2025-12-30 21:53:40');
INSERT INTO `tb_address` VALUES (23, 'еӨӘйҳіе®«ең°еҢәеӨӘйҳіе®«UHNеӣҪйҷ…жқ‘4-8еә•е•Ҷ Marukoе® зү©', '39.97824889829926', '116.45293249550538', 0, '2025-12-30 21:54:20', '2025-12-30 21:54:20');
INSERT INTO `tb_address` VALUES (24, 'еӨӘйҳіе®«ең°еҢәеӨӘйҳіе®«UHNеӣҪйҷ…жқ‘4-8еә•е•Ҷ Marukoе® зү©', '39.97824889829926', '116.45293249550538', 0, '2025-12-30 21:54:50', '2025-12-30 21:54:50');
INSERT INTO `tb_address` VALUES (25, 'жұҹиӢҸзңҒеҚ—дә¬еёӮжұҹе®ҒеҢәжӢӣе•ҶиЎ—32еҸ·дәҢжӢӣе№ў32е®Ө еҚ—дә¬жңүйұје® зү©еёӮеңәзҢ«иҲҚзҠ¬иҲҚиҙӯе® еҹәең°', '31.95678598585978', '118.84102828697871', 0, '2025-12-30 22:03:26', '2025-12-30 22:03:26');
INSERT INTO `tb_address` VALUES (26, 'еҢ—дә¬еёӮжө·ж·ҖеҢәдёүеҳүдҝЎиӢ‘14еҸ·жҘј е® еҸӢеҲ°е®¶е® зү©еә—', '40.13212557259428', '116.21154127615292', 0, '2025-12-30 22:21:30', '2025-12-30 22:21:30');
INSERT INTO `tb_address` VALUES (27, 'йқ’е№ҙи·Ҝ22еҸ· е°Ҹдёғе® зү©еҢ»йҷў', '30.991751589253224', '103.94893454426622', 0, '2025-12-30 22:32:17', '2025-12-30 22:32:16');
INSERT INTO `tb_address` VALUES (28, 'е№ҝжё и·Ҝ36еҸ·йҷў5еҸ·жҘјйҰ–еҹҺеӣҪйҷ…Bеә§3еұӮ359 QиҗҢВ·е® зү©е…ЁеӣҪиҝһй”Ғе® зү©е•Ҷеә—(еҸҢдә•еә—)', '39.89845817862995', '116.47626400485494', 0, '2025-12-30 22:43:30', '2025-12-30 22:43:29');
INSERT INTO `tb_address` VALUES (29, 'еә‘ж®ҝи·ҜеҚ—еҸЈ33-4еҸ· жҙҫзү№еұӢеҠЁзү©еҢ»йҷў(ж—§е®«еә—)', '40.25611260286408', '116.13903580454277', 0, '2025-12-30 22:45:17', '2025-12-30 22:45:17');
INSERT INTO `tb_address` VALUES (30, 'еә‘ж®ҝи·ҜеҚ—еҸЈ33-4еҸ· жҙҫзү№еұӢеҠЁзү©еҢ»йҷў(ж—§е®«еә—)', '40.25611260286408', '116.13903580454277', 0, '2025-12-30 22:45:53', '2025-12-30 22:45:53');
INSERT INTO `tb_address` VALUES (31, 'й«ҳзў‘еә—й•Үе»әеӣҪи·ҜеҚҺжұҮеӨ§еҺҰBеә§е® д№җжұҮL1-L5еұӮ е® зҲұеӣҪйҷ…еҠЁзү©еҢ»йҷўВ·з–‘йҡҫйӘЁз§‘(дёӯеҝғеҢ»йҷўеә—)', '39.914086352523728', '116.55725469065125', 0, '2025-12-30 22:57:44', '2025-12-30 22:57:43');
INSERT INTO `tb_address` VALUES (32, 'еҙҮж–Үй—ЁеӨ–еӨ§иЎ—40еҸ·жҗңз§ҖеҹҺ5еұӮ иҗҢе® д№Ӣе®¶(жҗңз§Җе•ҶеҹҺеә—)', '27.691129638002189', '106.92718838743969', 0, '2025-12-30 23:06:04', '2025-12-30 23:06:04');
INSERT INTO `tb_address` VALUES (33, 'еҙҮж–Үй—ЁеӨ–еӨ§иЎ—40еҸ·жҗңз§ҖеҹҺ5еұӮ иҗҢе® д№Ӣе®¶(жҗңз§Җе•ҶеҹҺеә—)', '27.691129638002189', '106.92718838743969', 0, '2025-12-30 23:12:44', '2025-12-30 23:12:43');
INSERT INTO `tb_address` VALUES (48, 'ж№–еҢ—зңҒй»„еҶҲеёӮиӢұеұұеҺҝG318(жҜ•жҳҮеӨ§йҒ“)', '30.74963882123383', '115.6806030146524', 1, '2025-12-31 21:33:36', '2025-12-31 22:42:31');
INSERT INTO `tb_address` VALUES (51, 'й»„еҶҲеёӮиӢұеұұеҺҝжұӨжІіе®¶еұ…иЎ— жҳҺеҫ·е№је„ҝеӣӯ', '30.751255391351806', '115.67747924707202', 1, '2025-12-31 22:42:31', '2026-01-01 22:03:39');
INSERT INTO `tb_address` VALUES (52, 'йқ’еІӣеёӮеҙӮеұұеҢәжқҫеІӯи·Ҝ99еҸ· йқ’еІӣз§‘жҠҖеӨ§еӯҰ(еҙӮеұұж ЎеҢә)', '36.126442007123959', '120.48729485440993', 0, '2026-01-02 20:40:56', '2026-01-02 20:40:56');
INSERT INTO `tb_address` VALUES (53, 'ж№–еҢ—зңҒй»„еҶҲеёӮиӢұеұұеҺҝжұӨжІізҫҺйЈҹиЎ—', '30.749763507987038', '115.6763846618081', 1, '2026-01-03 19:30:21', '2026-01-04 16:12:21');
INSERT INTO `tb_address` VALUES (54, 'ж№–еҢ—зңҒй»„еҶҲеёӮиӢұеұұеҺҝ', '30.74135008408465', '115.6874216026259', 0, '2026-01-04 16:47:24', '2026-01-04 16:47:24');
INSERT INTO `tb_address` VALUES (55, 'дёҠжө·еёӮеҘүиҙӨеҢәж–ҮжҳҺиЎ—16еҸ· йҪҗиҙӨе°ҸеӯҰ', '30.960127594633577', '121.51684504515943', 0, '2026-01-05 20:36:58', '2026-01-05 20:36:57');
INSERT INTO `tb_address` VALUES (56, 'дёҠжө·еёӮеҘүиҙӨеҢәж–ҮжҳҺиЎ—16еҸ· йҪҗиҙӨе°ҸеӯҰ', '30.960127594633577', '121.51684504515943', 0, '2026-01-05 20:42:34', '2026-01-05 20:42:34');
INSERT INTO `tb_address` VALUES (57, 'дёҠжө·еёӮеҘүиҙӨеҢәж–ҮжҳҺиЎ—16еҸ· йҪҗиҙӨе°ҸеӯҰ', '30.960127594633577', '121.51684504515943', 0, '2026-01-05 20:44:30', '2026-01-05 20:44:29');
INSERT INTO `tb_address` VALUES (58, 'ж–°з–Ҷз»ҙеҗҫе°”иҮӘжІ»еҢәйҳҝжӢүе°”еёӮиҷ№жЎҘеҚ—и·Ҝ705еҸ· еЎ”йҮҢжңЁеӨ§еӯҰ', '40.55022069705901', '81.30399515530668', 0, '2026-01-05 22:01:03', '2026-01-05 22:01:03');
INSERT INTO `tb_address` VALUES (59, 'иҺ’еҚ—еҺҝ иҺ’еҚ—еҺҝ', '35.18081163178793', '118.84154077027218', 0, '2026-01-05 23:12:46', '2026-01-05 23:12:45');
INSERT INTO `tb_address` VALUES (60, 'иҺ’еҚ—еҺҝ иҺ’еҚ—еҺҝ', '35.18081163178793', '118.84154077027218', 0, '2026-01-05 23:14:03', '2026-01-05 23:14:02');
INSERT INTO `tb_address` VALUES (61, 'еҢ—дә¬еёӮдёңеҹҺеҢә', '39.93482727239599', '116.4224009776628', 0, '2026-01-13 21:56:38', '2026-01-13 21:56:38');
INSERT INTO `tb_address` VALUES (62, 'еҢ—дә¬еёӮдёңеҹҺеҢәдёңй•ҝе®үиЎ—16еҸ·', '39.911460207094538', '116.40801632170097', 0, '2026-01-13 22:07:29', '2026-01-13 22:07:29');
INSERT INTO `tb_address` VALUES (63, 'еҢ—дә¬еёӮдёңеҹҺеҢәдёңй•ҝе®үиЎ—', '39.91422837261614', '116.4150678402932', 0, '2026-01-15 11:42:15', '2026-01-15 11:42:14');
INSERT INTO `tb_address` VALUES (64, 'ж№–еҢ—зңҒй»„еҶҲеёӮиӢұеұұеҺҝжұӨжІізҫҺйЈҹиЎ—', '30.749763507987038', '115.6763846618081', 0, '2026-02-10 20:18:23', '2026-02-10 20:18:22');

-- ----------------------------
-- Table structure for tb_cart
-- ----------------------------
DROP TABLE IF EXISTS `tb_cart`;
CREATE TABLE `tb_cart`  (
  `id` bigint NOT NULL AUTO_INCREMENT COMMENT 'иҙӯзү©иҪҰIDпјҢдё»й”®иҮӘеўһ',
  `user_id` bigint NOT NULL COMMENT 'з”ЁжҲ·IDпјҢдёҚдёәз©ә',
  `product_id` bigint NOT NULL COMMENT 'е•Ҷе“ҒIDпјҢдёҚдёәз©ә',
  `total_count` bigint NOT NULL COMMENT 'е•Ҷе“Ғж•°йҮҸ',
  `total_price` decimal(10, 2) NOT NULL COMMENT 'е•Ҷе“ҒжҖ»д»·',
  `delete_flag` tinyint NULL DEFAULT 0 COMMENT 'еҲ йҷӨж Үи®°пјҢ0-жңӘеҲ йҷӨпјҢ1-е·ІеҲ йҷӨпјҢй»ҳи®Өдёә0',
  `create_time` datetime NULL DEFAULT CURRENT_TIMESTAMP COMMENT 'еҲӣе»әж—¶й—ҙпјҢй»ҳи®ӨдёәжҸ’е…Ҙж—¶ж—¶й—ҙжҲі',
  `update_time` datetime NULL DEFAULT CURRENT_TIMESTAMP ON UPDATE CURRENT_TIMESTAMP COMMENT 'жӣҙж–°ж—¶й—ҙпјҢй»ҳи®ӨдёәжҸ’е…Ҙж—¶ж—¶й—ҙжҲіпјҢжҸ’е…Ҙж—¶иҮӘеҠЁжӣҙж–°',
  PRIMARY KEY (`id`) USING BTREE,
  INDEX `idx_user_id`(`user_id` ASC) USING BTREE,
  INDEX `idx_product_id`(`product_id` ASC) USING BTREE
) ENGINE = InnoDB AUTO_INCREMENT = 16 CHARACTER SET = utf8mb4 COLLATE = utf8mb4_unicode_ci COMMENT = 'иҙӯзү©иҪҰиЎЁ' ROW_FORMAT = Dynamic;

-- ----------------------------
-- Records of tb_cart
-- ----------------------------
INSERT INTO `tb_cart` VALUES (1, 1, 3, 1, 35.00, 1, '2025-12-16 12:57:04', '2025-12-17 20:48:05');
INSERT INTO `tb_cart` VALUES (2, 1, 5, 1, 198.00, 1, '2025-12-17 15:42:30', '2025-12-17 20:48:09');
INSERT INTO `tb_cart` VALUES (5, 1, 4, 1, 320.00, 1, '2025-12-17 17:21:51', '2025-12-17 20:48:09');
INSERT INTO `tb_cart` VALUES (6, 1, 3, 1, 35.00, 1, '2025-12-17 20:49:48', '2025-12-17 20:49:52');
INSERT INTO `tb_cart` VALUES (7, 1, 3, 1, 35.00, 1, '2025-12-17 20:52:33', '2025-12-17 20:52:36');
INSERT INTO `tb_cart` VALUES (8, 1, 3, 2, 70.00, 1, '2025-12-17 20:55:25', '2025-12-17 20:55:49');
INSERT INTO `tb_cart` VALUES (9, 1, 4, 2, 640.00, 0, '2025-12-17 20:55:38', '2025-12-17 21:45:00');
INSERT INTO `tb_cart` VALUES (10, 1, 5, 1, 198.00, 1, '2025-12-17 20:55:44', '2025-12-17 20:55:49');
INSERT INTO `tb_cart` VALUES (11, 1, 3, 1, 35.00, 0, '2025-12-17 21:44:57', '2025-12-17 21:44:57');
INSERT INTO `tb_cart` VALUES (12, 1, 5, 1, 198.00, 0, '2025-12-17 21:44:59', '2025-12-17 21:44:59');
INSERT INTO `tb_cart` VALUES (15, 1, 35, 1, 1.00, 1, '2026-02-10 18:13:44', '2026-02-10 18:15:42');

-- ----------------------------
-- Table structure for tb_column_info
-- ----------------------------
DROP TABLE IF EXISTS `tb_column_info`;
CREATE TABLE `tb_column_info`  (
  `id` bigint NOT NULL AUTO_INCREMENT COMMENT 'ж Ҹзӣ®IDпјҢдё»й”®иҮӘеўһ',
  `name` varchar(25) CHARACTER SET utf8mb4 COLLATE utf8mb4_unicode_ci NOT NULL COMMENT 'ж Ҹзӣ®еҗҚз§°пјҢдёҚдёәз©ә',
  `delete_flag` tinyint NULL DEFAULT 0 COMMENT 'еҲ йҷӨж Үи®°пјҢ0-жңӘеҲ йҷӨпјҢ1-е·ІеҲ йҷӨ',
  `create_time` datetime NULL DEFAULT CURRENT_TIMESTAMP COMMENT 'еҲӣе»әж—¶й—ҙпјҢй»ҳи®ӨдёәжҸ’е…Ҙж—¶ж—¶й—ҙжҲі',
  `update_time` datetime NULL DEFAULT CURRENT_TIMESTAMP ON UPDATE CURRENT_TIMESTAMP COMMENT 'жӣҙж–°ж—¶й—ҙпјҢй»ҳи®ӨдёәжҸ’е…Ҙж—¶ж—¶й—ҙжҲіпјҢжҸ’е…Ҙж—¶иҮӘеҠЁжӣҙж–°',
  PRIMARY KEY (`id`) USING BTREE
) ENGINE = InnoDB AUTO_INCREMENT = 8 CHARACTER SET = utf8mb4 COLLATE = utf8mb4_unicode_ci COMMENT = 'ж Ҹзӣ®иЎЁ' ROW_FORMAT = Dynamic;

-- ----------------------------
-- Records of tb_column_info
-- ----------------------------
INSERT INTO `tb_column_info` VALUES (1, 'е® зү©ж—Ҙеёё', 0, '2025-12-18 12:20:44', '2025-12-18 12:20:44');
INSERT INTO `tb_column_info` VALUES (2, 'ж•‘еҠ©еҲҶдә«', 0, '2025-12-18 12:20:44', '2025-12-18 12:20:44');
INSERT INTO `tb_column_info` VALUES (3, 'еҢ»з–—з§‘жҷ®', 0, '2025-12-18 12:20:44', '2025-12-18 12:20:44');
INSERT INTO `tb_column_info` VALUES (4, 'test', 1, '2026-01-07 18:59:01', '2026-01-07 19:02:06');
INSERT INTO `tb_column_info` VALUES (5, 'test1', 1, '2026-01-07 19:01:15', '2026-01-07 19:02:06');
INSERT INTO `tb_column_info` VALUES (6, 'test2', 1, '2026-01-07 19:01:19', '2026-01-07 19:02:02');
INSERT INTO `tb_column_info` VALUES (7, 'test1', 1, '2026-02-23 16:04:44', '2026-02-23 16:05:40');

-- ----------------------------
-- Table structure for tb_comment_media
-- ----------------------------
DROP TABLE IF EXISTS `tb_comment_media`;
CREATE TABLE `tb_comment_media`  (
  `id` bigint NOT NULL AUTO_INCREMENT COMMENT 'еӘ’дҪ“IDпјҢдё»й”®иҮӘеўһ',
  `comment_id` bigint NOT NULL COMMENT 'иҜ„и®әIDпјҢдёҺиҜ„и®әжҖ»иЎЁе…іиҒ”',
  `media_url` varchar(1024) CHARACTER SET utf8mb4 COLLATE utf8mb4_unicode_ci NOT NULL COMMENT 'еӘ’дҪ“ең°еқҖ',
  `media_type` tinyint NOT NULL COMMENT 'еӘ’дҪ“зұ»еһӢпјҢ1-еӣҫзүҮпјҢ2-и§Ҷйў‘',
  `delete_flag` tinyint NULL DEFAULT 0 COMMENT 'еҲ йҷӨж Үи®°пјҢ0-жңӘеҲ йҷӨпјҢ1-е·ІеҲ йҷӨ',
  `create_time` datetime NULL DEFAULT CURRENT_TIMESTAMP COMMENT 'еҲӣе»әж—¶й—ҙпјҢй»ҳи®ӨдёәжҸ’е…Ҙж—¶ж—¶й—ҙжҲі',
  `update_time` datetime NULL DEFAULT CURRENT_TIMESTAMP ON UPDATE CURRENT_TIMESTAMP COMMENT 'жӣҙж–°ж—¶й—ҙпјҢй»ҳи®ӨдёәжҸ’е…Ҙж—¶ж—¶й—ҙжҲіпјҢжҸ’е…Ҙж—¶иҮӘеҠЁжӣҙж–°',
  PRIMARY KEY (`id`) USING BTREE,
  INDEX `idx_comment_id`(`comment_id` ASC) USING BTREE
) ENGINE = InnoDB AUTO_INCREMENT = 16 CHARACTER SET = utf8mb4 COLLATE = utf8mb4_unicode_ci COMMENT = 'иҜ„и®әеӘ’дҪ“иЎЁ' ROW_FORMAT = Dynamic;

-- ----------------------------
-- Records of tb_comment_media
-- ----------------------------
INSERT INTO `tb_comment_media` VALUES (1, 1, 'https://pet-store-bucket.oss-cn-hangzhou.aliyuncs.com/golden_retriever_comment_2.png', 1, 0, '2025-12-13 10:35:56', '2025-12-13 10:35:56');
INSERT INTO `tb_comment_media` VALUES (2, 1, 'https://pet-store-bucket.oss-cn-hangzhou.aliyuncs.com/golden_retriever_comment_1.png', 1, 0, '2025-12-13 10:35:59', '2025-12-13 10:35:59');
INSERT INTO `tb_comment_media` VALUES (3, 12, 'https://pet-store-bucket.oss-cn-hangzhou.aliyuncs.com/golden_retriever_comment_video_1.mp4', 2, 0, '2025-12-13 10:43:49', '2025-12-13 10:43:49');
INSERT INTO `tb_comment_media` VALUES (4, 17, 'https://pet-store-bucket.oss-cn-hangzhou.aliyuncs.com/846d21db-38c5-4cfb-a499-0dba9560abe4_british_shorthair_comment_1.png', 1, 0, '2025-12-13 16:36:46', '2025-12-13 16:36:46');
INSERT INTO `tb_comment_media` VALUES (5, 17, 'https://pet-store-bucket.oss-cn-hangzhou.aliyuncs.com/3b2621cd-eb88-491e-9f3e-d2c9382ed647_british_shorthair_comment_2.png', 1, 0, '2025-12-13 16:37:07', '2025-12-13 16:37:07');
INSERT INTO `tb_comment_media` VALUES (6, 17, 'https://pet-store-bucket.oss-cn-hangzhou.aliyuncs.com/45909a88-f507-4351-96a5-d5f97b32b602_british_short_hair_comment_video.mp4', 2, 0, '2025-12-13 16:40:57', '2025-12-13 16:40:57');
INSERT INTO `tb_comment_media` VALUES (7, 20, 'https://pet-store-bucket.oss-cn-hangzhou.aliyuncs.com/410338d4-378c-478f-96a5-085df5f8a2e9_avatar.jpg', 1, 0, '2025-12-13 18:33:22', '2025-12-13 18:33:21');
INSERT INTO `tb_comment_media` VALUES (8, 20, 'https://pet-store-bucket.oss-cn-hangzhou.aliyuncs.com/b35eed15-f083-42bd-8cc3-0b731b5e0822_жҠ–йҹі20251127-058170.mp4', 2, 0, '2025-12-13 18:33:25', '2025-12-13 18:33:24');
INSERT INTO `tb_comment_media` VALUES (9, 24, 'https://pet-store-bucket.oss-cn-hangzhou.aliyuncs.com/golden_retriever_post_1.png', 1, 0, '2025-12-18 22:51:54', '2025-12-18 22:51:54');
INSERT INTO `tb_comment_media` VALUES (10, 26, 'https://pet-store-bucket.oss-cn-hangzhou.aliyuncs.com/british_shorthair_post1.png', 1, 0, '2025-12-18 22:51:56', '2025-12-18 22:51:56');
INSERT INTO `tb_comment_media` VALUES (11, 29, 'https://pet-store-bucket.oss-cn-hangzhou.aliyuncs.com/cat_post.mp4', 2, 1, '2025-12-18 22:52:07', '2025-12-21 21:04:39');
INSERT INTO `tb_comment_media` VALUES (12, 31, 'https://pet-store-bucket.oss-cn-hangzhou.aliyuncs.com/ceef34ac-68d1-4789-9545-9122bd13b7c1_british_shorthair_comment_2.png', 1, 0, '2025-12-19 11:27:47', '2025-12-19 11:27:47');
INSERT INTO `tb_comment_media` VALUES (13, 32, 'https://pet-store-bucket.oss-cn-hangzhou.aliyuncs.com/73ac69a0-8411-4a26-8500-e0538be9682d_british_shorthair_comment_2.png', 1, 0, '2025-12-19 11:29:37', '2025-12-19 11:29:37');
INSERT INTO `tb_comment_media` VALUES (14, 33, 'https://pet-store-bucket.oss-cn-hangzhou.aliyuncs.com/e1134a4a-f3b5-4321-8d4f-55f2a0af004f_british_short_hair_comment_video.mp4', 2, 0, '2025-12-19 11:39:16', '2025-12-19 11:39:15');
INSERT INTO `tb_comment_media` VALUES (15, 71, 'https://pet-store-bucket.oss-cn-hangzhou.aliyuncs.com/c8f47124-3e06-44c0-95c4-e44409ecc6f4_default_avatar.png', 1, 1, '2026-01-15 11:46:38', '2026-01-15 11:52:36');

-- ----------------------------
-- Table structure for tb_comment_super
-- ----------------------------
DROP TABLE IF EXISTS `tb_comment_super`;
CREATE TABLE `tb_comment_super`  (
  `id` bigint NOT NULL AUTO_INCREMENT COMMENT 'иҜ„и®әIDпјҢдё»й”®иҮӘеўһ',
  `object_id` bigint NOT NULL COMMENT 'иҜ„и®әеҜ№иұЎIDпјҢдёҚдёәз©әпјҢдёҺе•Ҷе“ҒиЎЁжҲ–её–еӯҗиЎЁе…іиҒ”',
  `user_id` bigint NOT NULL COMMENT 'иҜ„и®әдәәIDпјҢдёҚдёәз©әпјҢдёҺз”ЁжҲ·иЎЁе…іиҒ”',
  `parent_id` bigint NULL DEFAULT NULL COMMENT 'зҲ¶зә§иҜ„и®әIDпјҢй»ҳи®ӨдёәйЎ¶зә§иҜ„и®ә',
  `type` tinyint NOT NULL COMMENT 'иҜ„и®әзұ»еһӢпјҢдёҚдёәз©әпјҢ1-е•Ҷе“ҒиҜ„и®әпјҢ2-её–еӯҗиҜ„и®ә',
  `content` varchar(2048) CHARACTER SET utf8mb4 COLLATE utf8mb4_unicode_ci NOT NULL COMMENT 'иҜ„и®әеҶ…е®№пјҢдёҚдёәз©ә',
  `status` tinyint NULL DEFAULT 1 COMMENT 'иҜ„и®әзҠ¶жҖҒпјҢ1--е®Ўж ёдёӯпјҢ2-е®Ўж ёжҲҗеҠҹпјҢ3-е®Ўж ёеӨұиҙҘпјҢй»ҳи®Өдёә1',
  `delete_flag` tinyint NULL DEFAULT 0 COMMENT 'еҲ йҷӨж Үи®°пјҢ0-жңӘеҲ йҷӨпјҢ1-е·ІеҲ йҷӨпјҢй»ҳи®Өдёә0',
  `create_time` datetime NULL DEFAULT CURRENT_TIMESTAMP COMMENT 'еҲӣе»әж—¶й—ҙпјҢй»ҳи®ӨдёәжҸ’е…Ҙж—¶ж—¶й—ҙжҲі',
  `update_time` datetime NULL DEFAULT CURRENT_TIMESTAMP ON UPDATE CURRENT_TIMESTAMP COMMENT 'жӣҙж–°ж—¶й—ҙпјҢй»ҳи®ӨдёәжҸ’е…Ҙж—¶ж—¶й—ҙжҲіпјҢжҸ’е…Ҙж—¶иҮӘеҠЁжӣҙж–°',
  PRIMARY KEY (`id`) USING BTREE,
  INDEX `idx_user_id`(`user_id` ASC) USING BTREE,
  INDEX `idx_object_id`(`object_id` ASC) USING BTREE,
  INDEX `idx_parent_id`(`parent_id` ASC) USING BTREE
) ENGINE = InnoDB AUTO_INCREMENT = 97 CHARACTER SET = utf8mb4 COLLATE = utf8mb4_unicode_ci COMMENT = 'иҜ„и®әжҖ»иЎЁ' ROW_FORMAT = Dynamic;

-- ----------------------------
-- Records of tb_comment_super
-- ----------------------------
INSERT INTO `tb_comment_super` VALUES (1, 1, 1, NULL, 1, 'иҝҷдёӘе•Ҷе“ҒиҙЁйҮҸеҫҲеҘҪпјҢйқһеёёе–ңж¬ўпјҒ', 2, 0, '2025-12-12 19:54:51', '2026-01-15 11:56:40');
INSERT INTO `tb_comment_super` VALUES (2, 1, 2, NULL, 1, 'зү©жөҒеҫҲеҝ«пјҢеҢ…иЈ…д№ҹеҫҲд»”з»ҶпјҢдә”жҳҹеҘҪиҜ„пјҒ', 2, 0, '2025-12-12 19:54:58', '2026-01-15 11:56:41');
INSERT INTO `tb_comment_super` VALUES (3, 1, 3, NULL, 1, 'жҖ§д»·жҜ”еҫҲй«ҳпјҢдјҡжҺЁиҚҗз»ҷжңӢеҸӢзҡ„гҖӮ', 2, 0, '2025-12-12 19:55:14', '2026-01-15 11:56:42');
INSERT INTO `tb_comment_super` VALUES (4, 2, 1, NULL, 1, 'иҝҳдёҚй”ҷпјҢз¬ҰеҗҲжҸҸиҝ°гҖӮ', 2, 1, '2025-12-12 19:55:18', '2026-01-15 11:56:43');
INSERT INTO `tb_comment_super` VALUES (5, 2, 2, NULL, 1, 'жңүзӮ№е°Ҹз‘•з–өпјҢдҪҶжҖ»дҪ“иҝҳиЎҢгҖӮ', 2, 0, '2025-12-12 19:55:32', '2026-01-15 11:56:44');
INSERT INTO `tb_comment_super` VALUES (6, 3, 1, NULL, 1, 'йқһеёёж»Ўж„Ҹзҡ„дёҖж¬Ўиҙӯзү©дҪ“йӘҢгҖӮ', 2, 0, '2025-12-12 19:55:37', '2026-01-15 11:56:45');
INSERT INTO `tb_comment_super` VALUES (7, 3, 3, NULL, 1, 'еҸ‘иҙ§йҖҹеәҰеҫҲеҝ«пјҢе•Ҷе“Ғд№ҹдёҚй”ҷгҖӮ', 2, 0, '2025-12-12 19:55:47', '2026-01-15 11:56:46');
INSERT INTO `tb_comment_super` VALUES (8, 4, 2, NULL, 1, 'иҙЁйҮҸдёҖиҲ¬иҲ¬пјҢдёҚиҝҮд»·ж јдҫҝе®ңгҖӮ', 2, 0, '2025-12-12 19:55:52', '2026-01-15 11:56:47');
INSERT INTO `tb_comment_super` VALUES (9, 5, 1, NULL, 1, 'и¶…зә§е–ңж¬ўпјҢе·Із»ҸжҺЁиҚҗз»ҷжңӢеҸӢд»¬дәҶгҖӮ', 2, 0, '2025-12-12 19:55:59', '2026-01-15 11:56:48');
INSERT INTO `tb_comment_super` VALUES (10, 5, 3, NULL, 1, 'еҫҲдёҚй”ҷзҡ„йҖүжӢ©пјҢеҖјеҫ—иҙӯд№°гҖӮ', 2, 0, '2025-12-12 19:56:13', '2026-01-15 11:56:49');
INSERT INTO `tb_comment_super` VALUES (11, 1, 2, 1, 1, 'ж„ҹи°ўжӮЁзҡ„еҘҪиҜ„пјҢжҲ‘д»¬дјҡз»§з»ӯеҠӘеҠӣжҸҗдҫӣжӣҙеҘҪзҡ„е•Ҷе“Ғе’ҢжңҚеҠЎпјҒ', 2, 0, '2025-12-12 21:21:19', '2026-01-15 11:56:50');
INSERT INTO `tb_comment_super` VALUES (12, 1, 3, 1, 1, 'жҲ‘д№ҹи§үеҫ—иҝҷдёӘе•Ҷе“ҒеҫҲдёҚй”ҷпјҢжӯЈеңЁиҖғиҷ‘иҰҒдёҚиҰҒд№°дёҖдёӘгҖӮ', 2, 0, '2025-12-12 21:28:08', '2026-01-15 11:56:51');
INSERT INTO `tb_comment_super` VALUES (13, 1, 1, 11, 1, 'и°ўи°ўжӮЁзҡ„еӣһеӨҚпјҢжңҹеҫ…жӣҙеӨҡдјҳиҙЁе•Ҷе“ҒпјҒ', 2, 0, '2025-12-12 21:28:21', '2026-01-15 11:56:54');
INSERT INTO `tb_comment_super` VALUES (17, 2, 3, 4, 1, 'зҡ„зЎ®жҳҜеҫҲдёҚй”ҷзҡ„е•Ҷе“Ғ', 2, 0, '2025-12-13 16:20:15', '2026-01-15 11:56:55');
INSERT INTO `tb_comment_super` VALUES (18, 1, 1, NULL, 1, 'жҲ‘жҳҜеӨ§еӯҰз”ҹпјҢйҖҒжҲ‘', 2, 1, '2025-12-13 18:11:26', '2026-01-15 11:56:56');
INSERT INTO `tb_comment_super` VALUES (19, 1, 1, NULL, 1, 'wdf', 2, 1, '2025-12-13 18:30:07', '2026-01-15 11:56:57');
INSERT INTO `tb_comment_super` VALUES (20, 1, 1, NULL, 1, 'жҲ‘жҳҜеӨ§еӯҰз”ҹпјҢйҖҒжҲ‘', 2, 0, '2025-12-13 18:33:21', '2026-01-15 11:56:59');
INSERT INTO `tb_comment_super` VALUES (21, 1, 2, 20, 1, 'жҲ‘д№ҹиҰҒ', 2, 0, '2025-12-14 08:21:50', '2026-01-15 11:57:00');
INSERT INTO `tb_comment_super` VALUES (22, 2, 2, 5, 1, 'дёҚеҘҪж„ҸжҖқпјҢе•Ҷе“ҒиҝҳжҳҜеҫҲдёҚй”ҷзҡ„', 2, 0, '2025-12-14 08:36:10', '2026-01-15 11:57:01');
INSERT INTO `tb_comment_super` VALUES (23, 1, 2, 12, 1, 'еҘҪеҸҜзҲұе•Ҡ', 2, 0, '2025-12-14 08:49:37', '2026-01-15 11:57:02');
INSERT INTO `tb_comment_super` VALUES (24, 1, 2, NULL, 2, 'иҝҷзңҹжҳҜеӨӘжЈ’дәҶпјҒйҮ‘жҜӣзңӢиө·жқҘеҫҲејҖеҝғпјҒ', 2, 0, '2025-12-18 22:51:48', '2026-01-15 11:57:04');
INSERT INTO `tb_comment_super` VALUES (25, 1, 3, NULL, 2, 'жҲ‘е®¶зҡ„йҮ‘жҜӣд№ҹеҫҲе–ңж¬ўж°ҙпјҢжҜҸж¬Ўжҙ—жҫЎйғҪзү№еҲ«е…ҙеҘӢпјҒ', 2, 0, '2025-12-18 22:51:50', '2026-01-15 11:57:05');
INSERT INTO `tb_comment_super` VALUES (26, 2, 1, NULL, 2, 'ж•‘еҠ©жөҒжөӘзҢ«зңҹзҡ„еҫҲжңүж„Ҹд№үпјҢж„ҹи°ўеҲҶдә«пјҒ', 2, 0, '2025-12-18 22:51:52', '2026-01-15 11:57:06');
INSERT INTO `tb_comment_super` VALUES (27, 1, 1, 24, 2, 'жҳҜзҡ„пјҢйҮ‘жҜӣжҳҜжңҖеҸӢе–„зҡ„зҠ¬з§Қд№ӢдёҖпјҒ', 2, 0, '2025-12-18 22:51:59', '2026-01-15 11:57:07');
INSERT INTO `tb_comment_super` VALUES (28, 3, 2, NULL, 2, 'иҝҷдёӘй©ұиҷ«ж–№жі•еҫҲе®һз”ЁпјҢж”¶и—ҸдәҶпјҒ', 2, 0, '2025-12-18 22:52:00', '2026-01-15 11:57:09');
INSERT INTO `tb_comment_super` VALUES (29, 3, 3, NULL, 2, 'жҲ‘е®¶зҢ«е’Әз”ЁиҝҷдёӘж–№жі•д№ҹеҫҲжңүж•ҲжһңпјҒ', 2, 1, '2025-12-18 22:52:02', '2026-01-15 11:57:10');
INSERT INTO `tb_comment_super` VALUES (30, 3, 3, 29, 2, 'дёҚй”ҷдёҚй”ҷ', 2, 0, '2025-12-19 11:20:30', '2026-01-15 11:57:11');
INSERT INTO `tb_comment_super` VALUES (31, 3, 3, 30, 2, 'иҝҷдёӘжҳҜжҲ‘зҡ„зҢ«', 2, 0, '2025-12-19 11:27:46', '2026-01-15 11:57:12');
INSERT INTO `tb_comment_super` VALUES (32, 3, 3, 6, 1, 'жҲ‘д№ҹи§үеҫ—', 2, 0, '2025-12-19 11:29:37', '2026-01-15 11:57:13');
INSERT INTO `tb_comment_super` VALUES (33, 3, 3, 32, 1, 'жҲ‘зҡ„зҢ«еҘҪзңӢеҗ—', 2, 0, '2025-12-19 11:39:15', '2026-01-15 11:57:15');
INSERT INTO `tb_comment_super` VALUES (34, 3, 3, 29, 2, 'еҸҜд»ҘеҸҜд»Ҙ', 2, 1, '2025-12-19 16:36:49', '2026-01-15 11:57:16');
INSERT INTO `tb_comment_super` VALUES (37, 10, 3, NULL, 2, 'жІҷеҸ‘', 2, 1, '2025-12-20 16:57:42', '2026-01-15 11:57:17');
INSERT INTO `tb_comment_super` VALUES (38, 15, 1, NULL, 2, 'е…„ејҹпјҢжҲ‘д№ҹе–ңж¬ўиҝҷйҰ–жӯҢпјҢemoзҘһжӣІ', 2, 0, '2025-12-23 16:54:56', '2026-01-15 12:41:53');
INSERT INTO `tb_comment_super` VALUES (39, 16, 1, NULL, 2, 'жүҖд»Ҙе‘ҖпјҢжҲ‘иҜҘеҪ»еә•ж”ҫдёӢжҲ‘еҫҲе–ңж¬ўеҫҲеңЁж„Ҹзҡ„з”·еӯ©еӯҗвҖҰжҲ‘дёҚдјҡеҝҳи®°д»–зҡ„еҝғи·іеЈ°е’ҢзңјзқӣвҖҰж°ёиҝңйғҪдёҚдјҡеҝҳи®°пјҢhhhhпјҢжҲ‘дјҡеҘҪеҘҪзҡ„з”ҹжҙ»дёӢеҺ»пјҲиҷҪз„¶жҲ‘д№ҹдёҚеӨӘдҝЎпјүпјҢзҘқд»–иғҪжүҫеҲ°жӣҙзҲұд»–зҡ„еҗ§пјҢеёҢжңӣд»–з”ҹжҙ»иғҪжӣҙеҘҪ', 2, 0, '2025-12-26 20:56:12', '2026-01-15 11:57:19');
INSERT INTO `tb_comment_super` VALUES (55, 15, 3, 38, 2, 'иөһеҗҢпјҒ', 2, 0, '2026-01-02 21:00:57', '2026-01-15 11:57:24');
INSERT INTO `tb_comment_super` VALUES (56, 33, 4, NULL, 1, '111', 2, 1, '2026-01-13 21:56:55', '2026-01-15 11:57:25');
INSERT INTO `tb_comment_super` VALUES (57, 33, 4, NULL, 1, '1111', 2, 1, '2026-01-13 21:56:57', '2026-01-15 11:57:26');
INSERT INTO `tb_comment_super` VALUES (58, 33, 4, NULL, 1, '111', 2, 1, '2026-01-13 21:57:03', '2026-01-15 11:57:27');
INSERT INTO `tb_comment_super` VALUES (59, 33, 4, NULL, 1, '111', 2, 1, '2026-01-13 22:01:39', '2026-01-15 11:57:28');
INSERT INTO `tb_comment_super` VALUES (60, 33, 4, NULL, 1, '1111', 2, 1, '2026-01-13 22:01:41', '2026-01-15 11:57:29');
INSERT INTO `tb_comment_super` VALUES (61, 33, 4, NULL, 1, '111', 2, 1, '2026-01-13 22:01:42', '2026-01-15 11:57:30');
INSERT INTO `tb_comment_super` VALUES (62, 34, 4, NULL, 1, '11', 2, 1, '2026-01-13 22:07:40', '2026-01-15 11:57:31');
INSERT INTO `tb_comment_super` VALUES (63, 34, 4, NULL, 1, '11', 2, 1, '2026-01-13 22:07:41', '2026-01-15 11:57:32');
INSERT INTO `tb_comment_super` VALUES (64, 34, 4, NULL, 1, '11', 2, 1, '2026-01-13 22:07:42', '2026-01-15 11:57:33');
INSERT INTO `tb_comment_super` VALUES (65, 35, 4, NULL, 2, '222', 2, 1, '2026-01-13 22:11:06', '2026-01-15 11:57:34');
INSERT INTO `tb_comment_super` VALUES (66, 35, 4, NULL, 1, '11', 2, 1, '2026-01-15 11:42:26', '2026-01-15 11:57:35');
INSERT INTO `tb_comment_super` VALUES (67, 35, 4, NULL, 1, '1111', 2, 1, '2026-01-15 11:42:28', '2026-01-15 11:57:37');
INSERT INTO `tb_comment_super` VALUES (68, 35, 3, NULL, 1, '222', 2, 1, '2026-01-15 11:42:51', '2026-01-15 11:57:38');
INSERT INTO `tb_comment_super` VALUES (69, 35, 3, NULL, 1, '222', 2, 1, '2026-01-15 11:45:44', '2026-01-15 11:57:39');
INSERT INTO `tb_comment_super` VALUES (70, 35, 3, NULL, 1, '222', 2, 1, '2026-01-15 11:45:47', '2026-01-15 11:57:40');
INSERT INTO `tb_comment_super` VALUES (71, 35, 4, NULL, 1, '222', 2, 1, '2026-01-15 11:46:37', '2026-01-15 11:57:41');
INSERT INTO `tb_comment_super` VALUES (72, 35, 3, NULL, 1, '3333', 2, 1, '2026-01-15 11:52:25', '2026-01-15 11:57:42');
INSERT INTO `tb_comment_super` VALUES (73, 35, 4, NULL, 1, 'еҚ§ж§Ҫ', 3, 1, '2026-01-15 12:15:06', '2026-01-15 12:27:24');
INSERT INTO `tb_comment_super` VALUES (74, 35, 4, NULL, 1, 'жөӢиҜ•жӯЈеёёйҖҡиҝҮе®Ўж ёзҡ„иҜ„и®ә', 2, 1, '2026-01-15 12:24:28', '2026-01-15 12:27:24');
INSERT INTO `tb_comment_super` VALUES (75, 35, 4, NULL, 1, 'еҚ§ж§ҪдҪ еҰҲ', 3, 1, '2026-01-15 12:25:40', '2026-01-15 12:27:24');
INSERT INTO `tb_comment_super` VALUES (76, 35, 4, NULL, 1, 'еҚ§ж§ҪпјҢжөӢиҜ•жүӢеҠЁе®Ўж ё', 2, 1, '2026-01-15 12:27:47', '2026-01-15 12:31:01');
INSERT INTO `tb_comment_super` VALUES (77, 35, 4, NULL, 1, 'еҚ§ж§Ҫ', 3, 0, '2026-01-15 12:36:19', '2026-01-15 12:37:00');
INSERT INTO `tb_comment_super` VALUES (78, 15, 4, NULL, 2, 'еҘҪеҗ¬зҲұеҗ¬', 2, 0, '2026-01-15 12:47:06', '2026-01-15 12:48:01');
INSERT INTO `tb_comment_super` VALUES (79, 40, 1, NULL, 2, '111', 2, 1, '2026-02-10 15:00:17', '2026-02-10 15:14:57');
INSERT INTO `tb_comment_super` VALUES (80, 41, 1, NULL, 2, '111', 2, 1, '2026-02-10 15:16:23', '2026-02-10 16:44:48');
INSERT INTO `tb_comment_super` VALUES (81, 41, 1, NULL, 2, '222', 2, 1, '2026-02-10 15:17:51', '2026-02-10 16:44:48');
INSERT INTO `tb_comment_super` VALUES (82, 47, 1, NULL, 2, 'жөӢиҜ•websocketиҜ„и®әе®Ўж ё', 2, 0, '2026-02-14 22:04:30', '2026-02-14 22:05:01');
INSERT INTO `tb_comment_super` VALUES (83, 47, 1, 82, 2, 'иҮӘе·ұз»ҷиҮӘе·ұеӣһеӨҚпјҢдёҚеҸ‘йҖҡзҹҘ', 2, 0, '2026-02-14 22:16:01', '2026-02-14 22:17:01');
INSERT INTO `tb_comment_super` VALUES (84, 7, 1, NULL, 1, 'еҸ‘дёҖжқЎиҜ„и®әжөӢиҜ•иҜ„и®әйҖҡзҹҘ', 2, 0, '2026-02-14 22:18:03', '2026-02-14 22:19:00');
INSERT INTO `tb_comment_super` VALUES (85, 7, 3, 84, 1, 'websocketйҖҡзҹҘжөӢиҜ•', 2, 0, '2026-02-14 22:19:37', '2026-02-14 22:20:00');
INSERT INTO `tb_comment_super` VALUES (86, 7, 3, 84, 1, 'websocketйҖҡзҹҘжөӢиҜ•2', 2, 0, '2026-02-14 22:23:53', '2026-02-14 22:24:01');
INSERT INTO `tb_comment_super` VALUES (87, 7, 3, 84, 1, 'websocketйҖҡзҹҘжөӢиҜ•3', 2, 0, '2026-02-14 22:29:34', '2026-02-14 22:30:00');
INSERT INTO `tb_comment_super` VALUES (88, 7, 3, 84, 1, 'websocketйҖҡзҹҘжөӢиҜ•4', 2, 0, '2026-02-14 22:31:49', '2026-02-14 22:32:01');
INSERT INTO `tb_comment_super` VALUES (89, 47, 1, 82, 2, 'иҮӘе·ұз»ҷиҮӘе·ұеӣһеӨҚжөӢиҜ•', 2, 0, '2026-02-14 22:37:08', '2026-02-14 22:38:01');
INSERT INTO `tb_comment_super` VALUES (90, 47, 1, 82, 2, 'иҮӘе·ұз»ҷиҮӘе·ұеӣһеӨҚжөӢиҜ•2', 2, 0, '2026-02-14 22:41:55', '2026-02-14 22:42:00');
INSERT INTO `tb_comment_super` VALUES (91, 47, 3, 82, 2, 'е…¶д»–дәәеӣһеӨҚжөӢиҜ•', 2, 0, '2026-02-14 22:42:33', '2026-02-14 22:43:00');
INSERT INTO `tb_comment_super` VALUES (92, 7, 3, 84, 1, 'жөӢиҜ•иҜ„и®ә', 2, 0, '2026-02-14 23:05:57', '2026-02-14 23:06:01');
INSERT INTO `tb_comment_super` VALUES (93, 7, 3, 84, 1, 'еӣһеӨҚж¶ҲжҒҜпјҢжөӢиҜ•RabbitMQиҜ„и®әе®Ўж ё', 1, 1, '2026-02-21 17:16:51', '2026-02-21 17:18:29');
INSERT INTO `tb_comment_super` VALUES (94, 7, 3, 84, 1, 'жөӢиҜ•RabbitMQе®Ўж ёиҜ„и®ә', 2, 0, '2026-02-21 17:23:50', '2026-02-21 17:23:51');
INSERT INTO `tb_comment_super` VALUES (95, 7, 3, 84, 1, 'еҚ§ж§ҪпјҢжөӢиҜ•RabbitMQе®Ўж ё', 3, 0, '2026-02-21 17:24:31', '2026-02-21 17:24:31');
INSERT INTO `tb_comment_super` VALUES (96, 7, 1, 84, 1, 'иҮӘе·ұз»ҷиҮӘе·ұеӣһеӨҚ', 2, 0, '2026-02-21 17:24:48', '2026-02-21 17:24:48');

-- ----------------------------
-- Table structure for tb_message
-- ----------------------------
DROP TABLE IF EXISTS `tb_message`;
CREATE TABLE `tb_message`  (
  `id` bigint NOT NULL AUTO_INCREMENT COMMENT 'ж¶ҲжҒҜIDпјҢдё»й”®иҮӘеўһ',
  `receive_user_id` bigint NOT NULL COMMENT 'жҺҘж”¶ж¶ҲжҒҜзҡ„з”ЁжҲ·ID',
  `send_user_id` bigint NOT NULL COMMENT 'еҸ‘йҖҒж¶ҲжҒҜзҡ„з”ЁжҲ·IDпјҲеҪ“еүҚеҸӘиғҪз®ЎзҗҶе‘ҳеҸ‘йҖҒж¶ҲжҒҜпјҢеҗҺз»ӯеҸҜд»ҘеҖҹжӯӨејҖеҸ‘еҘҪеҸӢе…іжіЁеҸ‘з§ҒдҝЎзҡ„еҠҹиғҪпјү',
  `type` tinyint NULL DEFAULT NULL COMMENT 'ж¶ҲжҒҜзұ»еһӢпјҢ1-зі»з»ҹж¶ҲжҒҜпјҢ2-иҒҠеӨ©ж¶ҲжҒҜпјҢ3-е•Ҷе“ҒеҚЎзүҮж¶ҲжҒҜпјҢ4-и®ўеҚ•еҚЎзүҮж¶ҲжҒҜпјҢ5-еӘ’дҪ“ж¶ҲжҒҜ',
  `message` varchar(2048) CHARACTER SET utf8mb4 COLLATE utf8mb4_unicode_ci NULL DEFAULT NULL COMMENT 'ж¶ҲжҒҜеҶ…е®№',
  `status` tinyint NULL DEFAULT NULL COMMENT 'е·ІиҜ»ж Үи®°пјҢ0-жңӘиҜ»пјҢ1-е·ІиҜ»',
  `delete_flag` tinyint NULL DEFAULT 0 COMMENT 'еҲ йҷӨж Үи®°пјҢ0-жңӘеҲ йҷӨпјҢ1-е·ІеҲ йҷӨпјҢй»ҳи®Өдёә0',
  `create_time` datetime NULL DEFAULT CURRENT_TIMESTAMP COMMENT 'еҲӣе»әж—¶й—ҙпјҢй»ҳи®ӨдёәжҸ’е…Ҙж—¶ж—¶й—ҙжҲі',
  `update_time` datetime NULL DEFAULT CURRENT_TIMESTAMP ON UPDATE CURRENT_TIMESTAMP COMMENT 'жӣҙж–°ж—¶й—ҙпјҢй»ҳи®ӨдёәжҸ’е…Ҙж—¶ж—¶й—ҙжҲіпјҢжҸ’е…Ҙж—¶иҮӘеҠЁжӣҙж–°',
  PRIMARY KEY (`id`) USING BTREE,
  INDEX `idx_receive_user_id`(`receive_user_id` ASC) USING BTREE,
  INDEX `idx_send_user_id`(`send_user_id` ASC) USING BTREE
) ENGINE = InnoDB AUTO_INCREMENT = 92 CHARACTER SET = utf8mb4 COLLATE = utf8mb4_unicode_ci COMMENT = 'ж¶ҲжҒҜиЎЁ' ROW_FORMAT = Dynamic;

-- ----------------------------
-- Records of tb_message
-- ----------------------------
INSERT INTO `tb_message` VALUES (3, 4, 1, 5, NULL, 1, 0, '2026-02-13 23:44:16', '2026-02-14 00:25:15');
INSERT INTO `tb_message` VALUES (4, 1, 4, 2, 'дҪ еҘҪ', 1, 0, '2026-02-14 00:05:17', '2026-02-14 00:32:41');
INSERT INTO `tb_message` VALUES (5, 1, 4, 2, 'дҪ еҘҪ', 1, 0, '2026-02-14 00:07:46', '2026-02-14 00:32:41');
INSERT INTO `tb_message` VALUES (6, 4, 1, 5, NULL, 1, 0, '2026-02-14 00:07:54', '2026-02-14 00:27:34');
INSERT INTO `tb_message` VALUES (7, 1, 4, 2, 'дҪ еҘҪ', 1, 0, '2026-02-14 00:09:16', '2026-02-14 00:32:41');
INSERT INTO `tb_message` VALUES (8, 4, 1, 5, NULL, 1, 0, '2026-02-14 00:09:22', '2026-02-14 00:27:34');
INSERT INTO `tb_message` VALUES (9, 1, 4, 2, 'дҪ еҘҪ', 1, 0, '2026-02-14 00:11:15', '2026-02-14 00:32:41');
INSERT INTO `tb_message` VALUES (10, 1, 4, 2, 'дҪ еҘҪ', 1, 0, '2026-02-14 00:22:02', '2026-02-14 00:32:41');
INSERT INTO `tb_message` VALUES (11, 4, 1, 2, 'дҪ еҘҪ', 1, 0, '2026-02-14 00:22:06', '2026-02-14 00:25:15');
INSERT INTO `tb_message` VALUES (12, 4, 1, 5, NULL, 1, 0, '2026-02-14 00:22:13', '2026-02-14 00:25:15');
INSERT INTO `tb_message` VALUES (13, 4, 2, 2, 'дҪ еҘҪ', 1, 0, '2026-02-14 00:35:47', '2026-02-14 00:35:46');
INSERT INTO `tb_message` VALUES (14, 4, 2, 2, 'дҪ еҘҪ', 1, 0, '2026-02-14 00:35:56', '2026-02-14 00:35:58');
INSERT INTO `tb_message` VALUES (15, 1, 4, 2, 'дҪ еҘҪ', 1, 0, '2026-02-14 00:42:41', '2026-02-14 00:43:00');
INSERT INTO `tb_message` VALUES (16, 1, 4, 2, 'жөӢиҜ•', 1, 0, '2026-02-14 00:46:35', '2026-02-14 00:47:14');
INSERT INTO `tb_message` VALUES (17, 2, 4, 2, 'дҪ еҘҪ', 1, 0, '2026-02-14 01:05:26', '2026-02-14 01:05:30');
INSERT INTO `tb_message` VALUES (18, 2, 4, 5, NULL, 1, 0, '2026-02-14 01:06:15', '2026-02-14 01:06:19');
INSERT INTO `tb_message` VALUES (19, 4, 2, 2, 'дҪ еҘҪ', 1, 0, '2026-02-14 10:13:12', '2026-02-14 10:13:15');
INSERT INTO `tb_message` VALUES (20, 4, 3, 2, 'дҪ еҘҪ', 1, 0, '2026-02-14 10:31:16', '2026-02-14 10:31:15');
INSERT INTO `tb_message` VALUES (21, 3, 4, 2, 'дҪ еҘҪ', 1, 0, '2026-02-14 10:31:23', '2026-02-14 10:33:24');
INSERT INTO `tb_message` VALUES (22, 4, 3, 2, 'дҪ еҘҪ', 1, 0, '2026-02-14 10:33:12', '2026-02-14 10:33:11');
INSERT INTO `tb_message` VALUES (23, 1, 4, 2, 'дҪ еҘҪ', 1, 0, '2026-02-14 11:01:31', '2026-02-14 12:16:17');
INSERT INTO `tb_message` VALUES (24, 2, 4, 2, 'жөӢиҜ•ж–°ж¶ҲжҒҜ', 0, 0, '2026-02-14 11:03:16', '2026-02-14 11:03:16');
INSERT INTO `tb_message` VALUES (25, 1, 4, 2, 'жөӢиҜ•ж–°ж¶ҲжҒҜ', 1, 0, '2026-02-14 11:03:31', '2026-02-14 12:16:17');
INSERT INTO `tb_message` VALUES (26, 3, 4, 2, 'дҪ еҘҪ', 1, 0, '2026-02-14 11:10:02', '2026-02-14 11:10:03');
INSERT INTO `tb_message` VALUES (27, 3, 4, 2, 'жөӢиҜ•', 1, 0, '2026-02-14 11:10:31', '2026-02-14 11:10:33');
INSERT INTO `tb_message` VALUES (28, 4, 3, 2, 'жөӢиҜ•е•Ҷе“ҒеҚЎзүҮ', 1, 0, '2026-02-14 11:52:44', '2026-02-14 11:52:50');
INSERT INTO `tb_message` VALUES (29, 4, 3, 3, '{\"productId\":36,\"name\":\"es test1\",\"price\":1,\"image\":\"https://pet-store-bucket.oss-cn-hangzhou.aliyuncs.com/b3842cb3-3c28-4017-b38b-508ce1895712_unnamed.png\",\"status\":1}', 1, 0, '2026-02-14 11:52:45', '2026-02-14 11:52:50');
INSERT INTO `tb_message` VALUES (30, 4, 3, 3, '{\"productId\":36,\"name\":\"es test1\",\"price\":1,\"image\":\"https://pet-store-bucket.oss-cn-hangzhou.aliyuncs.com/b3842cb3-3c28-4017-b38b-508ce1895712_unnamed.png\",\"status\":1}', 1, 0, '2026-02-14 11:55:58', '2026-02-14 11:55:57');
INSERT INTO `tb_message` VALUES (31, 4, 3, 2, 'жөӢиҜ•е•Ҷе“ҒеҚЎзүҮ2', 1, 0, '2026-02-14 11:55:58', '2026-02-14 11:55:57');
INSERT INTO `tb_message` VALUES (32, 4, 1, 4, '{\"orderId\":9,\"productName\":\"йҮ‘жҜӣзҠ¬\",\"totalAmount\":2500,\"status\":1,\"createTime\":\"2025-12-14 23:27:42\",\"imgUrl\":\"https://pet-store-bucket.oss-cn-hangzhou.aliyuncs.com/golden_retriever_1.png\",\"totalCount\":1}', 1, 0, '2026-02-14 12:21:43', '2026-02-14 12:21:46');
INSERT INTO `tb_message` VALUES (33, 4, 1, 2, 'жөӢиҜ•и®ўеҚ•еҚЎзүҮ', 1, 0, '2026-02-14 12:21:43', '2026-02-14 12:21:46');
INSERT INTO `tb_message` VALUES (34, 1, 4, 2, 'жөӢиҜ•еҚЎзүҮеҠҹиғҪжҲҗеҠҹ', 1, 0, '2026-02-14 12:27:23', '2026-02-14 12:27:34');
INSERT INTO `tb_message` VALUES (35, 4, 1, 2, 'еңЁеҗ—', 1, 0, '2026-02-14 12:34:10', '2026-02-14 12:34:30');
INSERT INTO `tb_message` VALUES (36, 4, 1, 2, 'жңүй—®йўҳжғіе’ЁиҜў', 1, 0, '2026-02-14 12:36:07', '2026-02-14 12:42:48');
INSERT INTO `tb_message` VALUES (37, 4, 1, 2, 'дҪ еҘҪ', 1, 0, '2026-02-14 12:42:38', '2026-02-14 12:42:48');
INSERT INTO `tb_message` VALUES (38, 1, 4, 2, 'еңЁзҡ„дәІдәІ', 1, 0, '2026-02-14 12:43:01', '2026-02-14 12:43:11');
INSERT INTO `tb_message` VALUES (39, 1, 4, 2, 'дәІдәІжңүд»Җд№Ҳй—®йўҳеҗ—', 1, 0, '2026-02-14 12:58:12', '2026-02-14 12:58:19');
INSERT INTO `tb_message` VALUES (40, 4, 1, 2, 'жІЎжңүдәҶ', 1, 0, '2026-02-14 12:58:26', '2026-02-14 12:58:33');
INSERT INTO `tb_message` VALUES (41, 1, 4, 2, 'еҘҪзҡ„дәІдәІ', 1, 0, '2026-02-14 13:03:30', '2026-02-14 13:09:02');
INSERT INTO `tb_message` VALUES (42, 1, 4, 2, 'жөӢиҜ•жңҖж–°ж¶ҲжҒҜ', 1, 0, '2026-02-14 13:05:27', '2026-02-14 13:09:02');
INSERT INTO `tb_message` VALUES (43, 1, 4, 2, 'жөӢиҜ•', 1, 0, '2026-02-14 13:07:06', '2026-02-14 13:09:02');
INSERT INTO `tb_message` VALUES (44, 1, 4, 2, 'жөӢиҜ•', 1, 0, '2026-02-14 13:08:32', '2026-02-14 13:09:02');
INSERT INTO `tb_message` VALUES (45, 4, 1, 2, 'жөӢиҜ•ж–°ж¶ҲжҒҜ', 1, 0, '2026-02-14 13:09:08', '2026-02-14 13:09:33');
INSERT INTO `tb_message` VALUES (46, 1, 4, 2, 'з®ЎзҗҶе‘ҳеҸ‘ж¶ҲжҒҜ', 1, 0, '2026-02-14 13:19:37', '2026-02-14 13:20:16');
INSERT INTO `tb_message` VALUES (47, 4, 1, 2, 'жҷ®йҖҡз”ЁжҲ·еҸ‘ж¶ҲжҒҜ', 1, 0, '2026-02-14 13:20:22', '2026-02-14 13:20:49');
INSERT INTO `tb_message` VALUES (48, 4, 1, 2, 'жөӢиҜ•ж–°ж¶ҲжҒҜ', 1, 0, '2026-02-14 13:27:47', '2026-02-14 13:28:06');
INSERT INTO `tb_message` VALUES (49, 4, 1, 2, 'еҶҚж¬ЎжөӢиҜ•ж–°ж¶ҲжҒҜ', 1, 0, '2026-02-14 13:28:53', '2026-02-14 13:29:01');
INSERT INTO `tb_message` VALUES (50, 1, 4, 2, 'з®ЎзҗҶе‘ҳеӣһдҝЎж¶ҲжҒҜ', 1, 0, '2026-02-14 13:29:25', '2026-02-14 13:29:35');
INSERT INTO `tb_message` VALUES (51, 1, 4, 2, 'еҶҚж¬ЎеӣһдҝЎ', 1, 0, '2026-02-14 13:29:47', '2026-02-14 13:29:49');
INSERT INTO `tb_message` VALUES (52, 1, 4, 2, 'жөӢиҜ•з”ЁжҲ·ж–°ж¶ҲжҒҜж Үи®°', 1, 0, '2026-02-14 13:36:41', '2026-02-14 13:36:49');
INSERT INTO `tb_message` VALUES (53, 1, 4, 2, 'жөӢиҜ•1', 1, 0, '2026-02-14 13:36:47', '2026-02-14 13:36:49');
INSERT INTO `tb_message` VALUES (54, 1, 4, 2, 'жөӢиҜ•дёҚеңЁзәҝж—¶жңүж–°ж¶ҲжҒҜ', 1, 0, '2026-02-14 13:37:01', '2026-02-14 13:37:16');
INSERT INTO `tb_message` VALUES (55, 1, 4, 2, '1', 1, 0, '2026-02-14 13:37:01', '2026-02-14 13:37:16');
INSERT INTO `tb_message` VALUES (56, 1, 4, 2, '2', 1, 0, '2026-02-14 13:37:02', '2026-02-14 13:37:16');
INSERT INTO `tb_message` VALUES (57, 1, 4, 2, '3', 1, 0, '2026-02-14 13:37:03', '2026-02-14 13:37:16');
INSERT INTO `tb_message` VALUES (58, 1, 4, 2, '4', 1, 0, '2026-02-14 13:37:03', '2026-02-14 13:37:16');
INSERT INTO `tb_message` VALUES (59, 1, 4, 2, '5', 1, 0, '2026-02-14 13:37:04', '2026-02-14 13:37:16');
INSERT INTO `tb_message` VALUES (60, 1, 4, 2, '6', 1, 0, '2026-02-14 13:37:04', '2026-02-14 13:37:16');
INSERT INTO `tb_message` VALUES (61, 1, 4, 2, '7', 1, 0, '2026-02-14 13:37:05', '2026-02-14 13:37:16');
INSERT INTO `tb_message` VALUES (62, 1, 4, 2, '8', 1, 0, '2026-02-14 13:37:05', '2026-02-14 13:37:16');
INSERT INTO `tb_message` VALUES (63, 1, 4, 2, '9', 1, 0, '2026-02-14 13:37:07', '2026-02-14 13:37:16');
INSERT INTO `tb_message` VALUES (64, 1, 4, 2, '10', 1, 0, '2026-02-14 13:37:08', '2026-02-14 13:37:16');
INSERT INTO `tb_message` VALUES (65, 4, 1, 2, 'з”ЁжҲ·з«ҜжӯЈеёёпјҢеӣһеӨҚ', 1, 0, '2026-02-14 13:37:39', '2026-02-14 13:37:38');
INSERT INTO `tb_message` VALUES (66, 4, 1, 2, 'иҝҷжҳҜuser1еҸ‘йҖҒзҡ„ж¶ҲжҒҜ', 1, 0, '2026-02-14 16:27:33', '2026-02-14 16:27:46');
INSERT INTO `tb_message` VALUES (67, 4, 1, 2, 'е…ій—ӯеҜ№иҜқжЎҶ', 1, 0, '2026-02-14 16:27:42', '2026-02-14 16:27:46');
INSERT INTO `tb_message` VALUES (68, 1, 4, 2, 'з®ЎзҗҶе‘ҳеӣһеӨҚж¶ҲжҒҜ', 1, 0, '2026-02-14 16:27:52', '2026-02-14 16:28:06');
INSERT INTO `tb_message` VALUES (69, 1, 4, 2, 'з”ЁжҲ·з«Ҝдјҡжңүж¶ҲжҒҜеҮәзҺ°жҸҗзӨә', 1, 0, '2026-02-14 16:28:01', '2026-02-14 16:28:06');
INSERT INTO `tb_message` VALUES (70, 4, 1, 2, 'еҸҜд»ҘеҸ‘йҖҒеӣҫзүҮе’Ңи§Ҷйў‘', 1, 0, '2026-02-14 16:28:22', '2026-02-14 16:28:21');
INSERT INTO `tb_message` VALUES (71, 4, 1, 5, NULL, 1, 0, '2026-02-14 16:28:28', '2026-02-14 16:28:27');
INSERT INTO `tb_message` VALUES (72, 4, 1, 2, 'еңЁе•Ҷе“Ғе’Ңи®ўеҚ•йЎөйқўеҸҜд»ҘеҸ‘йҖҒе•Ҷе“Ғе’Ңи®ўеҚ•еҚЎзүҮ', 1, 0, '2026-02-14 16:28:57', '2026-02-14 16:28:56');
INSERT INTO `tb_message` VALUES (73, 4, 1, 3, '{\"productId\":35,\"name\":\"test\",\"price\":1,\"image\":\"https://pet-store-bucket.oss-cn-hangzhou.aliyuncs.com/a1fb8b4a-a87d-43de-adce-3bdb282de261_default_avatar.png\",\"status\":1}', 1, 0, '2026-02-14 16:29:13', '2026-02-14 16:29:13');
INSERT INTO `tb_message` VALUES (74, 4, 1, 2, 'еҸ‘йҖҒе•Ҷе“ҒеҚЎзүҮ', 1, 0, '2026-02-14 16:29:13', '2026-02-14 16:29:13');
INSERT INTO `tb_message` VALUES (75, 1, 4, 2, 'з®ЎзҗҶе‘ҳзӮ№еҮ»еҚЎзүҮеҸҜд»ҘзңӢеҲ°е…·дҪ“зҡ„е•Ҷе“ҒиҜҰжғ…', 1, 0, '2026-02-14 16:29:38', '2026-02-14 16:29:47');
INSERT INTO `tb_message` VALUES (76, 4, 1, 2, 'з”ЁжҲ·зӮ№еҮ»е’ЁиҜўи®ўеҚ•еҸҜд»Ҙе°ҶиҮӘе·ұзҡ„и®ўеҚ•еҸ‘з»ҷз®ЎзҗҶе‘ҳ', 1, 0, '2026-02-14 16:30:00', '2026-02-14 16:29:59');
INSERT INTO `tb_message` VALUES (77, 4, 1, 4, '{\"orderId\":9,\"productName\":\"йҮ‘жҜӣзҠ¬\",\"totalAmount\":2500,\"status\":1,\"createTime\":\"2025-12-14 23:27:42\",\"imgUrl\":\"https://pet-store-bucket.oss-cn-hangzhou.aliyuncs.com/golden_retriever_1.png\",\"totalCount\":1}', 1, 0, '2026-02-14 16:30:07', '2026-02-14 16:30:07');
INSERT INTO `tb_message` VALUES (78, 4, 1, 2, 'з”ЁжҲ·е’ЁиҜўи®ўеҚ•', 1, 0, '2026-02-14 16:30:07', '2026-02-14 16:30:07');
INSERT INTO `tb_message` VALUES (79, 1, 4, 2, 'з®ЎзҗҶе‘ҳзӮ№еҮ»жҹҘзңӢиҜҰжғ…еҸҜд»Ҙи·іиҪ¬еҲ°и®ўеҚ•з®ЎзҗҶйЎөйқў', 1, 0, '2026-02-14 16:30:26', '2026-02-14 16:30:38');
INSERT INTO `tb_message` VALUES (80, 4, 1, 2, 'з”ЁжҲ·д№ҹеҸҜд»ҘйҖүжӢ©дёҚеҸ‘йҖҒи®ўеҚ•', 1, 0, '2026-02-14 16:30:50', '2026-02-14 16:30:50');
INSERT INTO `tb_message` VALUES (81, 4, 1, 2, 'з®ЎзҗҶе‘ҳеҸҜд»ҘйҖҖеҮәпјҢз”ЁжҲ·дҫқж—§еҸҜд»ҘеҸ‘ж¶ҲжҒҜ', 1, 0, '2026-02-14 16:31:19', '2026-02-14 16:31:28');
INSERT INTO `tb_message` VALUES (82, 1, 4, 2, 'з”ЁжҲ·д№ҹеҸҜд»ҘйҖҖеҮәпјҢз®ЎзҗҶе‘ҳд№ҹеҸҜд»ҘеҸ‘ж¶ҲжҒҜпјҢеҪ“еүҚз”ЁжҲ·еңЁзәҝпјҢзҺ°еңЁдҪҝе…¶дёӢзәҝ', 1, 0, '2026-02-14 16:31:59', '2026-02-14 16:32:10');
INSERT INTO `tb_message` VALUES (83, 4, 1, 2, 'з”ЁжҲ·зңӢеҲ°дәҶеҺҶеҸІж¶ҲжҒҜ', 1, 0, '2026-02-14 16:32:16', '2026-02-14 16:32:16');
INSERT INTO `tb_message` VALUES (84, 4, 1, 5, NULL, 1, 0, '2026-02-14 16:36:49', '2026-02-14 16:36:48');
INSERT INTO `tb_message` VALUES (85, 4, 1, 2, 'еҸҜд»ҘеҸ‘йҖҒеӣҫзүҮе’Ңи§Ҷйў‘', 1, 0, '2026-02-14 16:36:49', '2026-02-14 16:36:48');
INSERT INTO `tb_message` VALUES (86, 4, 7, 2, 'еңЁеҗ—', 1, 0, '2026-02-14 16:48:09', '2026-02-14 16:48:09');
INSERT INTO `tb_message` VALUES (87, 7, 4, 2, 'еңЁзҡ„дәІдәІ', 0, 0, '2026-02-14 16:48:42', '2026-02-14 16:48:42');
INSERT INTO `tb_message` VALUES (88, 1, 4, 2, 'еңЁеҗ—иҖҒејҹ', 1, 0, '2026-02-14 20:16:35', '2026-02-14 20:16:37');
INSERT INTO `tb_message` VALUES (89, 4, 1, 2, 'nnd', 1, 0, '2026-02-14 20:16:59', '2026-02-14 20:16:58');
INSERT INTO `tb_message` VALUES (90, 4, 1, 2, 'еңЁеҗ—', 1, 0, '2026-02-20 23:50:00', '2026-02-20 23:50:03');
INSERT INTO `tb_message` VALUES (91, 1, 4, 2, 'еңЁзҡ„дәІдәІ', 1, 0, '2026-02-20 23:50:09', '2026-02-20 23:50:11');

-- ----------------------------
-- Table structure for tb_message_latest
-- ----------------------------
DROP TABLE IF EXISTS `tb_message_latest`;
CREATE TABLE `tb_message_latest`  (
  `id` bigint NOT NULL AUTO_INCREMENT COMMENT 'жңҖиҝ‘ж¶ҲжҒҜIDпјҢдё»й”®иҮӘеўһ',
  `send_user_id` bigint NOT NULL COMMENT 'з”ЁжҲ·IDпјҢдёҺз”ЁжҲ·иЎЁе…іиҒ”',
  `receive_user_id` bigint NULL DEFAULT NULL COMMENT 'з”ЁжҲ·IDпјҢдёҺз”ЁжҲ·иЎЁе…іиҒ”',
  `message_id` bigint NOT NULL COMMENT 'ж¶ҲжҒҜIDпјҢдёҺж¶ҲжҒҜиЎЁе…іиҒ”',
  `delete_flag` tinyint NULL DEFAULT 0 COMMENT 'еҲ йҷӨж Үи®°пјҢ0-жңӘеҲ йҷӨпјҢ1-е·ІеҲ йҷӨ',
  `create_time` datetime NULL DEFAULT CURRENT_TIMESTAMP COMMENT 'еҲӣе»әж—¶й—ҙпјҢй»ҳи®ӨдёәжҸ’е…Ҙж—¶ж—¶й—ҙжҲі',
  `update_time` datetime NULL DEFAULT CURRENT_TIMESTAMP ON UPDATE CURRENT_TIMESTAMP COMMENT 'жӣҙж–°ж—¶й—ҙпјҢй»ҳи®ӨдёәжҸ’е…Ҙж—¶ж—¶й—ҙжҲіпјҢжҸ’е…Ҙж—¶иҮӘеҠЁжӣҙж–°',
  PRIMARY KEY (`id`) USING BTREE,
  INDEX `idx_user_id`(`send_user_id` ASC) USING BTREE,
  INDEX `idx_message_id`(`message_id` ASC) USING BTREE
) ENGINE = InnoDB AUTO_INCREMENT = 10 CHARACTER SET = utf8mb4 COLLATE = utf8mb4_0900_ai_ci COMMENT = 'жңҖиҝ‘ж¶ҲжҒҜиЎЁ' ROW_FORMAT = Dynamic;

-- ----------------------------
-- Records of tb_message_latest
-- ----------------------------
INSERT INTO `tb_message_latest` VALUES (1, 1, 4, 91, 0, '2026-02-13 23:44:16', '2026-02-20 23:50:09');
INSERT INTO `tb_message_latest` VALUES (3, 2, 4, 24, 0, '2026-02-14 00:35:47', '2026-02-14 13:15:06');
INSERT INTO `tb_message_latest` VALUES (4, 3, 4, 31, 0, '2026-02-14 10:31:16', '2026-02-14 13:15:06');
INSERT INTO `tb_message_latest` VALUES (9, 7, 4, 87, 0, '2026-02-14 16:48:09', '2026-02-14 16:48:42');

-- ----------------------------
-- Table structure for tb_message_media
-- ----------------------------
DROP TABLE IF EXISTS `tb_message_media`;
CREATE TABLE `tb_message_media`  (
  `id` bigint NOT NULL AUTO_INCREMENT COMMENT 'еӘ’дҪ“IDпјҢдё»й”®иҮӘеўһ',
  `message_id` bigint NOT NULL COMMENT 'ж¶ҲжҒҜIDпјҢдёҺж¶ҲжҒҜиЎЁе…іиҒ”',
  `media_url` varchar(1024) CHARACTER SET utf8mb4 COLLATE utf8mb4_0900_ai_ci NOT NULL COMMENT 'еӘ’дҪ“ең°еқҖ',
  `media_type` tinyint NOT NULL COMMENT 'еӘ’дҪ“зұ»еһӢпјҢ1-еӣҫзүҮпјҢ2-и§Ҷйў‘',
  `delete_flag` tinyint NULL DEFAULT 0 COMMENT 'еҲ йҷӨж Үи®°пјҢ0-жңӘеҲ йҷӨпјҢ1-е·ІеҲ йҷӨ',
  `create_time` datetime NULL DEFAULT CURRENT_TIMESTAMP COMMENT 'еҲӣе»әж—¶й—ҙпјҢй»ҳи®ӨдёәжҸ’е…Ҙж—¶ж—¶й—ҙжҲі',
  `update_time` datetime NULL DEFAULT CURRENT_TIMESTAMP ON UPDATE CURRENT_TIMESTAMP COMMENT 'жӣҙж–°ж—¶й—ҙпјҢй»ҳи®ӨдёәжҸ’е…Ҙж—¶ж—¶й—ҙжҲіпјҢжҸ’е…Ҙж—¶иҮӘеҠЁжӣҙж–°',
  PRIMARY KEY (`id`) USING BTREE
) ENGINE = InnoDB AUTO_INCREMENT = 8 CHARACTER SET = utf8mb4 COLLATE = utf8mb4_0900_ai_ci COMMENT = 'ж¶ҲжҒҜеӘ’дҪ“иЎЁ' ROW_FORMAT = Dynamic;

-- ----------------------------
-- Records of tb_message_media
-- ----------------------------
INSERT INTO `tb_message_media` VALUES (1, 3, 'https://pet-store-bucket.oss-cn-hangzhou.aliyuncs.com/5465b468-3d48-469f-ba9a-67cc485d7471_е® зү©.png', 1, 0, '2026-02-13 23:44:16', '2026-02-13 23:44:16');
INSERT INTO `tb_message_media` VALUES (2, 6, 'https://pet-store-bucket.oss-cn-hangzhou.aliyuncs.com/83afd5d4-f3ea-425c-85d6-ae4bc95b117b_default_avatar.png', 1, 0, '2026-02-14 00:07:54', '2026-02-14 00:07:53');
INSERT INTO `tb_message_media` VALUES (3, 8, 'https://pet-store-bucket.oss-cn-hangzhou.aliyuncs.com/bbbe50fc-b948-4148-9dc8-ff25da2fcbce_default_avatar.png', 1, 0, '2026-02-14 00:09:22', '2026-02-14 00:09:22');
INSERT INTO `tb_message_media` VALUES (4, 12, 'https://pet-store-bucket.oss-cn-hangzhou.aliyuncs.com/a1ce85e7-883d-46b2-bf87-645a7285ef7d_default_avatar.png', 1, 0, '2026-02-14 00:22:13', '2026-02-14 00:22:12');
INSERT INTO `tb_message_media` VALUES (5, 18, 'https://pet-store-bucket.oss-cn-hangzhou.aliyuncs.com/7da65c85-3a4a-4084-8625-43b20b7576f9_xw_20251227120318.mp4', 2, 0, '2026-02-14 01:06:15', '2026-02-14 01:06:15');
INSERT INTO `tb_message_media` VALUES (6, 71, 'https://pet-store-bucket.oss-cn-hangzhou.aliyuncs.com/dbf1d5ba-6f88-4ebc-a820-8820a8517102_xw_20251221204956.mp4', 2, 0, '2026-02-14 16:28:28', '2026-02-14 16:28:27');
INSERT INTO `tb_message_media` VALUES (7, 84, 'https://pet-store-bucket.oss-cn-hangzhou.aliyuncs.com/2151523c-d52c-48ab-a28f-3cdc3ca0ac23_е® зү©.png', 1, 0, '2026-02-14 16:36:49', '2026-02-14 16:36:48');

-- ----------------------------
-- Table structure for tb_notify
-- ----------------------------
DROP TABLE IF EXISTS `tb_notify`;
CREATE TABLE `tb_notify`  (
  `id` bigint NOT NULL AUTO_INCREMENT COMMENT 'йҖҡзҹҘIDпјҢдё»й”®иҮӘеўһ',
  `receive_user_id` bigint NOT NULL COMMENT 'жҺҘж”¶ж¶ҲжҒҜзҡ„з”ЁжҲ·ID',
  `title` varchar(50) CHARACTER SET utf8mb4 COLLATE utf8mb4_unicode_ci NOT NULL COMMENT 'йҖҡзҹҘж Үйўҳ',
  `content` varchar(2048) CHARACTER SET utf8mb4 COLLATE utf8mb4_unicode_ci NOT NULL COMMENT 'йҖҡзҹҘеҶ…е®№',
  `type` tinyint NOT NULL COMMENT 'йҖҡзҹҘзұ»еһӢпјҢ1-и®ўеҚ•йҖҡзҹҘпјҢ2-е®Ўж ёйҖҡзҹҘпјҢ3-иөһиҜ„йҖҡзҹҘпјҢ4-зҰҒиЁҖдёҺи§ЈзҰҒйҖҡзҹҘ',
  `status` tinyint NULL DEFAULT 0 COMMENT 'жҳҜеҗҰе·ІиҜ»ж Үи®°пјҢ0-жңӘиҜ»пјҢ1-е·ІиҜ»пјҢй»ҳи®Өдёә0',
  `delete_flag` tinyint NULL DEFAULT 0 COMMENT 'еҲ йҷӨж Үи®°пјҢ0-жңӘеҲ йҷӨпјҢ1-е·ІеҲ йҷӨпјҢй»ҳи®Өдёә0',
  `create_time` datetime NULL DEFAULT CURRENT_TIMESTAMP COMMENT 'еҲӣе»әж—¶й—ҙпјҢй»ҳи®ӨдёәжҸ’е…Ҙж—¶ж—¶й—ҙжҲі',
  `update_time` datetime NULL DEFAULT CURRENT_TIMESTAMP ON UPDATE CURRENT_TIMESTAMP COMMENT 'жӣҙж–°ж—¶й—ҙпјҢй»ҳи®ӨдёәжҸ’е…Ҙж—¶ж—¶й—ҙжҲіпјҢжҸ’е…Ҙж—¶иҮӘеҠЁжӣҙж–°',
  PRIMARY KEY (`id`) USING BTREE,
  INDEX `idx_receive_user_id`(`receive_user_id` ASC) USING BTREE,
  INDEX `idx_status`(`status` ASC) USING BTREE,
  INDEX `idx_delete_flag`(`delete_flag` ASC) USING BTREE
) ENGINE = InnoDB AUTO_INCREMENT = 39 CHARACTER SET = utf8mb4 COLLATE = utf8mb4_unicode_ci COMMENT = 'йҖҡзҹҘиЎЁ' ROW_FORMAT = Dynamic;

-- ----------------------------
-- Records of tb_notify
-- ----------------------------
INSERT INTO `tb_notify` VALUES (1, 1, 'и®ўеҚ•йҖҡзҹҘ', 'жӮЁзҡ„и®ўеҚ• 9 е·ІеҸ‘иҙ§/е·ІжҲҗеҠҹйҖҖж¬ҫ/йҖҖж¬ҫеӨұиҙҘпјҢжӮЁеҸҜд»ҘзӮ№еҮ»е…·дҪ“зҡ„и®ўеҚ•жҹҘзңӢзү©жөҒзҠ¶жҖҒгҖӮ', 1, 1, 1, '2026-02-14 21:03:39', '2026-02-14 21:29:37');
INSERT INTO `tb_notify` VALUES (2, 1, 'и®ўеҚ•йҖҡзҹҘ', 'жӮЁзҡ„и®ўеҚ• 50 йҖҖж¬ҫеӨұиҙҘпјҢе…·дҪ“еҺҹеӣ еҸҜд»ҘиҜўй—®е®ўжңҚгҖӮ', 1, 1, 1, '2026-02-14 21:12:05', '2026-02-14 21:29:26');
INSERT INTO `tb_notify` VALUES (3, 1, 'и®ўеҚ•йҖҡзҹҘ', 'жӮЁзҡ„и®ўеҚ• 50 е·ІжҲҗеҠҹйҖҖж¬ҫгҖӮ', 1, 1, 1, '2026-02-14 21:31:35', '2026-02-14 21:31:54');
INSERT INTO `tb_notify` VALUES (4, 1, 'и®ўеҚ•йҖҡзҹҘ', 'жӮЁзҡ„и®ўеҚ•пјҲзј–еҸ·дёәпјҡ49пјүйҖҖж¬ҫеӨұиҙҘпјҢе…·дҪ“еҺҹеӣ еҸҜд»ҘиҜўй—®е®ўжңҚгҖӮ', 1, 1, 0, '2026-02-14 21:32:51', '2026-02-14 21:37:16');
INSERT INTO `tb_notify` VALUES (5, 1, 'е®Ўж ёйҖҡзҹҘ', 'жӮЁзҡ„её–еӯҗгҖҠnullгҖӢйҖҡиҝҮе®Ўж ёпјҢе·ІеҜ№еӨ–еҸҜи§ҒгҖӮ', 2, 1, 1, '2026-02-14 21:58:44', '2026-02-14 22:00:01');
INSERT INTO `tb_notify` VALUES (6, 1, 'е®Ўж ёйҖҡзҹҘ', 'жӮЁзҡ„её–еӯҗгҖҠжөӢиҜ•websocket111гҖӢйҖҡиҝҮе®Ўж ёпјҢе·ІеҜ№еӨ–еҸҜи§ҒгҖӮ', 2, 1, 0, '2026-02-14 22:00:32', '2026-02-14 22:00:53');
INSERT INTO `tb_notify` VALUES (7, 1, 'е®Ўж ёйҖҡзҹҘ', 'жӮЁзҡ„иҜ„и®әйҖҡиҝҮе®Ўж ёпјҢе·ІеҜ№еӨ–еҸҜи§ҒгҖӮ', 2, 1, 0, '2026-02-14 22:05:01', '2026-02-14 22:05:55');
INSERT INTO `tb_notify` VALUES (8, 1, 'е®Ўж ёйҖҡзҹҘ', 'жӮЁзҡ„иҜ„и®әйҖҡиҝҮе®Ўж ёпјҢе·ІеҜ№еӨ–еҸҜи§ҒгҖӮ', 2, 1, 0, '2026-02-14 22:17:01', '2026-02-14 22:17:20');
INSERT INTO `tb_notify` VALUES (9, 1, 'е®Ўж ёйҖҡзҹҘ', 'жӮЁзҡ„иҜ„и®әйҖҡиҝҮе®Ўж ёпјҢе·ІеҜ№еӨ–еҸҜи§ҒгҖӮ', 2, 1, 0, '2026-02-14 22:19:00', '2026-02-14 22:19:20');
INSERT INTO `tb_notify` VALUES (10, 3, 'её–еӯҗеӣһеӨҚйҖҡзҹҘ', 'жңүдәәеӣһеӨҚдәҶдҪ зҡ„е•Ҷе“ҒиҜ„и®әпјҡwebsocketйҖҡзҹҘжөӢиҜ•', 3, 1, 0, '2026-02-14 22:19:37', '2026-02-14 22:21:08');
INSERT INTO `tb_notify` VALUES (11, 3, 'е®Ўж ёйҖҡзҹҘ', 'жӮЁзҡ„иҜ„и®әйҖҡиҝҮе®Ўж ёпјҢе·ІеҜ№еӨ–еҸҜи§ҒгҖӮ', 2, 1, 0, '2026-02-14 22:20:00', '2026-02-14 22:21:08');
INSERT INTO `tb_notify` VALUES (12, 1, 'её–еӯҗеӣһеӨҚйҖҡзҹҘ', 'жңүдәәеӣһеӨҚдәҶдҪ зҡ„е•Ҷе“ҒиҜ„и®әпјҡwebsocketйҖҡзҹҘжөӢиҜ•2', 3, 1, 0, '2026-02-14 22:23:53', '2026-02-14 22:24:02');
INSERT INTO `tb_notify` VALUES (13, 3, 'е®Ўж ёйҖҡзҹҘ', 'жӮЁзҡ„иҜ„и®әйҖҡиҝҮе®Ўж ёпјҢе·ІеҜ№еӨ–еҸҜи§ҒгҖӮ', 2, 1, 0, '2026-02-14 22:24:01', '2026-02-14 22:29:39');
INSERT INTO `tb_notify` VALUES (14, 3, 'е®Ўж ёйҖҡзҹҘ', 'жӮЁзҡ„иҜ„и®әйҖҡиҝҮе®Ўж ёпјҢе·ІеҜ№еӨ–еҸҜи§ҒгҖӮ', 2, 1, 0, '2026-02-14 22:30:01', '2026-02-14 22:30:14');
INSERT INTO `tb_notify` VALUES (15, 3, 'е®Ўж ёйҖҡзҹҘ', 'жӮЁзҡ„иҜ„и®әйҖҡиҝҮе®Ўж ёпјҢе·ІеҜ№еӨ–еҸҜи§ҒгҖӮ', 3, 1, 0, '2026-02-14 22:30:01', '2026-02-14 22:30:12');
INSERT INTO `tb_notify` VALUES (16, 3, 'е®Ўж ёйҖҡзҹҘ', 'жӮЁзҡ„иҜ„и®әйҖҡиҝҮе®Ўж ёпјҢе·ІеҜ№еӨ–еҸҜи§ҒгҖӮ', 2, 1, 0, '2026-02-14 22:32:01', '2026-02-14 22:33:24');
INSERT INTO `tb_notify` VALUES (17, 1, 'её–еӯҗеӣһеӨҚйҖҡзҹҘ', 'жңүдәәеӣһеӨҚдәҶдҪ зҡ„е•Ҷе“ҒиҜ„и®әпјҡеҸ‘дёҖжқЎиҜ„и®әжөӢиҜ•иҜ„и®әйҖҡзҹҘ', 3, 1, 0, '2026-02-14 22:32:01', '2026-02-14 22:33:20');
INSERT INTO `tb_notify` VALUES (18, 1, 'е®Ўж ёйҖҡзҹҘ', 'жӮЁзҡ„иҜ„и®әйҖҡиҝҮе®Ўж ёпјҢе·ІеҜ№еӨ–еҸҜи§ҒгҖӮ', 2, 1, 0, '2026-02-14 22:38:01', '2026-02-14 22:39:11');
INSERT INTO `tb_notify` VALUES (19, 1, 'её–еӯҗеӣһеӨҚйҖҡзҹҘ', 'жңүдәәеӣһеӨҚдәҶдҪ зҡ„её–еӯҗиҜ„и®әпјҡжөӢиҜ•websocketиҜ„и®әе®Ўж ё', 3, 1, 0, '2026-02-14 22:38:01', '2026-02-14 22:39:10');
INSERT INTO `tb_notify` VALUES (20, 1, 'е®Ўж ёйҖҡзҹҘ', 'жӮЁзҡ„иҜ„и®әйҖҡиҝҮе®Ўж ёпјҢе·ІеҜ№еӨ–еҸҜи§ҒгҖӮ', 2, 1, 0, '2026-02-14 22:42:01', '2026-02-14 22:42:08');
INSERT INTO `tb_notify` VALUES (21, 3, 'е®Ўж ёйҖҡзҹҘ', 'жӮЁзҡ„иҜ„и®әйҖҡиҝҮе®Ўж ёпјҢе·ІеҜ№еӨ–еҸҜи§ҒгҖӮ', 2, 1, 0, '2026-02-14 22:43:00', '2026-02-14 22:43:06');
INSERT INTO `tb_notify` VALUES (22, 1, 'её–еӯҗеӣһеӨҚйҖҡзҹҘ', 'жңүдәәеӣһеӨҚдәҶдҪ зҡ„её–еӯҗиҜ„и®әпјҡжөӢиҜ•websocketиҜ„и®әе®Ўж ё', 3, 1, 0, '2026-02-14 22:43:00', '2026-02-14 22:43:13');
INSERT INTO `tb_notify` VALUES (23, 1, 'её–еӯҗзӮ№иөһйҖҡзҹҘ', 'user3зӮ№иөһдәҶдҪ зҡ„её–еӯҗгҖҠжөӢиҜ•websocket111гҖӢ', 3, 1, 0, '2026-02-14 23:00:59', '2026-02-14 23:01:07');
INSERT INTO `tb_notify` VALUES (24, 1, 'её–еӯҗзӮ№иөһйҖҡзҹҘ', 'user3зӮ№иөһдәҶдҪ зҡ„её–еӯҗгҖҠжөӢиҜ•websocket111гҖӢ', 3, 1, 0, '2026-02-14 23:05:19', '2026-02-14 23:05:22');
INSERT INTO `tb_notify` VALUES (25, 3, 'е®Ўж ёйҖҡзҹҘ', 'жӮЁзҡ„иҜ„и®әйҖҡиҝҮе®Ўж ёпјҢе·ІеҜ№еӨ–еҸҜи§ҒгҖӮ', 2, 1, 0, '2026-02-14 23:06:01', '2026-02-14 23:06:19');
INSERT INTO `tb_notify` VALUES (26, 1, 'её–еӯҗеӣһеӨҚйҖҡзҹҘ', 'user3еӣһеӨҚдәҶдҪ зҡ„е•Ҷе“ҒиҜ„и®әпјҡеҸ‘дёҖжқЎиҜ„и®әжөӢиҜ•иҜ„и®әйҖҡзҹҘ', 3, 1, 0, '2026-02-14 23:06:01', '2026-02-14 23:06:16');
INSERT INTO `tb_notify` VALUES (27, 1, 'её–еӯҗзӮ№иөһйҖҡзҹҘ', 'user3зӮ№иөһдәҶдҪ зҡ„её–еӯҗгҖҠжөӢиҜ•websocket111гҖӢ', 3, 1, 0, '2026-02-14 23:30:37', '2026-02-14 23:30:42');
INSERT INTO `tb_notify` VALUES (28, 3, 'её–еӯҗзӮ№иөһйҖҡзҹҘ', 'user2зӮ№иөһдәҶдҪ зҡ„её–еӯҗгҖҠдҪ пјҢеҘҪдёҚеҘҪпјҹгҖӢ', 3, 1, 0, '2026-02-19 20:51:21', '2026-02-21 17:16:09');
INSERT INTO `tb_notify` VALUES (29, 2, 'её–еӯҗзӮ№иөһйҖҡзҹҘ', 'user1зӮ№иөһдәҶдҪ зҡ„её–еӯҗгҖҠжөҒжөӘзҢ«ж•‘еҠ©и®°еҪ•гҖӢ', 3, 0, 0, '2026-02-21 00:01:14', '2026-02-21 00:01:13');
INSERT INTO `tb_notify` VALUES (30, 1, 'зҰҒиЁҖйҖҡзҹҘ', 'жӮЁзҡ„иҙҰеҸ·еӣ иҝқеҸҚи§„еҲҷпјҢе·Іиў«зҰҒиЁҖгҖӮеҰӮжңүз–‘й—®пјҢиҜ·е’ЁиҜўе®ўжңҚ', 4, 1, 0, '2026-02-21 15:50:46', '2026-02-21 15:52:26');
INSERT INTO `tb_notify` VALUES (31, 1, 'зҰҒиЁҖйҖҡзҹҘ', 'жӮЁзҡ„иҙҰеҸ·е·Іи§ЈйҷӨзҰҒиЁҖпјҢиҜ·з»§з»ӯйҒөе®ҲзӨҫеҢәи§„еҲҷгҖӮеҰӮжңүз–‘й—®пјҢиҜ·е’ЁиҜўе®ўжңҚ', 4, 1, 0, '2026-02-21 15:54:16', '2026-02-21 15:54:19');
INSERT INTO `tb_notify` VALUES (32, 1, 'е®Ўж ёйҖҡзҹҘ', 'жӮЁзҡ„её–еӯҗгҖҠжөӢиҜ•RabbitMQе®Ўж ёгҖӢйҖҡиҝҮе®Ўж ёпјҢе·ІеҜ№еӨ–еҸҜи§ҒгҖӮ', 2, 1, 0, '2026-02-21 16:50:31', '2026-02-21 16:50:55');
INSERT INTO `tb_notify` VALUES (33, 1, 'е®Ўж ёйҖҡзҹҘ', 'жӮЁзҡ„её–еӯҗгҖҠжөӢиҜ•RabbitMQеӨұиҙҘе®Ўж ёгҖӢжңӘйҖҡиҝҮе®Ўж ёпјҢе»әи®®дҝ®ж”№еҗҺйҮҚж–°жҸҗдәӨгҖӮ', 2, 1, 0, '2026-02-21 16:51:36', '2026-02-21 16:51:50');
INSERT INTO `tb_notify` VALUES (34, 1, 'её–еӯҗеӣһеӨҚйҖҡзҹҘ', 'user3еӣһеӨҚдәҶдҪ зҡ„е•Ҷе“ҒиҜ„и®әпјҡеҸ‘дёҖжқЎиҜ„и®әжөӢиҜ•иҜ„и®әйҖҡзҹҘ', 3, 1, 0, '2026-02-21 17:23:51', '2026-02-21 17:24:01');
INSERT INTO `tb_notify` VALUES (35, 3, 'е®Ўж ёйҖҡзҹҘ', 'жӮЁзҡ„иҜ„и®әйҖҡиҝҮе®Ўж ёпјҢе·ІеҜ№еӨ–еҸҜи§ҒгҖӮ', 2, 1, 0, '2026-02-21 17:23:51', '2026-02-21 17:24:02');
INSERT INTO `tb_notify` VALUES (36, 3, 'е®Ўж ёйҖҡзҹҘ', 'жӮЁзҡ„иҜ„и®әжңӘйҖҡиҝҮе®Ўж ёпјҢе»әи®®дҝ®ж”№еҗҺйҮҚж–°жҸҗдәӨгҖӮ', 2, 1, 0, '2026-02-21 17:24:31', '2026-02-21 17:24:34');
INSERT INTO `tb_notify` VALUES (37, 1, 'е®Ўж ёйҖҡзҹҘ', 'жӮЁзҡ„иҜ„и®әйҖҡиҝҮе®Ўж ёпјҢе·ІеҜ№еӨ–еҸҜи§ҒгҖӮ', 2, 1, 0, '2026-02-21 17:24:48', '2026-02-21 17:24:53');
INSERT INTO `tb_notify` VALUES (38, 1, 'е®Ўж ёйҖҡзҹҘ', 'жӮЁзҡ„её–еӯҗгҖҠжөӢиҜ•RabbitMQе®Ўж ё22гҖӢйҖҡиҝҮе®Ўж ёпјҢе·ІеҜ№еӨ–еҸҜи§ҒгҖӮ', 2, 1, 0, '2026-02-24 11:20:15', '2026-02-24 11:20:20');

-- ----------------------------
-- Table structure for tb_order
-- ----------------------------
DROP TABLE IF EXISTS `tb_order`;
CREATE TABLE `tb_order`  (
  `id` bigint NOT NULL AUTO_INCREMENT COMMENT 'и®ўеҚ•IDпјҢдё»й”®иҮӘеўһ',
  `user_id` bigint NOT NULL COMMENT 'з”ЁжҲ·IDпјҢдёҚдёәз©ә',
  `product_id` bigint NOT NULL COMMENT 'е•Ҷе“ҒIDпјҢдёҚдёәз©ә',
  `phone` varchar(30) CHARACTER SET utf8mb4 COLLATE utf8mb4_unicode_ci NOT NULL COMMENT 'йўқеӨ–еӯҳеӮЁз”ЁжҲ·жүӢжңәеҸ·пјҲй»ҳи®Өд»Һз”ЁжҲ·иЎЁжӢҝеҲ°пјү',
  `receipt_name` varchar(30) CHARACTER SET utf8mb4 COLLATE utf8mb4_unicode_ci NOT NULL COMMENT 'ж”¶иҙ§дәәеҗҚз§°',
  `receipt_id` bigint NOT NULL COMMENT 'ж”¶иҙ§ең°еқҖIDпјҢдёҺең°еқҖиЎЁе…іиҒ”пјҲй»ҳи®Өд»Һз”ЁжҲ·иЎЁжӢҝеҲ°пјү',
  `total_count` bigint NOT NULL COMMENT 'е•Ҷе“Ғж•°йҮҸ',
  `total_price` decimal(10, 2) NOT NULL COMMENT 'е•Ҷе“ҒжҖ»д»·',
  `status` tinyint NULL DEFAULT 1 COMMENT 'и®ўеҚ•зҠ¶жҖҒпјҢ1-еҫ…ж”Ҝд»ҳпјҢ2-еҫ…еҸ‘иҙ§пјҢ3-е·ІеҸ‘иҙ§пјҢ4-еҫ…зӯҫж”¶пјҢ5-е·Іж”¶иҙ§пјҢ6-и®ўеҚ•еҸ–ж¶Ҳ',
  `refund_flag` tinyint NULL DEFAULT 0 COMMENT 'йҖҖж¬ҫж Үи®°пјҢй»ҳи®Өдёә0пјҢ0-жңӘйҖҖж¬ҫпјҢ1-е·ІйҖҖж¬ҫ',
  `create_time` datetime NULL DEFAULT CURRENT_TIMESTAMP COMMENT 'еҲӣе»әж—¶й—ҙпјҢй»ҳи®ӨдёәжҸ’е…Ҙж—¶ж—¶й—ҙжҲі',
  `update_time` datetime NULL DEFAULT CURRENT_TIMESTAMP ON UPDATE CURRENT_TIMESTAMP COMMENT 'жӣҙж–°ж—¶й—ҙпјҢй»ҳи®ӨдёәжҸ’е…Ҙж—¶ж—¶й—ҙжҲіпјҢжҸ’е…Ҙж—¶иҮӘеҠЁжӣҙж–°',
  PRIMARY KEY (`id`) USING BTREE,
  INDEX `idx_user_id`(`user_id` ASC) USING BTREE,
  INDEX `idx_product_id`(`product_id` ASC) USING BTREE,
  INDEX `idx_receipt_id`(`receipt_id` ASC) USING BTREE
) ENGINE = InnoDB AUTO_INCREMENT = 64 CHARACTER SET = utf8mb4 COLLATE = utf8mb4_unicode_ci COMMENT = 'и®ўеҚ•иЎЁ' ROW_FORMAT = Dynamic;

-- ----------------------------
-- Records of tb_order
-- ----------------------------
INSERT INTO `tb_order` VALUES (9, 1, 1, '15942657845', 'user1', 54, 1, 2500.00, 4, 0, '2025-12-14 23:27:42', '2026-02-14 21:06:38');
INSERT INTO `tb_order` VALUES (10, 1, 1, '12345678901', 'user1', 1, 1, 2500.00, 1, 0, '2025-12-14 23:33:40', '2026-01-04 19:17:17');
INSERT INTO `tb_order` VALUES (11, 1, 1, '12345678901', 'user1', 1, 1, 2500.00, 1, 0, '2025-12-14 23:39:51', '2026-01-04 19:17:17');
INSERT INTO `tb_order` VALUES (12, 1, 2, '12345678901', 'user1', 1, 1, 1800.00, 1, 0, '2025-12-14 23:54:12', '2026-01-04 19:17:18');
INSERT INTO `tb_order` VALUES (13, 1, 2, '15924562301', 'user1', 1, 2, 3600.00, 1, 0, '2025-12-15 12:53:21', '2026-01-04 19:17:18');
INSERT INTO `tb_order` VALUES (14, 1, 3, '18152457569', 'user1', 3, 1, 35.00, 1, 0, '2025-12-15 12:57:46', '2026-01-04 19:17:19');
INSERT INTO `tb_order` VALUES (15, 1, 3, '12345678901', 'user1', 4, 1, 35.00, 1, 0, '2025-12-15 12:59:08', '2026-01-04 19:17:20');
INSERT INTO `tb_order` VALUES (16, 1, 3, '12345678901', 'user1', 1, 3, 105.00, 6, 0, '2025-12-15 13:04:47', '2026-01-04 20:06:09');
INSERT INTO `tb_order` VALUES (17, 1, 3, '15926451234', 'user1', 6, 2, 70.00, 6, 0, '2025-12-15 17:50:54', '2026-01-04 19:17:51');
INSERT INTO `tb_order` VALUES (18, 1, 3, '15926451234', 'user1', 6, 2, 70.00, 6, 0, '2025-12-15 17:54:20', '2026-01-04 19:17:54');
INSERT INTO `tb_order` VALUES (19, 1, 3, '15926451234', 'user1', 6, 3, 105.00, 6, 0, '2025-12-15 17:57:24', '2026-01-04 19:17:57');
INSERT INTO `tb_order` VALUES (20, 1, 3, '15926451234', 'user1', 6, 1, 35.00, 6, 0, '2025-12-15 18:16:15', '2026-01-04 19:17:58');
INSERT INTO `tb_order` VALUES (21, 1, 3, '15926451234', 'user1', 6, 1, 35.00, 6, 0, '2025-12-15 18:17:29', '2026-01-04 19:18:01');
INSERT INTO `tb_order` VALUES (22, 1, 3, '15926451234', 'user1', 6, 1, 35.00, 5, 0, '2025-12-15 18:17:43', '2026-01-05 21:55:34');
INSERT INTO `tb_order` VALUES (23, 1, 3, '15926451234', 'user1', 9, 1, 35.00, 6, 0, '2025-12-17 15:43:08', '2026-01-04 19:18:02');
INSERT INTO `tb_order` VALUES (24, 1, 5, '15926451234', 'user1', 9, 1, 198.00, 6, 0, '2025-12-17 15:43:08', '2026-01-04 19:18:03');
INSERT INTO `tb_order` VALUES (25, 1, 3, '15926451234', 'user1', 9, 1, 35.00, 6, 0, '2025-12-17 16:35:07', '2026-01-04 19:18:04');
INSERT INTO `tb_order` VALUES (26, 1, 5, '15926451234', 'user1', 9, 1, 198.00, 6, 0, '2025-12-17 16:35:07', '2026-01-04 19:18:06');
INSERT INTO `tb_order` VALUES (27, 1, 3, '15926451234', 'user1', 9, 1, 35.00, 6, 0, '2025-12-17 16:44:49', '2026-01-04 19:18:07');
INSERT INTO `tb_order` VALUES (28, 1, 3, '15926451234', 'user1', 9, 1, 35.00, 6, 0, '2025-12-17 16:49:25', '2026-01-04 19:18:08');
INSERT INTO `tb_order` VALUES (29, 1, 3, '15926451234', 'user1', 9, 1, 35.00, 6, 0, '2025-12-17 16:49:54', '2026-01-04 19:18:10');
INSERT INTO `tb_order` VALUES (30, 1, 3, '15926451234', 'user1', 9, 1, 35.00, 6, 0, '2025-12-17 16:52:28', '2026-01-04 19:18:11');
INSERT INTO `tb_order` VALUES (31, 1, 3, '15926451234', 'user1', 9, 1, 35.00, 6, 0, '2025-12-17 16:54:31', '2026-01-04 19:18:12');
INSERT INTO `tb_order` VALUES (32, 1, 3, '15926451234', 'user1', 9, 1, 35.00, 6, 0, '2025-12-17 16:57:45', '2026-01-04 19:18:14');
INSERT INTO `tb_order` VALUES (33, 1, 3, '15926451234', 'user1', 9, 1, 35.00, 6, 0, '2025-12-17 17:03:52', '2026-01-04 19:18:15');
INSERT INTO `tb_order` VALUES (34, 1, 3, '15926451234', 'user1', 9, 1, 35.00, 6, 0, '2025-12-17 17:05:46', '2026-01-04 19:18:16');
INSERT INTO `tb_order` VALUES (35, 1, 3, '15926451234', 'user1', 9, 1, 35.00, 6, 0, '2025-12-17 17:07:10', '2026-01-04 19:18:17');
INSERT INTO `tb_order` VALUES (36, 1, 3, '15926451234', 'user1', 9, 1, 35.00, 6, 0, '2025-12-17 17:07:24', '2026-01-04 19:18:19');
INSERT INTO `tb_order` VALUES (37, 1, 3, '15926451234', 'user1', 9, 1, 35.00, 6, 0, '2025-12-17 17:09:35', '2026-01-04 19:18:20');
INSERT INTO `tb_order` VALUES (38, 1, 3, '15926451234', 'user1', 9, 1, 35.00, 6, 0, '2025-12-17 17:10:52', '2026-01-04 19:18:22');
INSERT INTO `tb_order` VALUES (39, 1, 3, '15926451234', 'user1', 9, 1, 35.00, 6, 0, '2025-12-17 17:11:45', '2026-01-04 19:18:23');
INSERT INTO `tb_order` VALUES (40, 1, 3, '15926451234', 'user1', 9, 1, 35.00, 6, 0, '2025-12-17 20:41:24', '2026-01-04 19:18:23');
INSERT INTO `tb_order` VALUES (41, 1, 5, '15926451234', 'user1', 9, 1, 198.00, 6, 0, '2025-12-17 20:41:24', '2026-01-04 19:18:24');
INSERT INTO `tb_order` VALUES (42, 1, 3, '15926451234', 'user1', 11, 2, 70.00, 6, 0, '2025-12-17 20:56:03', '2026-01-04 19:18:26');
INSERT INTO `tb_order` VALUES (43, 1, 5, '15926451234', 'user1', 11, 1, 198.00, 6, 0, '2025-12-17 20:56:03', '2026-01-04 19:18:27');
INSERT INTO `tb_order` VALUES (45, 1, 7, '15924567856', 'user1', 11, 1, 3500.00, 6, 0, '2026-01-05 20:39:41', '2026-01-05 21:58:16');
INSERT INTO `tb_order` VALUES (46, 1, 7, '15924567856', 'user1', 56, 1, 3500.00, 4, 0, '2026-01-05 20:42:37', '2026-01-05 20:43:35');
INSERT INTO `tb_order` VALUES (47, 1, 14, '15924567856', 'user1', 57, 1, 211.14, 4, 0, '2026-01-05 20:44:32', '2026-01-05 21:50:36');
INSERT INTO `tb_order` VALUES (48, 1, 14, '15924567856', 'user1', 58, 1, 211.14, 6, 0, '2026-01-05 22:01:06', '2026-01-05 22:04:25');
INSERT INTO `tb_order` VALUES (49, 1, 9, '15924567856', 'user1', 59, 1, 3000.00, 4, 0, '2026-01-05 23:12:48', '2026-02-14 21:32:51');
INSERT INTO `tb_order` VALUES (50, 1, 14, '15924567856', 'user1', 60, 1, 211.14, 6, 0, '2026-01-05 23:14:05', '2026-02-14 21:31:35');
INSERT INTO `tb_order` VALUES (51, 2, 1, '13800000002', 'user2', 1, 1, 500.00, 5, 0, '2026-02-19 19:54:43', '2026-02-19 19:54:43');
INSERT INTO `tb_order` VALUES (52, 2, 2, '13800000002', 'user2', 1, 2, 300.00, 5, 0, '2026-02-19 19:54:43', '2026-02-19 19:54:43');
INSERT INTO `tb_order` VALUES (53, 2, 4, '13800000002', 'user2', 1, 3, 960.00, 5, 0, '2026-02-19 19:54:43', '2026-02-19 19:54:43');
INSERT INTO `tb_order` VALUES (54, 2, 14, '13800000002', 'user2', 1, 1, 200.00, 5, 0, '2026-02-19 19:54:43', '2026-02-19 19:54:43');
INSERT INTO `tb_order` VALUES (55, 3, 1, '13800000003', 'user3', 1, 1, 500.00, 5, 0, '2026-02-19 19:54:43', '2026-02-19 19:54:43');
INSERT INTO `tb_order` VALUES (56, 3, 3, '13800000003', 'user3', 1, 2, 70.00, 5, 0, '2026-02-19 19:54:43', '2026-02-19 19:54:43');
INSERT INTO `tb_order` VALUES (57, 3, 5, '13800000003', 'user3', 1, 1, 198.00, 5, 0, '2026-02-19 19:54:43', '2026-02-19 19:54:43');
INSERT INTO `tb_order` VALUES (58, 3, 8, '13800000003', 'user3', 1, 1, 800.00, 5, 0, '2026-02-19 19:54:43', '2026-02-19 19:54:43');
INSERT INTO `tb_order` VALUES (59, 3, 15, '13800000003', 'user3', 1, 1, 150.00, 5, 0, '2026-02-19 19:54:43', '2026-02-19 19:54:43');
INSERT INTO `tb_order` VALUES (60, 7, 2, '13800000007', 'epsda', 1, 1, 300.00, 5, 0, '2026-02-19 19:54:43', '2026-02-19 19:54:43');
INSERT INTO `tb_order` VALUES (61, 7, 4, '13800000007', 'epsda', 1, 2, 640.00, 5, 0, '2026-02-19 19:54:43', '2026-02-19 19:54:43');
INSERT INTO `tb_order` VALUES (62, 7, 7, '13800000007', 'epsda', 1, 1, 1200.00, 5, 0, '2026-02-19 19:54:43', '2026-02-19 19:54:43');
INSERT INTO `tb_order` VALUES (63, 7, 9, '13800000007', 'epsda', 1, 1, 900.00, 5, 0, '2026-02-19 19:54:43', '2026-02-19 19:54:43');

-- ----------------------------
-- Table structure for tb_order_logistics
-- ----------------------------
DROP TABLE IF EXISTS `tb_order_logistics`;
CREATE TABLE `tb_order_logistics`  (
  `id` bigint NOT NULL AUTO_INCREMENT COMMENT 'и®ўеҚ•зү©жөҒдё»й”®иҮӘеўһID',
  `order_id` bigint NOT NULL COMMENT 'и®ўеҚ•ID',
  `transport_type` tinyint NOT NULL COMMENT 'зү©жөҒзұ»еһӢпјҢ1-з©әиҝҗпјҢ2-йҷҶиҝҗ',
  `origin_lat` varchar(255) CHARACTER SET utf8mb4 COLLATE utf8mb4_0900_ai_ci NOT NULL COMMENT 'иө·зӮ№зә¬еәҰеҖј',
  `origin_lng` varchar(255) CHARACTER SET utf8mb4 COLLATE utf8mb4_0900_ai_ci NOT NULL COMMENT 'иө·зӮ№з»ҸеәҰеҖј',
  `dest_lat` varchar(255) CHARACTER SET utf8mb4 COLLATE utf8mb4_0900_ai_ci NOT NULL COMMENT 'з»ҲзӮ№зә¬еәҰеҖј',
  `dest_lng` varchar(255) CHARACTER SET utf8mb4 COLLATE utf8mb4_0900_ai_ci NOT NULL COMMENT 'з»ҲзӮ№з»ҸеәҰеҖј',
  `curr_lat` varchar(255) CHARACTER SET utf8mb4 COLLATE utf8mb4_0900_ai_ci NULL DEFAULT NULL COMMENT 'еҪ“еүҚдҪҚзҪ®зә¬еәҰеҖј',
  `curr_lng` varchar(255) CHARACTER SET utf8mb4 COLLATE utf8mb4_0900_ai_ci NULL DEFAULT NULL COMMENT 'еҪ“еүҚдҪҚзҪ®з»ҸеәҰеҖј',
  `delete_flag` tinyint NOT NULL DEFAULT 0 COMMENT 'еҲ йҷӨж Үи®°пјҢ0жңӘеҲ йҷӨгҖҒ1е·ІеҲ йҷӨ',
  `create_time` datetime NOT NULL DEFAULT CURRENT_TIMESTAMP COMMENT 'еҲӣе»әж—¶й—ҙ',
  `update_time` datetime NOT NULL DEFAULT CURRENT_TIMESTAMP ON UPDATE CURRENT_TIMESTAMP COMMENT 'жӣҙж–°ж—¶й—ҙ',
  PRIMARY KEY (`id`) USING BTREE
) ENGINE = InnoDB AUTO_INCREMENT = 16 CHARACTER SET = utf8mb4 COLLATE = utf8mb4_0900_ai_ci COMMENT = 'и®ўеҚ•зү©жөҒиЎЁ' ROW_FORMAT = Dynamic;

-- ----------------------------
-- Records of tb_order_logistics
-- ----------------------------
INSERT INTO `tb_order_logistics` VALUES (6, 22, 1, '39.96548984110075', '116.3054340544974', '30.48645994791441', '114.31530997175149', '30.48645994791441', '114.31530997175149', 1, '2026-01-05 20:34:42', '2026-01-05 21:55:33');
INSERT INTO `tb_order_logistics` VALUES (7, 45, 1, '30.57258426535204', '114.32253531245989', '39.99700408060357', '116.32033999714666', '39.99700408060357', '116.32033999714666', 1, '2026-01-05 20:40:06', '2026-01-05 21:58:15');
INSERT INTO `tb_order_logistics` VALUES (8, 46, 1, '30.57258426535204', '114.32253531245989', '30.960127594633577', '121.51684504515943', '30.960127594633576', '121.51684504515943', 0, '2026-01-05 20:43:02', '2026-01-05 20:43:35');
INSERT INTO `tb_order_logistics` VALUES (11, 47, 2, '40.25611260286408', '116.13903580454277', '30.960127594633577', '121.51684504515943', '30.95629641652758', '121.51421249477832', 0, '2026-01-05 21:44:30', '2026-01-05 21:50:36');
INSERT INTO `tb_order_logistics` VALUES (12, 48, 2, '40.25611260286408', '116.13903580454277', '40.55022069705901', '81.30399515530668', '41.470758636945185', '103.53192497810296', 1, '2026-01-05 22:01:43', '2026-01-05 22:04:25');
INSERT INTO `tb_order_logistics` VALUES (13, 49, 1, '31.95678598585978', '118.84102828697871', '35.18081163178793', '118.84154077027218', '35.18081163178793', '118.84154077027218', 0, '2026-01-05 23:13:00', '2026-01-05 23:13:34');
INSERT INTO `tb_order_logistics` VALUES (14, 50, 2, '40.25611260286408', '116.13903580454277', '35.18081163178793', '118.84154077027218', '35.180552', '118.841541', 1, '2026-01-05 23:14:19', '2026-02-14 21:31:34');
INSERT INTO `tb_order_logistics` VALUES (15, 9, 1, '39.96548984110075', '116.3054340544974', '30.74135008408465', '115.6874216026259', '30.74135008408465', '115.6874216026259', 0, '2026-02-14 21:03:38', '2026-02-14 21:06:38');

-- ----------------------------
-- Table structure for tb_pet_sub
-- ----------------------------
DROP TABLE IF EXISTS `tb_pet_sub`;
CREATE TABLE `tb_pet_sub`  (
  `sub_id` bigint NOT NULL AUTO_INCREMENT COMMENT 'е® зү©IDпјҢдё»й”®иҮӘеўһ',
  `product_id` bigint NOT NULL COMMENT 'е•Ҷе“ҒIDпјҢдёҚдёәз©әдё”е”ҜдёҖпјҢдёҺе•Ҷе“ҒжҖ»иЎЁе…іиҒ”',
  `health_status` tinyint NULL DEFAULT 1 COMMENT 'е® зү©еҒҘеә·зҠ¶жҖҒпјҢ1-еҒҘеә·пјҢ2-иүҜеҘҪпјҢ3-жІ»з–—дёӯ',
  `train_note` varchar(255) CHARACTER SET utf8mb4 COLLATE utf8mb4_unicode_ci NULL DEFAULT NULL COMMENT 'й©Ҝе…»йЎ»зҹҘ',
  `raise_note` varchar(255) CHARACTER SET utf8mb4 COLLATE utf8mb4_unicode_ci NULL DEFAULT NULL COMMENT 'йўҶе…»йЎ»зҹҘ',
  `vaccine_flag` tinyint NULL DEFAULT 1 COMMENT 'жҳҜеҗҰжҺҘз§Қз–«иӢ—пјҢ0-жңӘжҺҘз§ҚпјҢ1-е·ІжҺҘз§Қ',
  `sub_create_time` datetime NULL DEFAULT CURRENT_TIMESTAMP COMMENT 'еҲӣе»әж—¶й—ҙпјҢй»ҳи®ӨдёәжҸ’е…Ҙж—¶ж—¶й—ҙжҲі',
  `sub_update_time` datetime NULL DEFAULT CURRENT_TIMESTAMP ON UPDATE CURRENT_TIMESTAMP COMMENT 'жӣҙж–°ж—¶й—ҙпјҢй»ҳи®ӨдёәжҸ’е…Ҙж—¶ж—¶й—ҙжҲіпјҢжҸ’е…Ҙж—¶иҮӘеҠЁжӣҙж–°',
  PRIMARY KEY (`sub_id`) USING BTREE,
  UNIQUE INDEX `product_id`(`product_id` ASC) USING BTREE
) ENGINE = InnoDB AUTO_INCREMENT = 32 CHARACTER SET = utf8mb4 COLLATE = utf8mb4_unicode_ci COMMENT = 'е® зү©еӯҗиЎЁ' ROW_FORMAT = Dynamic;

-- ----------------------------
-- Records of tb_pet_sub
-- ----------------------------
INSERT INTO `tb_pet_sub` VALUES (1, 1, 1, 'жҳ“дәҺи®ӯз»ғпјҢйҖӮеҗҲе®¶еәӯйҘІе…»', 'жҜҸж—ҘйңҖйҒӣејҜ2ж¬ЎпјҢжіЁж„Ҹе…іиҠӮдҝқжҠӨ', 1, '2025-12-08 18:15:11', '2025-12-08 18:15:11');
INSERT INTO `tb_pet_sub` VALUES (2, 2, 2, 'жҖ§ж јжё©йЎәпјҢжҳ“зӣёеӨ„', 'е®ҡжңҹжўіжҜӣпјҢжҺ§еҲ¶йҘ®йЈҹйҳІжӯўиӮҘиғ–', 1, '2025-12-08 18:15:11', '2025-12-14 08:59:32');
INSERT INTO `tb_pet_sub` VALUES (3, 3, 3, 'еӨңй—ҙжҙ»еҠЁпјҢжҳ“еҸ—жғҠ', 'жҸҗдҫӣе……и¶іжңЁеұ‘пјҢе®ҡжңҹжё…зҗҶз¬јеӯҗ', 1, '2025-12-08 18:15:11', '2025-12-14 08:57:53');
INSERT INTO `tb_pet_sub` VALUES (5, 7, 1, 'иҫ№зү§йңҖиҰҒе……и¶ізҡ„иҝҗеҠЁдёҺеҝғзҗҶеҲәжҝҖпјҢйҮҮз”Ёз§ҜжһҒејәеҢ–пјҲеҘ–еҠұпјӢжӯЈйқўеј•еҜјпјүи®ӯз»ғеҹәзЎҖжңҚд»Һе’ҢзӨҫдәӨжҠҖиғҪпјҢе№¶дҝқжҢҒдёҖиҮҙгҖҒиҖҗеҝғзҡ„ж—Ҙеёёи§„еҲҷдёҺдҫӢиЎҢжҙ»еҠЁпјҢи®©е®ғеңЁдҪ“еҠӣдёҺжҷәеҠӣйңҖжұӮйғҪеҫ—еҲ°ж»Ўи¶іпјҢеҗҰеҲҷдјҡеӣ зІҫеҠӣиҝҮеү©иҖҢеҮәзҺ°з ҙеқҸжҖ§иЎҢдёәгҖӮ', 'йўҶе…»иҫ№зү§еүҚеә”еҒҡеҘҪе……еҲҶеҮҶеӨҮпјҢеҢ…жӢ¬дәҶи§ЈиҜҘзҠ¬йңҖеӨ§йҮҸиҝҗеҠЁгҖҒзЁіе®ҡзҡ„е®¶еәӯзҺҜеўғе’ҢиҖҗеҝғи®ӯз»ғпјҢеҗҢж—¶еңЁеёҰеӣһж–°е®¶еҲқжңҹи®ҫе®ҡжё…жҷ°з”ҹжҙ»з»“жһ„дёҺе®үе…Ёз©әй—ҙпјҢеё®еҠ©е®ғйЎәеҲ©йҖӮеә”ж–°зҺҜеўғе№¶еҮҸе°‘еә”жҝҖиЎҢдёәгҖӮ', 1, '2025-12-30 21:28:25', '2025-12-30 21:28:25');
INSERT INTO `tb_pet_sub` VALUES (6, 8, 1, 'жҹҜеҹәйңҖиҰҒжҜҸж—ҘйҖӮйҮҸиҝҗеҠЁдёҺдёҖиҮҙжҖ§и®ӯз»ғжқҘж¶ҲиҖ—иғҪйҮҸгҖҒз»ҙжҢҒеҒҘеә·дҪ“йҮҚпјҢеҗҢж—¶е®ҡжңҹжўізҗҶзҡ®жҜӣгҖҒжіЁж„ҸиғҢйғЁдёҺе…іиҠӮдҝқжҠӨпјҢеҗҰеҲҷеҸҜиғҪеӣ зІҫеҠӣиҝҮеү©е’ҢдҪ“йҮҚеўһеҠ иҖҢеҮәзҺ°иЎҢдёәжҲ–еҒҘеә·й—®йўҳгҖӮ', 'йўҶе…»жҹҜеҹәеүҚеә”еҮҶеӨҮеҘҪзЁіе®ҡзҡ„е®¶еәӯзҺҜеўғгҖҒеҗҲйҖӮзҡ„иҝҗеҠЁдёҺжҠӨзҗҶи®ЎеҲ’пјҢе№¶дјҳе…ҲйҖҡиҝҮиҙҹиҙЈд»»зҡ„ж•‘еҠ©жңәжһ„жҲ–иүҜеҘҪиҜ„д»·зҡ„з№ҒиӮІиҖ…иҺ·еҸ–зҠ¬еҸӘпјҢд»ҘдҝқиҜҒеҒҘеә·дёҺжҖ§ж јйҖӮеҗҲе®¶еәӯз”ҹжҙ»гҖӮ', 1, '2025-12-30 21:54:50', '2025-12-30 21:54:50');
INSERT INTO `tb_pet_sub` VALUES (7, 9, 1, 'жіўж–ҜзҢ«жӢҘжңүй•ҝеҜҶжҜӣе’ҢжүҒе№іи„ёз»“жһ„пјҢйңҖиҰҒжҜҸеӨ©е®ҡжңҹжўізҗҶйҳІжү“з»“гҖҒжё…жҙҒзңјйғЁе’ҢдҝқжҢҒиҖіжңөеҒҘеә·пјҢе№¶еҒҡеҘҪж—ҘеёёжҠӨзҗҶпјҲеҰӮеҲ·зүҷгҖҒдҝ®еүӘжҢҮз”Ізӯүпјүд»Ҙйў„йҳІзҡ®жҜӣгҖҒзңјжіӘе’ҢеҒҘеә·й—®йўҳгҖӮ', 'еңЁйўҶе…»жіўж–ҜзҢ«еүҚеә”еҮҶеӨҮеҘҪи¶іеӨҹзҡ„ж—¶й—ҙгҖҒиҖҗеҝғе’Ңдё“з”ЁжҠӨзҗҶе·Ҙе…·пјҢдәҶи§Је…¶еҜ№ж—ҘеёёжўіжҜӣгҖҒзңјйғЁжё…жҙҒе’Ңе®ӨеҶ…зҺҜеўғзҡ„й«ҳиҰҒжұӮпјҢе№¶дјҳе…ҲйҖҡиҝҮдҝЎиӘүиүҜеҘҪзҡ„ж•‘еҠ©жңәжһ„жҲ–з№ҒиӮІиҖ…иҺ·еҸ–пјҢд»ҘдҝқиҜҒеҒҘеә·дёҺйҖӮеә”жҖ§гҖӮ', 1, '2025-12-30 22:03:26', '2025-12-30 22:03:26');
INSERT INTO `tb_pet_sub` VALUES (8, 10, 1, 'дҝ„зҪ—ж–Ҝи“қзҢ«йңҖиҰҒжҜҸе‘Ёе®ҡжңҹжўізҗҶзҹӯиҖҢеҜҶзҡ„жҜӣеҸ‘гҖҒжҺ§еҲ¶йҘ®йЈҹйҳІжӯўиӮҘиғ–пјҢе№¶жҸҗдҫӣе®үйқҷгҖҒдё°еҜҢзҡ„дә’еҠЁе’ҢзҺ©е…·еҲәжҝҖе…¶жҷәеҠӣдёҺиҝҗеҠЁйңҖжұӮпјҢдҝқжҢҒеҒҘеә·дёҺж„үжӮҰгҖӮ', 'йўҶе…»дҝ„зҪ—ж–Ҝи“қзҢ«еүҚеә”еҮҶеӨҮеҘҪзЁіе®ҡе®үйқҷзҡ„з”ҹжҙ»зҺҜеўғгҖҒйҖӮеҪ“зҡ„зҢ«з ӮгҖҒзҺ©е…·гҖҒе®ҡйҮҸйҘ®йЈҹи®ЎеҲ’е’Ңе®ҡжңҹеҒҘеә·жЈҖжҹҘе®үжҺ’пјҢд»Ҙеё®еҠ©е®ғйЎәеҲ©йҖӮеә”е®¶еәӯе№¶з»ҙжҢҒй•ҝжңҹеҒҘеә·гҖӮ', 1, '2025-12-30 22:21:30', '2025-12-30 22:21:30');
INSERT INTO `tb_pet_sub` VALUES (9, 11, 1, 'иҝ·дҪ зҢӘиҷҪз„¶еҸҜзҲұпјҢдҪҶйңҖиҰҒи¶іеӨҹз©әй—ҙгҖҒе®ҡжңҹиҝҗеҠЁгҖҒзҺҜеўғдё°еҜҢе’ҢйҖӮеҪ“и®ӯз»ғжқҘж»Ўи¶іе…¶еҘҪеҘҮеҝғдёҺжҷәиғҪпјҢеҗҰеҲҷеҸҜиғҪеӣ ж— иҒҠиҖҢз ҙеқҸе®¶е…·жҲ–иҝҮеәҰйҘ®йЈҹеҜјиҮҙиӮҘиғ–зӯүеҒҘеә·й—®йўҳгҖӮ', 'еңЁйўҶе…»иҝ·дҪ зҢӘеүҚеә”зЎ®и®ӨжңүеҗҲжі•йҘІе…»жқЎд»¶е’Ңи¶іеӨҹж—¶й—ҙз…§ж–ҷпјҢе№¶д»ҺеҸҜдҝЎзҡ„ж•‘еҠ©жңәжһ„жҲ–иҙҹиҙЈд»»зҡ„жқҘжәҗиҺ·еҸ–пјҢеҗҢж—¶дәҶи§Је®ғд»¬еҸҜиғҪй•ҝеӨ§дё”йңҖиҰҒй•ҝжңҹйҷӘдјҙдёҺжҠӨзҗҶзҡ„е®һйҷ…йңҖжұӮгҖӮ', 1, '2025-12-30 22:32:17', '2025-12-30 22:32:16');
INSERT INTO `tb_pet_sub` VALUES (31, 35, 1, 'test', 'test', 1, '2026-01-15 11:42:15', '2026-01-15 11:42:14');

-- ----------------------------
-- Table structure for tb_pet_supply_sub
-- ----------------------------
DROP TABLE IF EXISTS `tb_pet_supply_sub`;
CREATE TABLE `tb_pet_supply_sub`  (
  `sub_id` bigint NOT NULL AUTO_INCREMENT COMMENT 'е® зү©з”Ёе“ҒIDпјҢдё»й”®иҮӘеўһ',
  `product_id` bigint NOT NULL COMMENT 'е•Ҷе“ҒIDпјҢдёҚдёәз©әдё”е”ҜдёҖпјҢдёҺе•Ҷе“ҒжҖ»иЎЁе…іиҒ”',
  `brand` varchar(50) CHARACTER SET utf8mb4 COLLATE utf8mb4_unicode_ci NULL DEFAULT NULL COMMENT 'е® зү©з”Ёе“Ғе“ҒзүҢ',
  `fit_age` varchar(255) CHARACTER SET utf8mb4 COLLATE utf8mb4_unicode_ci NULL DEFAULT NULL COMMENT 'йҖӮз”Ёе№ҙйҫ„ж®ө',
  `fit_variety` varchar(255) CHARACTER SET utf8mb4 COLLATE utf8mb4_unicode_ci NULL DEFAULT NULL COMMENT 'йҖӮз”Ёе“Ғз§Қ',
  `manufacture_date` datetime NOT NULL COMMENT 'з”ҹдә§ж—Ҙжңҹ',
  `guarantee_date` datetime NOT NULL COMMENT 'дҝқиҙЁжңҹ',
  `company` varchar(255) CHARACTER SET utf8mb4 COLLATE utf8mb4_unicode_ci NULL DEFAULT NULL COMMENT 'з”ҹдә§е…¬еҸё',
  `sub_create_time` datetime NULL DEFAULT CURRENT_TIMESTAMP COMMENT 'еҲӣе»әж—¶й—ҙпјҢй»ҳи®ӨдёәжҸ’е…Ҙж—¶ж—¶й—ҙжҲі',
  `sub_update_time` datetime NULL DEFAULT CURRENT_TIMESTAMP ON UPDATE CURRENT_TIMESTAMP COMMENT 'жӣҙж–°ж—¶й—ҙпјҢй»ҳи®ӨдёәжҸ’е…Ҙж—¶ж—¶й—ҙжҲіпјҢжҸ’е…Ҙж—¶иҮӘеҠЁжӣҙж–°',
  PRIMARY KEY (`sub_id`) USING BTREE,
  UNIQUE INDEX `product_id`(`product_id` ASC) USING BTREE
) ENGINE = InnoDB AUTO_INCREMENT = 23 CHARACTER SET = utf8mb4 COLLATE = utf8mb4_unicode_ci COMMENT = 'е® зү©з”Ёе“ҒеӯҗиЎЁ' ROW_FORMAT = Dynamic;

-- ----------------------------
-- Records of tb_pet_supply_sub
-- ----------------------------
INSERT INTO `tb_pet_supply_sub` VALUES (1, 4, 'зҡҮе®¶', '12дёӘжңҲд»ҘдёҠ', 'еӨ§еһӢзҠ¬', '2025-01-01 00:00:00', '2027-01-01 00:00:00', 'зҺӣж°Ҹе…¬еҸё', '2025-12-08 18:15:16', '2025-12-08 18:15:16');
INSERT INTO `tb_pet_supply_sub` VALUES (2, 5, 'жёҙжңӣ', 'е…Ёйҫ„', 'жүҖжңүзҢ«е’Ә', '2025-03-01 00:00:00', '2027-03-01 00:00:00', 'еҠ жӢҝеӨ§еҶ еҶӣе® зү©йЈҹе“Ғ', '2025-12-08 18:15:16', '2025-12-08 18:15:16');
INSERT INTO `tb_pet_supply_sub` VALUES (4, 14, 'Rabbitgoo Calming', 'е…Ёе№ҙйҫ„', 'е…Ёе“Ғз§Қ', '2025-12-30 00:00:00', '2028-12-30 00:00:00', 'Rabbitgoo Calming', '2025-12-30 22:45:53', '2025-12-30 22:45:53');
INSERT INTO `tb_pet_supply_sub` VALUES (5, 15, 'Scruffs Chester', 'е…Ёе№ҙйҫ„', 'дёӯе°ҸеһӢе® зү©', '2025-12-30 00:00:00', '2028-12-31 00:00:00', 'Scruffs Chester', '2025-12-30 22:57:44', '2025-12-30 22:57:43');
INSERT INTO `tb_pet_supply_sub` VALUES (7, 17, 'The KONG', 'е…Ёе№ҙйҫ„', 'дёӯеӨ§еһӢзҠ¬', '2025-12-30 00:00:00', '2034-12-31 00:00:00', 'The KONG Company', '2025-12-30 23:12:44', '2025-12-30 23:12:43');
INSERT INTO `tb_pet_supply_sub` VALUES (22, 36, '1', '1', '1', '2026-02-10 00:00:00', '2026-02-11 00:00:00', '1', '2026-02-10 20:18:23', '2026-02-10 20:18:22');

-- ----------------------------
-- Table structure for tb_post
-- ----------------------------
DROP TABLE IF EXISTS `tb_post`;
CREATE TABLE `tb_post`  (
  `id` bigint NOT NULL AUTO_INCREMENT COMMENT 'её–еӯҗIDпјҢдё»й”®иҮӘеўһ',
  `user_id` bigint NOT NULL COMMENT 'еҸ‘её–дәәIDпјҢдёҚдёәз©ә',
  `column_id` bigint NOT NULL COMMENT 'ж Ҹзӣ®IDпјҢдёҚдёәз©ә',
  `title` varchar(50) CHARACTER SET utf8mb4 COLLATE utf8mb4_unicode_ci NOT NULL COMMENT 'её–еӯҗж ҮйўҳпјҲзӣ®еүҚдёҚеҒҡйҮҚеӨҚж ЎйӘҢпјү',
  `content` varchar(2560) CHARACTER SET utf8mb4 COLLATE utf8mb4_unicode_ci NULL DEFAULT NULL COMMENT 'её–еӯҗеҶ…е®№пјҲеҪ“жҳҜи§Ҷйў‘иҙҙж—¶еҸҜд»Ҙдёәз©әпјү',
  `status` tinyint NULL DEFAULT 1 COMMENT 'её–еӯҗзҠ¶жҖҒпјҢ1-иҚүзЁҝпјҢ2-е®Ўж ёдёӯпјҢ3-е®Ўж ёжҲҗеҠҹпјҢ4-е®Ўж ёеӨұиҙҘпјҢй»ҳи®Өдёә1',
  `like_count` bigint NULL DEFAULT 0 COMMENT 'зӮ№иөһж•°йҮҸпјҢй»ҳи®Өдёә0',
  `reject_count` bigint NULL DEFAULT 0 COMMENT 'еҸҚеҜ№ж•°йҮҸпјҢй»ҳи®Өдёә0',
  `delete_flag` tinyint NULL DEFAULT 0 COMMENT 'еҲ йҷӨж Үи®°пјҢ0-жңӘеҲ йҷӨпјҢ1-е·ІеҲ йҷӨ',
  `create_time` datetime NULL DEFAULT CURRENT_TIMESTAMP COMMENT 'еҲӣе»әж—¶й—ҙпјҢй»ҳи®ӨдёәжҸ’е…Ҙж—¶ж—¶й—ҙжҲі',
  `update_time` datetime NULL DEFAULT CURRENT_TIMESTAMP ON UPDATE CURRENT_TIMESTAMP COMMENT 'жӣҙж–°ж—¶й—ҙпјҢй»ҳи®ӨдёәжҸ’е…Ҙж—¶ж—¶й—ҙжҲіпјҢжҸ’е…Ҙж—¶иҮӘеҠЁжӣҙж–°',
  PRIMARY KEY (`id`) USING BTREE,
  INDEX `idx_user_id`(`user_id` ASC) USING BTREE,
  INDEX `idx_column_id`(`column_id` ASC) USING BTREE
) ENGINE = InnoDB AUTO_INCREMENT = 50 CHARACTER SET = utf8mb4 COLLATE = utf8mb4_unicode_ci COMMENT = 'её–еӯҗиЎЁ' ROW_FORMAT = Dynamic;

-- ----------------------------
-- Records of tb_post
-- ----------------------------
INSERT INTO `tb_post` VALUES (1, 1, 1, 'еёҰзӢ—зӢ—еҺ»жө·иҫ№', 'еҲҶдә«дёҖж¬Ўе’ҢжҹҜеҹәеҺ»жө·иҫ№зҡ„ж—ҘеёёпјҢйҷ„дёҠиЎҢеүҚеҮҶеӨҮжё…еҚ•е’ҢжіЁж„ҸдәӢйЎ№гҖӮ', 3, 1, 0, 0, '2025-12-18 12:21:06', '2026-02-19 20:51:34');
INSERT INTO `tb_post` VALUES (2, 2, 2, 'жөҒжөӘзҢ«ж•‘еҠ©и®°еҪ•', 'и®°еҪ•дёҖеҸӘеҸ—дјӨж©ҳзҢ«зҡ„ж•‘еҠ©иҝҮзЁӢпјҢеҢ…жӢ¬ж¶ҲжҜ’гҖҒе–ӮиҚҜе’ҢеҜ»жүҫйўҶе…»гҖӮ', 3, 0, 0, 0, '2025-12-18 12:21:06', '2026-02-21 00:13:00');
INSERT INTO `tb_post` VALUES (3, 3, 3, 'зҢ«е’Әй©ұиҷ«й—®зӯ”', 'ж•ҙзҗҶжңҖеёёи§Ғзҡ„еҶ…еӨ–й©ұиҷ«й—®йўҳпјҢйҷ„дёҠе…ҪеҢ»жңӢеҸӢзҡ„дё“дёҡи§ЈйҮҠгҖӮ', 3, 1, 0, 0, '2025-12-18 12:21:06', '2026-02-19 20:39:47');
INSERT INTO `tb_post` VALUES (7, 3, 3, '111', '<p>111</p><blockquote><p>жөӢиҜ•</p></blockquote><p></p>', 4, 0, 0, 1, '2025-12-20 16:31:42', '2026-01-10 20:21:05');
INSERT INTO `tb_post` VALUES (8, 3, 3, 'жөӢиҜ•жҳҜеҗҰжӯЈзЎ®жҸ’е…Ҙеё–еӯҗж•°жҚ®', '<p>жөӢиҜ•</p>', 3, 0, 0, 1, '2025-12-20 16:33:51', '2026-01-10 20:21:28');
INSERT INTO `tb_post` VALUES (9, 3, 3, 'жөӢиҜ•еӣҫж–Ү', '<h2>дәҢзә§ж Үйўҳ</h2><h3>дёүзә§ж Үйўҳ</h3><p><s>еҶ…е®№</s></p><ul><li><p>1</p></li><li><p>2</p></li><li><p>3</p></li></ul><ol><li><p>еәҸеҸ·1</p></li><li><p>еәҸеҸ·2</p></li></ol><p></p>', 4, 0, 0, 1, '2025-12-20 16:45:40', '2026-01-10 20:21:10');
INSERT INTO `tb_post` VALUES (10, 3, 3, 'жөӢиҜ•зәҜж–Үеӯ—з”ҹжҲҗеӣҫзүҮ', '<p>еҶ…е®№</p>', 3, 0, 0, 1, '2025-12-20 16:46:24', '2026-01-10 20:29:20');
INSERT INTO `tb_post` VALUES (12, 3, 3, 'з¬¬е…ӯзүҲпјҡжё…йҷӨеё–еӯҗеҶ…е®№пјҢдҝ®ж”№жқҝејҸ', '<p>жё…йҷӨеё–еӯҗеҶ…е®№пјҢдҝ®ж”№жқҝејҸ</p>', 1, 0, 0, 1, '2025-12-20 16:52:04', '2026-01-10 20:29:20');
INSERT INTO `tb_post` VALUES (13, 3, 3, 'з¬¬дёғзүҲпјҡдҝ®ж”№жқҝејҸпјҲ->зәҜж–Үеӯ—пјү', '<p>з¬¬е…ӯзүҲдҝ®ж”№еӨұиҙҘ</p>', 3, 0, 0, 1, '2025-12-20 23:35:39', '2026-01-10 20:29:20');
INSERT INTO `tb_post` VALUES (14, 3, 3, 'ж–°еўһеё–еӯҗпјҢжөӢиҜ•еҲ йҷӨ', '<p>ж–°еўһеё–еӯҗпјҢжөӢиҜ•еҲ йҷӨ</p>', 2, 0, 0, 1, '2025-12-21 21:18:38', '2025-12-21 21:18:50');
INSERT INTO `tb_post` VALUES (15, 3, 1, 'дҪ пјҢеҘҪдёҚеҘҪпјҹ', '<p>жҳҜдёҚжҳҜиҝҳйӮЈд№ҲзҲұиҝҹеҲ°<br>зҶ¬еӨңе·ҘдҪңеҸҲзқЎдёҚеҘҪ<br>зӯүдҪ е®ҢжҲҗдҪ зҡ„зӣ®ж Ү<br>иҰҒжҲ’жҺүйҖһејәзҡ„е—ңеҘҪ<br>йғҪжҖӘжҲ‘<br>жҠҠиҮӘе°Ҡж”ҫеӨӘй«ҳжІЎжңүжҠҠдҪ з…§йЎҫеҘҪ<br>йӘ„еӮІжҳҜи„Ҷејұзҡ„еӨ–иЎЁ<br>жңҖжҖ•жҲ‘зҡ„еҝғдҪ дёҚиҰҒ<br><br>иғҪдёҚиғҪз»§з»ӯеҜ№жҲ‘е“ӯеҜ№жҲ‘з¬‘еҜ№жҲ‘еҘҪ<br>з»§з»ӯи®©жҲ‘дёәдҪ жғідёәдҪ з–ҜйҷӘдҪ иҖҒ<br>дҪ еҘҪдёҚеҘҪеҘҪжғізҹҘйҒ“<br>еҲ«жҖҘзқҖжҠҠеӣһеҝҶйғҪдёўжҺү<br><br>жҲ‘еҸӘйңҖиҰҒдҪ еңЁиә«иҫ№йҷӘжҲ‘еҗөйҷӘжҲ‘й—№<br>з”ЁеҘҪзҡ„жҲ‘жҠҠиҝҮеҺ»еқҸзҡ„жҲ‘йғҪжҚўжҺү<br>еҘҪжғіеҗ¬еҲ°дҪ еқҡеҶіиҜҙзҲұжҲ‘<br>еҸҜжғңеӣһдёҚеҺ»йӮЈдёҖз§’<br>дҪ пјҢеҘҪдёҚеҘҪпјҹ<br><br>еӨ©зҹҘйҒ“жҲ‘еҝ«иҰҒеҸ—дёҚдәҶ<br>еҗҺжӮ”й’»иҝӣеҝғйҮҢзғ§<br>жӢҘжҠұеҶҚеӨҡдёҖж¬Ўе°ұеҘҪ<br>дҪ иҰҒзҡ„жҲ‘йғҪеҒҡеҫ—еҲ°<br><br>иғҪдёҚиғҪз»§з»ӯеҜ№жҲ‘е“ӯеҜ№жҲ‘з¬‘еҜ№жҲ‘еҘҪ<br>з»§з»ӯи®©жҲ‘дёәдҪ жғідёәдҪ з–ҜйҷӘдҪ иҖҒ<br>з»ҷдҪ зҡ„еҘҪиҝҳиҰҒдёҚиҰҒ<br>зӯ”жЎҲжҲ‘еҚҙдёҚж•ўжҸӯжҷ“<br><br>жҲ‘еҸӘйңҖиҰҒдҪ еңЁиә«иҫ№йҷӘжҲ‘еҗөйҷӘжҲ‘й—№<br>еҲ«з”ЁзҰ»ејҖж•ҷжҲ‘еӨұеҺ»зҡ„дәәжңҖйҮҚиҰҒ<br>еҲ«иҜҙдҪ жӣҫз»ҸзҲұиҝҮжҲ‘<br>и®©жҲ‘д»¬еӣһеҲ°йӮЈдёҖз§’<br>дҪ пјҢеҘҪдёҚеҘҪпјҹ<br><br>иғҪдёҚиғҪз»§з»ӯеҜ№жҲ‘е“ӯеҜ№жҲ‘з¬‘еҜ№жҲ‘еҘҪ<br>з»§з»ӯи®©жҲ‘дёәдҪ жғідёәдҪ з–ҜйҷӘдҪ иҖҒ<br>дҪ еҘҪдёҚеҘҪжҲ‘еҘҪжғізҹҘйҒ“<br>еҲ«жҖҘзқҖжҠҠжҲ‘зҡ„зҲұдёўжҺү<br><br>жҲ‘еҸӘйңҖиҰҒдҪ еңЁиә«иҫ№йҷӘжҲ‘еҗөйҷӘжҲ‘й—№<br>еҲ«з”ЁзҰ»ејҖж•ҷжҲ‘еӨұеҺ»зҡ„дәәжңҖйҮҚиҰҒ<br>еҲ«иҜҙдҪ жӣҫз»ҸзҲұиҝҮжҲ‘<br>и®©жҲ‘д»¬еӣһеҲ°йӮЈдёҖз§’<br>дҪ пјҢеҘҪдёҚеҘҪпјҹ</p>', 3, 3, 0, 0, '2025-12-23 10:10:46', '2026-02-19 20:51:21');
INSERT INTO `tb_post` VALUES (16, 3, 1, 'йўңдәәдёӯгҖҠжҲ‘еҸӘиғҪзҰ»ејҖгҖӢпјҡеҝҳдёҚжҺүзҡ„пјҢжҳҜе…ҲзҰ»ејҖзҡ„', '<p>BGMпјҡжҲ‘еҸӘиғҪзҰ»ејҖ<br>жӯҢжүӢпјҡйўңдәәдёӯ<br>иҜҚжӣІпјҡдҪҷз«‘йҫҷ</p>', 3, 2, 0, 0, '2025-12-26 20:54:15', '2026-02-19 20:52:23');
INSERT INTO `tb_post` VALUES (17, 1, 3, '11', '<p>11</p>', 2, 0, 0, 1, '2026-01-07 17:24:26', '2026-01-07 17:25:15');
INSERT INTO `tb_post` VALUES (18, 1, 4, '11', '<p>11</p>', 2, 0, 0, 1, '2026-01-07 19:01:44', '2026-01-07 19:02:00');
INSERT INTO `tb_post` VALUES (19, 4, 1, 'з®ЎзҗҶе‘ҳжөӢиҜ•её–еӯҗ', '<p>з®ЎзҗҶе‘ҳжөӢиҜ•её–еӯҗ</p>', 2, 0, 0, 1, '2026-01-10 10:28:16', '2026-01-10 10:30:10');
INSERT INTO `tb_post` VALUES (20, 4, 2, 'з®ЎзҗҶе‘ҳжөӢиҜ•её–еӯҗ2', '<p>з®ЎзҗҶе‘ҳжөӢиҜ•её–еӯҗ2</p>', 2, 0, 0, 1, '2026-01-10 10:28:50', '2026-01-10 10:33:05');
INSERT INTO `tb_post` VALUES (21, 4, 2, 'з®ЎзҗҶе‘ҳжөӢиҜ•её–еӯҗ3', '<p>з®ЎзҗҶе‘ҳжөӢиҜ•её–еӯҗ3</p>', 2, 0, 0, 1, '2026-01-10 10:29:39', '2026-01-10 10:32:04');
INSERT INTO `tb_post` VALUES (22, 4, 2, 'з®ЎзҗҶе‘ҳжөӢиҜ•её–еӯҗ4', '<p>з®ЎзҗҶе‘ҳжөӢиҜ•её–еӯҗ4</p>', 2, 0, 0, 1, '2026-01-10 10:33:30', '2026-01-10 10:37:59');
INSERT INTO `tb_post` VALUES (23, 4, 2, 'з®ЎзҗҶе‘ҳжөӢиҜ•её–еӯҗ5', '<p>з®ЎзҗҶе‘ҳжөӢиҜ•её–еӯҗ5</p>', 2, 0, 0, 1, '2026-01-10 10:33:42', '2026-01-10 10:34:11');
INSERT INTO `tb_post` VALUES (24, 4, 3, 'з®ЎзҗҶе‘ҳжөӢиҜ•её–еӯҗ6', '<p>з®ЎзҗҶе‘ҳжөӢиҜ•её–еӯҗ6</p>', 2, 0, 0, 1, '2026-01-10 10:36:30', '2026-01-10 10:37:59');
INSERT INTO `tb_post` VALUES (25, 4, 2, 'з®ЎзҗҶе‘ҳжөӢиҜ•её–еӯҗ2', '<p>з®ЎзҗҶе‘ҳжөӢиҜ•её–еӯҗ2пјҲйҮҚеӨҚж ҮйўҳжөӢиҜ•пјү</p>', 2, 0, 0, 1, '2026-01-10 10:40:34', '2026-01-10 10:40:48');
INSERT INTO `tb_post` VALUES (26, 4, 1, 'жөӢиҜ•её–еӯҗе®Ўж ё', '<p>еҚ§ж§Ҫе°јзҺӣ</p>', 3, 0, 0, 1, '2026-01-10 19:48:00', '2026-01-10 19:59:29');
INSERT INTO `tb_post` VALUES (27, 4, 2, 'жөӢиҜ•жңӘеҲҶиҜҚе®Ўж ё', '<p>еҚ§ж§Ҫ</p>', 3, 0, 0, 1, '2026-01-10 19:49:18', '2026-01-10 19:51:11');
INSERT INTO `tb_post` VALUES (28, 4, 2, 'жөӢиҜ•жңӘеҲҶиҜҚзҡ„её–еӯҗ', '<p>еҚ§ж§Ҫ</p>', 4, 0, 0, 1, '2026-01-10 19:51:25', '2026-01-10 20:00:50');
INSERT INTO `tb_post` VALUES (29, 4, 2, 'жөӢиҜ•е·Із»ҸеҲҶиҜҚзҡ„её–еӯҗ', '<p>еҚ§ж§Ҫе°јзҺӣ</p>', 4, 0, 0, 1, '2026-01-10 19:59:45', '2026-01-10 20:00:52');
INSERT INTO `tb_post` VALUES (30, 4, 1, 'еҚ§ж§Ҫ', '<p>еҚ§ж§Ҫ</p>', 4, 0, 0, 1, '2026-01-10 21:36:15', '2026-01-10 21:37:35');
INSERT INTO `tb_post` VALUES (31, 4, 1, 'жөӢиҜ•', '<p>еҚ§ж§Ҫ</p>', 4, 0, 0, 1, '2026-01-10 21:37:17', '2026-01-10 21:38:07');
INSERT INTO `tb_post` VALUES (32, 4, 2, 'еҚ§ж§Ҫ', '<p>жөӢиҜ•</p>', 4, 0, 0, 1, '2026-01-10 21:38:27', '2026-01-10 21:39:05');
INSERT INTO `tb_post` VALUES (33, 4, 2, 'жөӢиҜ•еҲ йҷӨж•Ҹж„ҹиҜҚ', '<p>зӣҳеҸӨејҖеӨ©</p>', 3, 0, 0, 1, '2026-01-11 18:36:34', '2026-01-11 20:05:26');
INSERT INTO `tb_post` VALUES (34, 4, 2, 'жөӢиҜ•', '<p>mdmlgb</p>', 3, 0, 0, 1, '2026-01-11 20:06:07', '2026-01-11 20:07:44');
INSERT INTO `tb_post` VALUES (35, 4, 2, '11', '<p>11</p>', 3, 0, 0, 1, '2026-01-13 22:10:47', '2026-01-13 22:11:12');
INSERT INTO `tb_post` VALUES (36, 1, 2, '111', '<p>111</p>', 3, 0, 0, 1, '2026-02-10 14:36:23', '2026-02-10 14:51:18');
INSERT INTO `tb_post` VALUES (37, 1, 1, '111', '<p>111</p>', 3, 0, 0, 1, '2026-02-10 14:52:04', '2026-02-10 14:54:35');
INSERT INTO `tb_post` VALUES (38, 1, 3, '111', '<p>111</p>', 3, 0, 0, 1, '2026-02-10 14:54:47', '2026-02-10 14:56:16');
INSERT INTO `tb_post` VALUES (39, 1, 2, '111', '<p>111</p>', 3, 1, 0, 1, '2026-02-10 14:56:25', '2026-02-10 14:58:57');
INSERT INTO `tb_post` VALUES (40, 1, 3, '111', '<p>111</p>', 3, 1, 0, 1, '2026-02-10 14:59:07', '2026-02-10 15:14:58');
INSERT INTO `tb_post` VALUES (41, 1, 1, '222', '<p>111</p>', 3, 0, 0, 1, '2026-02-10 15:15:09', '2026-02-10 16:44:48');
INSERT INTO `tb_post` VALUES (42, 1, 3, '111', '<p>111</p>', 3, 0, 0, 1, '2026-02-10 17:23:52', '2026-02-10 17:31:17');
INSERT INTO `tb_post` VALUES (43, 1, 3, '222', '<p>222</p>', 3, 0, 0, 1, '2026-02-10 17:24:03', '2026-02-10 17:31:17');
INSERT INTO `tb_post` VALUES (44, 1, 3, '333', '<p>333</p>', 3, 0, 0, 1, '2026-02-10 17:30:02', '2026-02-10 17:31:17');
INSERT INTO `tb_post` VALUES (45, 1, 2, 'жөӢиҜ•websocket1', '<p>жөӢиҜ•websocket1</p>', 3, 0, 0, 1, '2026-02-14 21:52:14', '2026-02-14 21:57:44');
INSERT INTO `tb_post` VALUES (46, 1, 2, 'жөӢиҜ•websocket11', '<p>жөӢиҜ•websocket11</p>', 3, 0, 0, 1, '2026-02-14 21:58:34', '2026-02-14 22:00:06');
INSERT INTO `tb_post` VALUES (47, 1, 3, 'жөӢиҜ•websocket111', '<p>жөӢиҜ•websocket111</p>', 3, 1, 0, 0, '2026-02-14 22:00:24', '2026-02-14 23:30:37');
INSERT INTO `tb_post` VALUES (48, 1, 3, 'жөӢиҜ•RabbitMQе®Ўж ё22', '<p>жөӢиҜ•RabbitMQе®Ўж ё</p>', 3, 0, 0, 0, '2026-02-21 16:50:29', '2026-02-24 11:20:15');
INSERT INTO `tb_post` VALUES (49, 1, 2, 'жөӢиҜ•RabbitMQеӨұиҙҘе®Ўж ё', '<p>жөӢиҜ•RabbitMQеӨұиҙҘе®Ўж ёеҚ§ж§Ҫ</p>', 4, 0, 0, 1, '2026-02-21 16:51:35', '2026-02-21 16:51:54');

-- ----------------------------
-- Table structure for tb_post_dislike
-- ----------------------------
DROP TABLE IF EXISTS `tb_post_dislike`;
CREATE TABLE `tb_post_dislike`  (
  `id` bigint NOT NULL AUTO_INCREMENT COMMENT 'ж”¶и—ҸIDпјҢдё»й”®иҮӘеўһ',
  `user_id` bigint NOT NULL COMMENT 'з”ЁжҲ·IDпјҢдёҚеҸҜдёәз©әпјҢдёҺз”ЁжҲ·иЎЁе…іиҒ”',
  `post_id` bigint NOT NULL COMMENT 'её–еӯҗIDпјҢдёҚеҸҜдёәз©әпјҢдёҺеё–еӯҗиЎЁе…іиҒ”',
  `cancel_flag` tinyint NOT NULL DEFAULT 0 COMMENT 'еҸ–ж¶ҲзӮ№иё©ж Үи®°пјҢ0-жңӘеҸ–ж¶ҲпјҢ1-е·ІеҸ–ж¶Ҳ',
  `create_time` datetime NOT NULL DEFAULT CURRENT_TIMESTAMP COMMENT 'еҲӣе»әж—¶й—ҙпјҢй»ҳи®ӨдёәжҸ’е…Ҙж—¶ж—¶й—ҙжҲі',
  `update_time` datetime NOT NULL DEFAULT CURRENT_TIMESTAMP ON UPDATE CURRENT_TIMESTAMP COMMENT 'жӣҙж–°ж—¶й—ҙпјҢй»ҳи®ӨдёәжҸ’е…ҘжҲ–жӣҙж–°ж—¶еҪ“еүҚж—¶й—ҙжҲі',
  PRIMARY KEY (`id`) USING BTREE
) ENGINE = InnoDB AUTO_INCREMENT = 3 CHARACTER SET = utf8mb4 COLLATE = utf8mb4_0900_ai_ci COMMENT = 'её–еӯҗзӮ№иё©иЎЁ' ROW_FORMAT = Dynamic;

-- ----------------------------
-- Records of tb_post_dislike
-- ----------------------------
INSERT INTO `tb_post_dislike` VALUES (1, 3, 1, 1, '2025-12-21 14:05:35', '2025-12-21 20:49:49');
INSERT INTO `tb_post_dislike` VALUES (2, 1, 15, 1, '2026-01-07 09:39:22', '2026-01-07 09:39:23');

-- ----------------------------
-- Table structure for tb_post_favorite
-- ----------------------------
DROP TABLE IF EXISTS `tb_post_favorite`;
CREATE TABLE `tb_post_favorite`  (
  `id` bigint NOT NULL AUTO_INCREMENT COMMENT 'ж”¶и—ҸIDпјҢдё»й”®иҮӘеўһ',
  `user_id` bigint NOT NULL COMMENT 'з”ЁжҲ·IDпјҢдёҚеҸҜдёәз©әпјҢдёҺз”ЁжҲ·иЎЁе…іиҒ”',
  `post_id` bigint NOT NULL COMMENT 'её–еӯҗIDпјҢдёҚеҸҜдёәз©әпјҢдёҺеё–еӯҗиЎЁе…іиҒ”',
  `cancel_flag` tinyint NULL DEFAULT 0 COMMENT 'еҸ–ж¶Ҳж”¶и—Ҹж Үи®°пјҢ0-жңӘеҸ–ж¶ҲпјҢ1-е·ІеҸ–ж¶Ҳ\r\n',
  `create_time` datetime NULL DEFAULT CURRENT_TIMESTAMP COMMENT 'еҲӣе»әж—¶й—ҙпјҢй»ҳи®ӨдёәжҸ’е…Ҙж—¶ж—¶й—ҙжҲі',
  `update_time` datetime NULL DEFAULT CURRENT_TIMESTAMP ON UPDATE CURRENT_TIMESTAMP COMMENT 'жӣҙж–°ж—¶й—ҙпјҢй»ҳи®ӨдёәжҸ’е…Ҙж—¶ж—¶й—ҙжҲіпјҢжҸ’е…Ҙж—¶иҮӘеҠЁжӣҙж–°',
  PRIMARY KEY (`id`) USING BTREE,
  INDEX `idx_user_id`(`user_id` ASC) USING BTREE,
  INDEX `idx_post_id`(`post_id` ASC) USING BTREE
) ENGINE = InnoDB AUTO_INCREMENT = 9 CHARACTER SET = utf8mb4 COLLATE = utf8mb4_unicode_ci COMMENT = 'её–еӯҗж”¶и—ҸиЎЁ' ROW_FORMAT = Dynamic;

-- ----------------------------
-- Records of tb_post_favorite
-- ----------------------------
INSERT INTO `tb_post_favorite` VALUES (1, 3, 1, 1, '2025-12-21 20:31:08', '2025-12-21 20:50:43');
INSERT INTO `tb_post_favorite` VALUES (2, 3, 2, 0, '2025-12-21 20:31:40', '2025-12-21 20:51:04');
INSERT INTO `tb_post_favorite` VALUES (3, 1, 1, 0, '2025-12-21 20:35:27', '2026-02-19 20:54:45');
INSERT INTO `tb_post_favorite` VALUES (4, 1, 16, 0, '2025-12-26 20:59:16', '2025-12-26 20:59:15');
INSERT INTO `tb_post_favorite` VALUES (5, 1, 15, 0, '2026-01-07 09:39:29', '2026-01-07 09:39:28');
INSERT INTO `tb_post_favorite` VALUES (6, 1, 41, 1, '2026-02-10 16:12:58', '2026-02-10 17:09:36');
INSERT INTO `tb_post_favorite` VALUES (7, 2, 1, 1, '2026-02-19 20:52:08', '2026-02-19 20:54:34');
INSERT INTO `tb_post_favorite` VALUES (8, 1, 2, 1, '2026-02-21 00:01:24', '2026-02-21 00:10:34');

-- ----------------------------
-- Table structure for tb_post_like
-- ----------------------------
DROP TABLE IF EXISTS `tb_post_like`;
CREATE TABLE `tb_post_like`  (
  `id` bigint NOT NULL AUTO_INCREMENT COMMENT 'ж”¶и—ҸIDпјҢдё»й”®иҮӘеўһ',
  `user_id` bigint NOT NULL COMMENT 'з”ЁжҲ·IDпјҢдёҚеҸҜдёәз©әпјҢдёҺз”ЁжҲ·иЎЁе…іиҒ”',
  `post_id` bigint NOT NULL COMMENT 'её–еӯҗIDпјҢдёҚеҸҜдёәз©әпјҢдёҺеё–еӯҗиЎЁе…іиҒ”',
  `cancel_flag` tinyint NOT NULL DEFAULT 0 COMMENT 'еҸ–ж¶ҲзӮ№иөһж Үи®°пјҢ0-жңӘеҸ–ж¶ҲпјҢ1-е·ІеҸ–ж¶Ҳ',
  `create_time` datetime NOT NULL DEFAULT CURRENT_TIMESTAMP COMMENT 'еҲӣе»әж—¶й—ҙпјҢй»ҳи®ӨдёәжҸ’е…Ҙж—¶ж—¶й—ҙжҲі',
  `update_time` datetime NOT NULL DEFAULT CURRENT_TIMESTAMP ON UPDATE CURRENT_TIMESTAMP COMMENT 'жӣҙж–°ж—¶й—ҙпјҢй»ҳи®ӨдёәжҸ’е…ҘжҲ–жӣҙж–°ж—¶еҪ“еүҚж—¶й—ҙжҲі',
  PRIMARY KEY (`id`) USING BTREE
) ENGINE = InnoDB AUTO_INCREMENT = 20 CHARACTER SET = utf8mb4 COLLATE = utf8mb4_0900_ai_ci COMMENT = 'её–еӯҗзӮ№иөһиЎЁ' ROW_FORMAT = Dynamic;

-- ----------------------------
-- Records of tb_post_like
-- ----------------------------
INSERT INTO `tb_post_like` VALUES (5, 3, 1, 1, '2025-12-21 14:05:10', '2025-12-21 20:49:46');
INSERT INTO `tb_post_like` VALUES (6, 1, 15, 0, '2025-12-23 17:01:09', '2026-01-07 09:39:23');
INSERT INTO `tb_post_like` VALUES (7, 3, 15, 0, '2025-12-26 20:46:49', '2026-02-19 20:34:33');
INSERT INTO `tb_post_like` VALUES (8, 1, 16, 0, '2025-12-26 20:59:14', '2025-12-26 20:59:18');
INSERT INTO `tb_post_like` VALUES (9, 1, 1, 1, '2026-02-09 22:32:23', '2026-02-09 22:32:24');
INSERT INTO `tb_post_like` VALUES (10, 1, 39, 0, '2026-02-10 14:57:13', '2026-02-10 14:57:13');
INSERT INTO `tb_post_like` VALUES (11, 1, 40, 0, '2026-02-10 15:00:10', '2026-02-10 15:00:10');
INSERT INTO `tb_post_like` VALUES (12, 1, 41, 1, '2026-02-10 15:16:17', '2026-02-10 15:19:31');
INSERT INTO `tb_post_like` VALUES (13, 1, 2, 1, '2026-02-10 15:19:43', '2026-02-21 00:13:00');
INSERT INTO `tb_post_like` VALUES (14, 3, 47, 0, '2026-02-14 23:00:58', '2026-02-14 23:30:37');
INSERT INTO `tb_post_like` VALUES (15, 1, 47, 1, '2026-02-14 23:01:16', '2026-02-14 23:01:19');
INSERT INTO `tb_post_like` VALUES (16, 3, 3, 0, '2026-02-19 20:39:47', '2026-02-19 20:39:47');
INSERT INTO `tb_post_like` VALUES (17, 2, 15, 0, '2026-02-19 20:51:21', '2026-02-19 20:51:20');
INSERT INTO `tb_post_like` VALUES (18, 2, 1, 0, '2026-02-19 20:51:34', '2026-02-19 20:51:33');
INSERT INTO `tb_post_like` VALUES (19, 2, 16, 0, '2026-02-19 20:52:23', '2026-02-19 20:52:22');

-- ----------------------------
-- Table structure for tb_post_media
-- ----------------------------
DROP TABLE IF EXISTS `tb_post_media`;
CREATE TABLE `tb_post_media`  (
  `id` bigint NOT NULL AUTO_INCREMENT COMMENT 'еӘ’дҪ“IDпјҢдё»й”®иҮӘеўһ',
  `post_id` bigint NOT NULL COMMENT 'её–еӯҗIDпјҢдёҺеё–еӯҗиЎЁе…іиҒ”',
  `media_url` varchar(1024) CHARACTER SET utf8mb4 COLLATE utf8mb4_unicode_ci NOT NULL COMMENT 'еӘ’дҪ“ең°еқҖ',
  `media_type` tinyint NOT NULL COMMENT 'еӘ’дҪ“зұ»еһӢпјҢ1-еӣҫзүҮпјҢ2-и§Ҷйў‘',
  `delete_flag` tinyint NULL DEFAULT 0 COMMENT 'еҲ йҷӨж Үи®°пјҢ0-жңӘеҲ йҷӨпјҢ1-е·ІеҲ йҷӨ',
  `create_time` datetime NULL DEFAULT CURRENT_TIMESTAMP COMMENT 'еҲӣе»әж—¶й—ҙпјҢй»ҳи®ӨдёәжҸ’е…Ҙж—¶ж—¶й—ҙжҲі',
  `update_time` datetime NULL DEFAULT CURRENT_TIMESTAMP ON UPDATE CURRENT_TIMESTAMP COMMENT 'жӣҙж–°ж—¶й—ҙпјҢй»ҳи®ӨдёәжҸ’е…Ҙж—¶ж—¶й—ҙжҲіпјҢжҸ’е…Ҙж—¶иҮӘеҠЁжӣҙж–°',
  PRIMARY KEY (`id`) USING BTREE,
  INDEX `idx_post_id`(`post_id` ASC) USING BTREE
) ENGINE = InnoDB AUTO_INCREMENT = 49 CHARACTER SET = utf8mb4 COLLATE = utf8mb4_unicode_ci COMMENT = 'её–еӯҗеӘ’дҪ“иЎЁ' ROW_FORMAT = Dynamic;

-- ----------------------------
-- Records of tb_post_media
-- ----------------------------
INSERT INTO `tb_post_media` VALUES (1, 1, 'https://pet-store-bucket.oss-cn-hangzhou.aliyuncs.com/golden_retriever_post_1.png', 1, 0, '2025-12-18 12:21:15', '2025-12-18 14:10:21');
INSERT INTO `tb_post_media` VALUES (2, 1, 'https://pet-store-bucket.oss-cn-hangzhou.aliyuncs.com/golden_retriever_post_2.png', 1, 0, '2025-12-18 12:21:15', '2026-02-09 23:57:17');
INSERT INTO `tb_post_media` VALUES (3, 2, 'https://pet-store-bucket.oss-cn-hangzhou.aliyuncs.com/british_shorthair_post1.png', 1, 0, '2025-12-18 12:21:15', '2025-12-18 14:10:31');
INSERT INTO `tb_post_media` VALUES (4, 2, 'https://pet-store-bucket.oss-cn-hangzhou.aliyuncs.com/british_shorthair_post_2.png', 1, 0, '2025-12-18 12:21:15', '2025-12-18 14:10:32');
INSERT INTO `tb_post_media` VALUES (5, 3, 'https://pet-store-bucket.oss-cn-hangzhou.aliyuncs.com/cat_post.mp4', 2, 0, '2025-12-18 12:21:15', '2026-02-09 23:56:12');
INSERT INTO `tb_post_media` VALUES (6, 7, 'https://pet-store-bucket.oss-cn-hangzhou.aliyuncs.com/5ff980bb-1f66-4935-92c8-414a3127ec24_жҠ–йҹі20251127-398602.mp4', 2, 1, '2025-12-20 16:31:43', '2026-01-10 20:21:05');
INSERT INTO `tb_post_media` VALUES (7, 8, 'https://pet-store-bucket.oss-cn-hangzhou.aliyuncs.com/08b88d24-9f1a-4091-87cf-0961ee407e4a_жҠ–йҹі20251127-398602.mp4', 2, 1, '2025-12-20 16:33:52', '2026-01-10 20:21:28');
INSERT INTO `tb_post_media` VALUES (8, 9, 'https://pet-store-bucket.oss-cn-hangzhou.aliyuncs.com/b2b93fc3-43cb-4a4f-b2d2-383efb831827_з”ҹжҲҗзү№е®ҡ logo.png', 1, 1, '2025-12-20 16:45:41', '2026-01-10 20:21:10');
INSERT INTO `tb_post_media` VALUES (9, 10, 'https://pet-store-bucket.oss-cn-hangzhou.aliyuncs.com/74c3b15e-b7be-458d-897f-5bb30777dcd3_cover.png', 1, 0, '2025-12-20 16:46:25', '2025-12-20 16:46:24');
INSERT INTO `tb_post_media` VALUES (10, 12, 'https://pet-store-bucket.oss-cn-hangzhou.aliyuncs.com/7cef2ac5-7dc2-4ace-a124-aae7a2a53ff6_cover.png', 1, 1, '2025-12-20 16:52:05', '2025-12-20 23:26:08');
INSERT INTO `tb_post_media` VALUES (11, 12, 'https://pet-store-bucket.oss-cn-hangzhou.aliyuncs.com/dcddd19e-069a-4098-92b9-4db1968ae8b3_british_shorthair_comment_2.png', 1, 0, '2025-12-20 23:26:08', '2025-12-20 23:34:26');
INSERT INTO `tb_post_media` VALUES (12, 13, 'https://pet-store-bucket.oss-cn-hangzhou.aliyuncs.com/6e194189-43b0-40f4-acc5-50d9221cad1d_cover.png', 1, 0, '2025-12-20 23:35:39', '2025-12-20 23:35:39');
INSERT INTO `tb_post_media` VALUES (13, 14, 'https://pet-store-bucket.oss-cn-hangzhou.aliyuncs.com/b41397e3-6ae5-4f4a-8f6b-59005dbf6fef_cover.png', 1, 1, '2025-12-21 21:18:39', '2025-12-21 21:18:50');
INSERT INTO `tb_post_media` VALUES (14, 15, 'https://pet-store-bucket.oss-cn-hangzhou.aliyuncs.com/cdd5342e-f354-4c54-bd24-22574c6cba83_001-гҖҠдҪ пјҢеҘҪдёҚеҘҪпјҹгҖӢе‘Ёе…ҙе“ІпҪһиғҪдёҚиғҪз»§з»ӯеҜ№жҲ‘е“ӯ.mp4', 2, 0, '2025-12-23 10:10:49', '2025-12-23 10:10:49');
INSERT INTO `tb_post_media` VALUES (15, 16, 'https://pet-store-bucket.oss-cn-hangzhou.aliyuncs.com/9ecec508-f072-4a6b-aef6-a83f36d07c84_жҲ‘еҸӘиғҪзҰ»ејҖ.mp4', 2, 0, '2025-12-26 20:54:17', '2025-12-26 20:54:17');
INSERT INTO `tb_post_media` VALUES (16, 17, 'https://pet-store-bucket.oss-cn-hangzhou.aliyuncs.com/d96e408c-45ea-4974-9582-ac9f982016f9_cover.png', 1, 1, '2026-01-07 17:24:28', '2026-01-07 17:25:15');
INSERT INTO `tb_post_media` VALUES (17, 18, 'https://pet-store-bucket.oss-cn-hangzhou.aliyuncs.com/cec89716-fa01-4da0-a05e-185a65a21759_cover.png', 1, 1, '2026-01-07 19:01:45', '2026-01-07 19:02:00');
INSERT INTO `tb_post_media` VALUES (18, 19, 'https://pet-store-bucket.oss-cn-hangzhou.aliyuncs.com/14c9fcdb-a1e8-46f1-b99a-6cbc479876bd_cover.png', 1, 1, '2026-01-10 10:28:17', '2026-01-10 10:30:10');
INSERT INTO `tb_post_media` VALUES (19, 20, 'https://pet-store-bucket.oss-cn-hangzhou.aliyuncs.com/ac6e1e0b-3003-4f34-b6b5-7f053c639cd1_cover.png', 1, 1, '2026-01-10 10:28:51', '2026-01-10 10:33:05');
INSERT INTO `tb_post_media` VALUES (20, 21, 'https://pet-store-bucket.oss-cn-hangzhou.aliyuncs.com/02d623d3-40be-409c-9d79-814f67948b9c_cover.png', 1, 1, '2026-01-10 10:29:40', '2026-01-10 10:32:04');
INSERT INTO `tb_post_media` VALUES (21, 22, 'https://pet-store-bucket.oss-cn-hangzhou.aliyuncs.com/e219bb89-6046-49f5-b1f9-bda45598507f_cover.png', 1, 1, '2026-01-10 10:33:31', '2026-01-10 10:37:59');
INSERT INTO `tb_post_media` VALUES (22, 23, 'https://pet-store-bucket.oss-cn-hangzhou.aliyuncs.com/4d29c365-36b1-4e0d-a5b1-8feda09387ee_cover.png', 1, 1, '2026-01-10 10:33:43', '2026-01-10 10:34:11');
INSERT INTO `tb_post_media` VALUES (23, 24, 'https://pet-store-bucket.oss-cn-hangzhou.aliyuncs.com/842611b6-c488-4ea2-b6f4-06cb7ee3843a_cover.png', 1, 1, '2026-01-10 10:36:31', '2026-01-10 10:37:59');
INSERT INTO `tb_post_media` VALUES (24, 25, 'https://pet-store-bucket.oss-cn-hangzhou.aliyuncs.com/32fc7610-7f28-4c92-8039-35105fad548e_cover.png', 1, 1, '2026-01-10 10:40:35', '2026-01-10 10:40:48');
INSERT INTO `tb_post_media` VALUES (25, 26, 'https://pet-store-bucket.oss-cn-hangzhou.aliyuncs.com/bfc2bfdb-95be-4936-9b69-1fc525f90265_cover.png', 1, 1, '2026-01-10 19:48:01', '2026-01-10 19:59:29');
INSERT INTO `tb_post_media` VALUES (26, 27, 'https://pet-store-bucket.oss-cn-hangzhou.aliyuncs.com/bae0ad2b-5e43-4c0c-9736-061126b219a7_cover.png', 1, 1, '2026-01-10 19:49:19', '2026-01-10 19:51:11');
INSERT INTO `tb_post_media` VALUES (27, 28, 'https://pet-store-bucket.oss-cn-hangzhou.aliyuncs.com/a85b6513-6a38-4ad2-8c66-e7a345358e0e_cover.png', 1, 1, '2026-01-10 19:51:25', '2026-01-10 20:00:50');
INSERT INTO `tb_post_media` VALUES (28, 29, 'https://pet-store-bucket.oss-cn-hangzhou.aliyuncs.com/4239ac31-8cb8-4394-a1cd-52b95b883d5f_cover.png', 1, 1, '2026-01-10 19:59:46', '2026-01-10 20:00:52');
INSERT INTO `tb_post_media` VALUES (29, 30, 'https://pet-store-bucket.oss-cn-hangzhou.aliyuncs.com/8f6dcfc9-21d1-4792-aace-b5c516ce1c31_cover.png', 1, 1, '2026-01-10 21:36:16', '2026-01-10 21:37:35');
INSERT INTO `tb_post_media` VALUES (30, 31, 'https://pet-store-bucket.oss-cn-hangzhou.aliyuncs.com/de55e791-3857-4b00-b60f-742f855cc229_cover.png', 1, 1, '2026-01-10 21:37:18', '2026-01-10 21:38:07');
INSERT INTO `tb_post_media` VALUES (31, 32, 'https://pet-store-bucket.oss-cn-hangzhou.aliyuncs.com/104535fd-22a4-4baf-87d5-ac39c2f62d50_cover.png', 1, 1, '2026-01-10 21:38:28', '2026-01-10 21:39:05');
INSERT INTO `tb_post_media` VALUES (32, 33, 'https://pet-store-bucket.oss-cn-hangzhou.aliyuncs.com/862a7288-b3e7-47e0-98a1-70e1ac611484_cover.png', 1, 1, '2026-01-11 18:36:35', '2026-01-11 20:05:26');
INSERT INTO `tb_post_media` VALUES (33, 34, 'https://pet-store-bucket.oss-cn-hangzhou.aliyuncs.com/368e909f-9680-4122-8f45-4e5cd29478aa_cover.png', 1, 1, '2026-01-11 20:06:08', '2026-01-11 20:07:44');
INSERT INTO `tb_post_media` VALUES (34, 35, 'https://pet-store-bucket.oss-cn-hangzhou.aliyuncs.com/d1ed0e85-f810-46b7-bd8e-73722a2f2bb4_cover.png', 1, 1, '2026-01-13 22:10:48', '2026-01-13 22:11:12');
INSERT INTO `tb_post_media` VALUES (35, 36, 'https://pet-store-bucket.oss-cn-hangzhou.aliyuncs.com/324cd022-0fc6-4db1-ba7c-60bd42bf7e77_cover.png', 1, 1, '2026-02-10 14:36:23', '2026-02-10 14:46:48');
INSERT INTO `tb_post_media` VALUES (36, 37, 'https://pet-store-bucket.oss-cn-hangzhou.aliyuncs.com/2f335eb3-d352-4051-93d5-2b9d545b8e93_cover.png', 1, 1, '2026-02-10 14:52:05', '2026-02-10 14:54:35');
INSERT INTO `tb_post_media` VALUES (37, 38, 'https://pet-store-bucket.oss-cn-hangzhou.aliyuncs.com/20805ee4-3c50-41c1-9441-28c4592b286d_cover.png', 1, 1, '2026-02-10 14:54:48', '2026-02-10 14:56:16');
INSERT INTO `tb_post_media` VALUES (38, 39, 'https://pet-store-bucket.oss-cn-hangzhou.aliyuncs.com/528ebfec-dadb-44c9-9d1e-ec63e5a1e6d0_cover.png', 1, 1, '2026-02-10 14:56:26', '2026-02-10 14:58:57');
INSERT INTO `tb_post_media` VALUES (39, 40, 'https://pet-store-bucket.oss-cn-hangzhou.aliyuncs.com/15f570bf-0658-4ecb-be37-b5f61fc3ecc8_cover.png', 1, 1, '2026-02-10 14:59:08', '2026-02-10 15:14:58');
INSERT INTO `tb_post_media` VALUES (40, 41, 'https://pet-store-bucket.oss-cn-hangzhou.aliyuncs.com/5cf22a34-77b8-48bc-9bf6-9ab549d2fd54_cover.png', 1, 1, '2026-02-10 15:15:10', '2026-02-10 16:44:48');
INSERT INTO `tb_post_media` VALUES (41, 42, 'https://pet-store-bucket.oss-cn-hangzhou.aliyuncs.com/91d4328f-49d3-4775-ba89-77daad56e2b4_cover.png', 1, 0, '2026-02-10 17:23:53', '2026-02-10 17:23:52');
INSERT INTO `tb_post_media` VALUES (42, 43, 'https://pet-store-bucket.oss-cn-hangzhou.aliyuncs.com/8ffa8e92-fc00-41ff-b0cd-e45c88f1a2e1_cover.png', 1, 0, '2026-02-10 17:24:03', '2026-02-10 17:24:03');
INSERT INTO `tb_post_media` VALUES (43, 44, 'https://pet-store-bucket.oss-cn-hangzhou.aliyuncs.com/361c522f-5dd9-44b6-a3e6-25573c9c6427_cover.png', 1, 0, '2026-02-10 17:30:03', '2026-02-10 17:30:02');
INSERT INTO `tb_post_media` VALUES (44, 45, 'https://pet-store-bucket.oss-cn-hangzhou.aliyuncs.com/d4abb8c8-6dfe-4163-9227-f6236f035c3a_cover.png', 1, 1, '2026-02-14 21:52:15', '2026-02-14 21:57:44');
INSERT INTO `tb_post_media` VALUES (45, 46, 'https://pet-store-bucket.oss-cn-hangzhou.aliyuncs.com/cef131c4-3941-45ec-8f6f-07eff08d5736_cover.png', 1, 1, '2026-02-14 21:58:35', '2026-02-14 22:00:06');
INSERT INTO `tb_post_media` VALUES (46, 47, 'https://pet-store-bucket.oss-cn-hangzhou.aliyuncs.com/74ecfc1a-beb3-4d79-844c-8566cef2e251_cover.png', 1, 0, '2026-02-14 22:00:25', '2026-02-14 22:00:24');
INSERT INTO `tb_post_media` VALUES (47, 48, 'https://pet-store-bucket.oss-cn-hangzhou.aliyuncs.com/98d58b19-a721-4564-90db-89bad1ca7019_cover.png', 1, 0, '2026-02-21 16:50:30', '2026-02-21 16:50:30');
INSERT INTO `tb_post_media` VALUES (48, 49, 'https://pet-store-bucket.oss-cn-hangzhou.aliyuncs.com/f0c29401-5baf-41a2-afa0-edf5f21ba62e_cover.png', 1, 1, '2026-02-21 16:51:36', '2026-02-21 16:51:54');

-- ----------------------------
-- Table structure for tb_product_category_sub
-- ----------------------------
DROP TABLE IF EXISTS `tb_product_category_sub`;
CREATE TABLE `tb_product_category_sub`  (
  `id` bigint NOT NULL AUTO_INCREMENT COMMENT 'дё»й”®иҮӘеўһ ID',
  `main_category_id` bigint NOT NULL COMMENT 'е•Ҷе“ҒдёҖзә§еҲҶзұ» IDпјҢдёҺ tb_category_super.id е…іиҒ”',
  `name` varchar(50) CHARACTER SET utf8mb4 COLLATE utf8mb4_0900_ai_ci NOT NULL COMMENT 'еҲҶзұ»еҗҚз§°',
  `delete_flag` tinyint NOT NULL DEFAULT 0 COMMENT 'еҲ йҷӨж Үи®°пјҢ0-жңӘеҲ йҷӨпјҢ1-е·ІеҲ йҷӨ',
  `create_time` datetime NOT NULL DEFAULT CURRENT_TIMESTAMP COMMENT 'еҲӣе»әж—¶й—ҙпјҢй»ҳи®ӨдёәжҸ’е…Ҙж—¶еҪ“еүҚж—¶й—ҙжҲі',
  `update_time` datetime NOT NULL DEFAULT CURRENT_TIMESTAMP ON UPDATE CURRENT_TIMESTAMP COMMENT 'жӣҙж–°ж—¶й—ҙпјҢжҸ’е…ҘжҲ–жӣҙж–°ж—¶иҮӘеҠЁи®ҫдёәеҪ“еүҚж—¶й—ҙжҲі',
  PRIMARY KEY (`id`) USING BTREE
) ENGINE = InnoDB AUTO_INCREMENT = 111 CHARACTER SET = utf8mb4 COLLATE = utf8mb4_0900_ai_ci COMMENT = 'е•Ҷе“ҒдәҢзә§еҲҶзұ»иЎЁ' ROW_FORMAT = Dynamic;

-- ----------------------------
-- Records of tb_product_category_sub
-- ----------------------------
INSERT INTO `tb_product_category_sub` VALUES (1, 1, 'иӢұеӣҪзҹӯжҜӣзҢ«', 0, '2025-12-09 16:14:38', '2025-12-09 16:14:38');
INSERT INTO `tb_product_category_sub` VALUES (2, 1, 'зҫҺеӣҪзҹӯжҜӣзҢ«', 0, '2025-12-09 16:14:51', '2025-12-09 16:14:51');
INSERT INTO `tb_product_category_sub` VALUES (3, 1, 'жіўж–ҜзҢ«', 0, '2025-12-09 16:14:54', '2025-12-09 16:14:54');
INSERT INTO `tb_product_category_sub` VALUES (4, 1, 'жҡ№зҪ—зҢ«', 0, '2025-12-09 16:14:57', '2025-12-09 16:14:57');
INSERT INTO `tb_product_category_sub` VALUES (5, 1, 'еёғеҒ¶зҢ«', 0, '2025-12-09 16:15:00', '2025-12-09 16:15:00');
INSERT INTO `tb_product_category_sub` VALUES (6, 1, 'зј…еӣ зҢ«', 0, '2025-12-09 16:15:04', '2025-12-09 16:15:04');
INSERT INTO `tb_product_category_sub` VALUES (7, 1, 'иӢҸж је…°жҠҳиҖізҢ«', 0, '2025-12-09 16:15:07', '2025-12-09 16:15:07');
INSERT INTO `tb_product_category_sub` VALUES (8, 1, ' Norwegian Forest Cat', 0, '2025-12-09 16:15:10', '2025-12-09 16:15:10');
INSERT INTO `tb_product_category_sub` VALUES (9, 1, 'дҝ„зҪ—ж–Ҝи“қзҢ«', 0, '2025-12-09 16:15:19', '2025-12-09 16:15:19');
INSERT INTO `tb_product_category_sub` VALUES (10, 1, 'еӯҹеҠ жӢүзҢ«', 0, '2025-12-09 16:15:29', '2025-12-09 16:15:29');
INSERT INTO `tb_product_category_sub` VALUES (11, 2, 'е“ҲеЈ«еҘҮ', 0, '2025-12-09 16:15:33', '2025-12-09 16:15:33');
INSERT INTO `tb_product_category_sub` VALUES (12, 2, 'жӢүеёғжӢүеӨҡ', 0, '2025-12-09 16:15:36', '2025-12-09 16:15:36');
INSERT INTO `tb_product_category_sub` VALUES (13, 2, 'йҮ‘жҜӣеҜ»еӣһзҠ¬', 0, '2025-12-09 16:15:39', '2025-12-09 16:15:39');
INSERT INTO `tb_product_category_sub` VALUES (14, 2, 'жҹҙзҠ¬', 0, '2025-12-09 16:15:44', '2025-12-09 16:15:44');
INSERT INTO `tb_product_category_sub` VALUES (15, 2, 'жҹҜеҹә', 0, '2025-12-09 16:15:47', '2025-12-09 16:15:47');
INSERT INTO `tb_product_category_sub` VALUES (16, 2, 'еҫ·зү§', 0, '2025-12-09 16:16:00', '2025-12-09 16:16:00');
INSERT INTO `tb_product_category_sub` VALUES (17, 2, 'иҫ№зү§', 0, '2025-12-09 16:16:04', '2025-12-09 16:16:04');
INSERT INTO `tb_product_category_sub` VALUES (18, 2, 'жі°иҝӘ', 0, '2025-12-09 16:16:07', '2025-12-09 16:16:07');
INSERT INTO `tb_product_category_sub` VALUES (19, 2, 'жҜ”ж јзҠ¬', 0, '2025-12-09 16:16:09', '2025-12-09 16:16:09');
INSERT INTO `tb_product_category_sub` VALUES (20, 2, 'иҗЁж‘©иҖ¶', 0, '2025-12-09 16:16:12', '2025-12-09 16:16:12');
INSERT INTO `tb_product_category_sub` VALUES (21, 3, 'иҝ·дҪ зҢӘ', 0, '2025-12-09 16:16:15', '2025-12-09 16:16:15');
INSERT INTO `tb_product_category_sub` VALUES (22, 3, 'и¶ҠеҚ—еӨ§иӮҡзҢӘ', 0, '2025-12-09 16:16:30', '2025-12-09 16:16:30');
INSERT INTO `tb_product_category_sub` VALUES (23, 3, ' pot-bellied pig', 0, '2025-12-09 16:16:33', '2025-12-09 16:16:33');
INSERT INTO `tb_product_category_sub` VALUES (41, 7, 'йҮ‘дёқзҶҠд»“йј ', 0, '2025-12-09 16:22:24', '2026-01-01 21:41:35');
INSERT INTO `tb_product_category_sub` VALUES (42, 7, 'й“¶зӢҗд»“йј ', 0, '2025-12-09 16:22:28', '2025-12-09 16:24:15');
INSERT INTO `tb_product_category_sub` VALUES (43, 7, 'еёғдёҒд»“йј ', 0, '2025-12-09 16:22:31', '2025-12-09 16:24:17');
INSERT INTO `tb_product_category_sub` VALUES (44, 7, 'еҘ¶иҢ¶д»“йј ', 0, '2025-12-09 16:22:49', '2025-12-09 16:24:04');
INSERT INTO `tb_product_category_sub` VALUES (45, 7, 'зҙ«д»“', 0, '2025-12-09 16:22:52', '2025-12-09 16:22:52');
INSERT INTO `tb_product_category_sub` VALUES (52, 9, 'дё»зІ®', 0, '2025-12-09 16:37:09', '2025-12-09 16:37:09');
INSERT INTO `tb_product_category_sub` VALUES (53, 9, 'йӣ¶йЈҹгҖҒеҘ–еҠұйЈҹе“Ғ', 0, '2025-12-09 16:37:24', '2025-12-09 16:37:24');
INSERT INTO `tb_product_category_sub` VALUES (54, 9, 'иҗҘе…»иЎҘе……гҖҒдҝқеҒҘйЈҹе“Ғ', 0, '2025-12-09 16:37:27', '2025-12-09 16:37:27');
INSERT INTO `tb_product_category_sub` VALUES (55, 10, 'йЈҹзў—', 0, '2025-12-09 16:37:31', '2025-12-09 16:37:31');
INSERT INTO `tb_product_category_sub` VALUES (56, 10, 'ж°ҙзў—', 0, '2025-12-09 16:37:35', '2025-12-09 16:37:35');
INSERT INTO `tb_product_category_sub` VALUES (57, 10, 'иҮӘеҠЁе–ӮйЈҹеҷЁ', 0, '2025-12-09 16:37:38', '2025-12-09 16:37:38');
INSERT INTO `tb_product_category_sub` VALUES (58, 10, 'дҫҝжҗәйЈҹж°ҙз”Ёе“Ғ', 0, '2025-12-09 16:37:42', '2025-12-09 16:37:42');
INSERT INTO `tb_product_category_sub` VALUES (59, 11, 'зӘқ', 0, '2025-12-09 16:37:46', '2025-12-09 16:37:46');
INSERT INTO `tb_product_category_sub` VALUES (60, 11, 'еһ«еӯҗ', 0, '2025-12-09 16:37:49', '2025-12-09 16:37:49');
INSERT INTO `tb_product_category_sub` VALUES (61, 11, 'жҜҜеӯҗ', 0, '2025-12-09 16:38:05', '2025-12-09 16:38:05');
INSERT INTO `tb_product_category_sub` VALUES (62, 11, 'е® зү©еәҠ', 0, '2025-12-09 16:38:08', '2025-12-09 16:38:08');
INSERT INTO `tb_product_category_sub` VALUES (63, 11, 'зӘқз®ұ', 0, '2025-12-09 16:38:11', '2025-12-09 16:38:11');
INSERT INTO `tb_product_category_sub` VALUES (64, 12, 'з ӮзӣҶ', 0, '2025-12-09 16:38:14', '2025-12-09 16:38:14');
INSERT INTO `tb_product_category_sub` VALUES (65, 12, 'з Ӯй“І', 0, '2025-12-09 16:38:18', '2025-12-09 16:38:18');
INSERT INTO `tb_product_category_sub` VALUES (66, 12, 'з Ӯеһ«', 0, '2025-12-09 16:38:38', '2025-12-09 16:38:38');
INSERT INTO `tb_product_category_sub` VALUES (67, 12, 'йҳІжјҸеһ«', 0, '2025-12-09 16:38:41', '2025-12-09 16:38:41');
INSERT INTO `tb_product_category_sub` VALUES (68, 12, 'йҳІжә…еһ«', 0, '2025-12-09 16:38:45', '2025-12-09 16:38:45');
INSERT INTO `tb_product_category_sub` VALUES (69, 12, 'е® зү©еҺ•жүҖ', 0, '2025-12-09 16:38:48', '2025-12-09 16:38:48');
INSERT INTO `tb_product_category_sub` VALUES (70, 12, 'жё…жҙҒз”Ёе“Ғ', 0, '2025-12-09 16:38:53', '2025-12-09 16:38:53');
INSERT INTO `tb_product_category_sub` VALUES (71, 13, 'жІҗжөҙз”Ёе“Ғ', 0, '2025-12-09 16:38:56', '2025-12-09 16:38:56');
INSERT INTO `tb_product_category_sub` VALUES (72, 13, 'жҠӨжҜӣзҙ ', 0, '2025-12-09 16:39:00', '2025-12-09 16:39:00');
INSERT INTO `tb_product_category_sub` VALUES (74, 13, 'жҠӨзҗҶжё…жҙҒз”Ёе“Ғ', 0, '2025-12-09 16:39:09', '2025-12-09 16:39:09');
INSERT INTO `tb_product_category_sub` VALUES (75, 13, 'еҲ·еӯҗ / жўіеӯҗ /йҷӨжҜӣе·Ҙе…·', 0, '2025-12-09 16:39:25', '2025-12-09 16:39:25');
INSERT INTO `tb_product_category_sub` VALUES (76, 13, 'жҢҮз”ІеүӘпјҸзЈЁзҲӘе·Ҙе…·', 0, '2025-12-09 16:39:31', '2025-12-09 16:39:31');
INSERT INTO `tb_product_category_sub` VALUES (77, 13, 'ж—ҘеёёжҠӨзҗҶз”Ёе“Ғ', 0, '2025-12-09 16:39:34', '2025-12-09 16:39:34');
INSERT INTO `tb_product_category_sub` VALUES (78, 13, 'еҸЈи…”жё…жҙҒ', 0, '2025-12-09 16:39:39', '2025-12-09 16:39:39');
INSERT INTO `tb_product_category_sub` VALUES (79, 14, 'йҖ—зҢ«жЈ’', 0, '2025-12-09 16:39:43', '2025-12-09 16:39:43');
INSERT INTO `tb_product_category_sub` VALUES (80, 14, 'дә’еҠЁзҺ©е…·', 0, '2025-12-09 16:39:52', '2025-12-09 16:39:52');
INSERT INTO `tb_product_category_sub` VALUES (81, 14, 'з»із»“', 0, '2025-12-09 16:39:55', '2025-12-09 16:39:55');
INSERT INTO `tb_product_category_sub` VALUES (82, 14, 'иҖҗе’¬зҺ©е…·', 0, '2025-12-09 16:39:58', '2025-12-09 16:39:58');
INSERT INTO `tb_product_category_sub` VALUES (83, 14, 'жҷәеҠӣзҺ©е…·', 0, '2025-12-09 16:40:02', '2025-12-09 16:40:02');
INSERT INTO `tb_product_category_sub` VALUES (84, 15, 'дҫҝжҗәз®ұ/е® зү©иҝҗиҫ“з®ұ', 0, '2025-12-09 16:40:05', '2025-12-09 16:40:05');
INSERT INTO `tb_product_category_sub` VALUES (85, 15, 'е® зү©иғҢеҢ…', 0, '2025-12-09 16:40:16', '2025-12-09 16:40:16');
INSERT INTO `tb_product_category_sub` VALUES (86, 15, 'зүөеј•з»і', 0, '2025-12-09 16:40:19', '2025-12-09 16:40:19');
INSERT INTO `tb_product_category_sub` VALUES (87, 15, 'йЎ№еңҲ', 0, '2025-12-09 16:40:28', '2025-12-09 16:40:28');
INSERT INTO `tb_product_category_sub` VALUES (88, 15, 'иҜҶеҲ«зүҢ', 0, '2025-12-09 16:40:44', '2025-12-09 16:40:44');
INSERT INTO `tb_product_category_sub` VALUES (89, 15, 'е®үе…Ёз»і', 0, '2025-12-09 16:42:48', '2025-12-09 16:42:48');
INSERT INTO `tb_product_category_sub` VALUES (90, 15, 'йҳІиө°еӨұз”Ёе“Ғ', 0, '2025-12-09 16:42:53', '2025-12-09 16:42:53');
INSERT INTO `tb_product_category_sub` VALUES (91, 15, 'е® зү©й—Ё', 0, '2025-12-09 16:42:56', '2025-12-09 16:42:56');
INSERT INTO `tb_product_category_sub` VALUES (92, 16, 'е® зү©иЎЈжңҚ', 0, '2025-12-09 16:43:00', '2025-12-09 16:43:00');
INSERT INTO `tb_product_category_sub` VALUES (93, 16, 'дҪ©жҲҙй…Қд»¶', 0, '2025-12-09 16:43:03', '2025-12-09 16:43:03');
INSERT INTO `tb_product_category_sub` VALUES (94, 16, 'йҳІжҠӨжңҚ', 0, '2025-12-09 16:43:07', '2025-12-09 16:43:07');
INSERT INTO `tb_product_category_sub` VALUES (95, 17, 'йҷӨиҷ«з”Ёе“Ғ', 0, '2025-12-09 16:43:10', '2025-12-09 16:43:10');
INSERT INTO `tb_product_category_sub` VALUES (96, 17, 'еҹәзЎҖеҢ»з–—жҠӨзҗҶз”Ёе“Ғ', 0, '2025-12-09 16:43:13', '2025-12-09 16:43:13');
INSERT INTO `tb_product_category_sub` VALUES (97, 17, 'е…іиҠӮдҝқеҒҘ', 0, '2025-12-09 16:43:17', '2025-12-09 16:43:17');
INSERT INTO `tb_product_category_sub` VALUES (98, 17, 'жҜӣеҸ‘иҗҘе…»', 0, '2025-12-09 16:43:21', '2025-12-09 16:43:21');
INSERT INTO `tb_product_category_sub` VALUES (99, 17, 'ж•ҙдҪ“еҒҘеә·иЎҘеүӮ', 0, '2025-12-09 16:43:24', '2025-12-09 16:43:24');
INSERT INTO `tb_product_category_sub` VALUES (100, 18, 'з©әж°”йҷӨе‘із”Ёе“Ғ', 0, '2025-12-09 16:43:35', '2025-12-09 16:43:35');
INSERT INTO `tb_product_category_sub` VALUES (101, 18, 'е® зү©е®үе…Ёи®ҫж–Ҫ', 0, '2025-12-09 16:43:51', '2025-12-09 16:43:51');
INSERT INTO `tb_product_category_sub` VALUES (102, 18, 'зҺҜеўғз”Ёе“Ғ', 0, '2025-12-09 16:43:56', '2025-12-09 16:43:56');
INSERT INTO `tb_product_category_sub` VALUES (103, 18, 'ж”¶зәіз”Ёе“Ғ', 0, '2025-12-09 16:44:12', '2025-12-09 16:44:12');
INSERT INTO `tb_product_category_sub` VALUES (104, 18, 'еәҹзү©еӨ„зҗҶз”Ёе“Ғ', 0, '2025-12-09 16:44:25', '2025-12-09 16:44:25');
INSERT INTO `tb_product_category_sub` VALUES (105, 19, 'йҮ‘дёқзҶҠд»“йј ', 1, '2026-01-01 18:00:48', '2026-01-01 22:10:22');
INSERT INTO `tb_product_category_sub` VALUES (106, 23, '11', 1, '2026-01-01 22:11:33', '2026-01-01 22:11:52');
INSERT INTO `tb_product_category_sub` VALUES (107, 38, 'testss', 1, '2026-02-23 15:34:48', '2026-02-23 15:41:58');
INSERT INTO `tb_product_category_sub` VALUES (108, 39, 'test1', 1, '2026-02-23 15:48:13', '2026-02-23 15:49:25');
INSERT INTO `tb_product_category_sub` VALUES (109, 39, 'test2', 1, '2026-02-23 15:48:22', '2026-02-23 15:48:30');
INSERT INTO `tb_product_category_sub` VALUES (110, 40, 'test1', 1, '2026-02-23 15:54:15', '2026-02-23 15:54:36');

-- ----------------------------
-- Table structure for tb_product_category_super
-- ----------------------------
DROP TABLE IF EXISTS `tb_product_category_super`;
CREATE TABLE `tb_product_category_super`  (
  `id` bigint NOT NULL AUTO_INCREMENT COMMENT 'еҲҶзұ»IDпјҢдё»й”®иҮӘеўһ',
  `name` varchar(50) CHARACTER SET utf8mb4 COLLATE utf8mb4_unicode_ci NOT NULL COMMENT 'еҲҶзұ»еҗҚз§°',
  `type` tinyint NOT NULL COMMENT 'е•Ҷе“ҒеҲҶзұ»зұ»еһӢпјҢ1-е® зү©еҲҶзұ»пјҢ2-е® зү©з”Ёе“ҒеҲҶзұ»',
  `delete_flag` tinyint NULL DEFAULT 0 COMMENT 'еҲ йҷӨж Үи®°пјҢ0-жңӘеҲ йҷӨпјҢ1-е·ІеҲ йҷӨ',
  `create_time` datetime NULL DEFAULT CURRENT_TIMESTAMP COMMENT 'еҲӣе»әж—¶й—ҙпјҢй»ҳи®ӨдёәжҸ’е…Ҙж—¶ж—¶й—ҙжҲі',
  `update_time` datetime NULL DEFAULT CURRENT_TIMESTAMP ON UPDATE CURRENT_TIMESTAMP COMMENT 'жӣҙж–°ж—¶й—ҙпјҢй»ҳи®ӨдёәжҸ’е…Ҙж—¶ж—¶й—ҙжҲіпјҢжҸ’е…Ҙж—¶иҮӘеҠЁжӣҙж–°',
  PRIMARY KEY (`id`) USING BTREE,
  INDEX `idx_type`(`type` ASC) USING BTREE
) ENGINE = InnoDB AUTO_INCREMENT = 41 CHARACTER SET = utf8mb4 COLLATE = utf8mb4_unicode_ci COMMENT = 'е•Ҷе“ҒеҲҶзұ»иЎЁ' ROW_FORMAT = Dynamic;

-- ----------------------------
-- Records of tb_product_category_super
-- ----------------------------
INSERT INTO `tb_product_category_super` VALUES (1, 'зҢ«', 1, 0, '2025-12-09 16:13:56', '2025-12-09 16:13:56');
INSERT INTO `tb_product_category_super` VALUES (2, 'зӢ—', 1, 0, '2025-12-09 16:13:59', '2025-12-09 16:13:59');
INSERT INTO `tb_product_category_super` VALUES (3, 'зҢӘ', 1, 0, '2025-12-09 16:14:02', '2025-12-09 16:14:02');
INSERT INTO `tb_product_category_super` VALUES (7, 'д»“йј ', 1, 0, '2025-12-09 16:22:12', '2025-12-09 16:22:12');
INSERT INTO `tb_product_category_super` VALUES (9, 'йЈҹе“ҒдёҺйӣ¶йЈҹ', 2, 0, '2025-12-09 16:35:57', '2025-12-09 16:35:57');
INSERT INTO `tb_product_category_super` VALUES (10, 'йҘ®йЈҹеҷЁе…·', 2, 0, '2025-12-09 16:36:01', '2025-12-09 16:36:01');
INSERT INTO `tb_product_category_super` VALUES (11, 'иҲ’йҖӮз”Ёе“Ғ', 2, 0, '2025-12-09 16:36:04', '2025-12-09 16:36:04');
INSERT INTO `tb_product_category_super` VALUES (12, 'жё…жҙҒз”Ёе“Ғ', 2, 0, '2025-12-09 16:36:10', '2025-12-09 16:36:10');
INSERT INTO `tb_product_category_super` VALUES (13, 'жҠӨзҗҶз”Ёе“Ғ', 2, 0, '2025-12-09 16:36:13', '2025-12-09 16:36:13');
INSERT INTO `tb_product_category_super` VALUES (14, 'зҺ©е…·/еЁұд№җз”Ёе“Ғ', 2, 0, '2025-12-09 16:36:16', '2025-12-09 16:36:16');
INSERT INTO `tb_product_category_super` VALUES (15, 'еҮәиЎҢз”Ёе“Ғ', 2, 0, '2025-12-09 16:36:44', '2025-12-09 16:36:44');
INSERT INTO `tb_product_category_super` VALUES (16, 'иЈ…йҘ°з”Ёе“Ғ', 2, 0, '2025-12-09 16:36:48', '2025-12-09 16:36:48');
INSERT INTO `tb_product_category_super` VALUES (17, 'еҒҘеә·з”Ёе“Ғ', 2, 0, '2025-12-09 16:36:52', '2025-12-09 16:36:52');
INSERT INTO `tb_product_category_super` VALUES (18, 'еўһеҖјз”Ёе“Ғ', 2, 0, '2025-12-09 16:37:05', '2025-12-09 16:37:05');
INSERT INTO `tb_product_category_super` VALUES (19, 'test11', 1, 1, '2026-01-01 17:59:13', '2026-01-01 22:10:38');
INSERT INTO `tb_product_category_super` VALUES (20, 'test1', 2, 1, '2026-01-01 20:26:11', '2026-01-01 22:12:29');
INSERT INTO `tb_product_category_super` VALUES (21, 'test2', 1, 1, '2026-01-01 20:26:22', '2026-01-01 22:08:59');
INSERT INTO `tb_product_category_super` VALUES (22, 'test3', 1, 1, '2026-01-01 20:26:25', '2026-01-01 22:09:35');
INSERT INTO `tb_product_category_super` VALUES (23, 'test4', 1, 1, '2026-01-01 20:26:34', '2026-01-01 22:12:04');
INSERT INTO `tb_product_category_super` VALUES (24, 'test5', 1, 1, '2026-01-01 20:26:43', '2026-01-01 22:12:06');
INSERT INTO `tb_product_category_super` VALUES (25, 'test6', 1, 1, '2026-01-01 20:26:47', '2026-01-01 22:12:08');
INSERT INTO `tb_product_category_super` VALUES (26, 'test7', 1, 1, '2026-01-01 20:26:57', '2026-01-01 22:12:09');
INSERT INTO `tb_product_category_super` VALUES (27, 'test8', 1, 1, '2026-01-01 20:27:01', '2026-01-01 22:12:12');
INSERT INTO `tb_product_category_super` VALUES (28, 'test9', 1, 1, '2026-01-01 20:27:05', '2026-01-01 22:12:24');
INSERT INTO `tb_product_category_super` VALUES (29, 'test10', 1, 1, '2026-01-01 20:27:09', '2026-01-01 22:12:25');
INSERT INTO `tb_product_category_super` VALUES (30, 'test', 1, 1, '2026-01-01 22:18:34', '2026-01-01 22:26:58');
INSERT INTO `tb_product_category_super` VALUES (32, 'test1', 1, 1, '2026-01-01 22:20:30', '2026-01-01 22:26:59');
INSERT INTO `tb_product_category_super` VALUES (33, 'test2', 1, 1, '2026-01-01 22:21:04', '2026-01-01 22:27:07');
INSERT INTO `tb_product_category_super` VALUES (34, 'test3', 1, 1, '2026-01-01 22:21:08', '2026-01-01 22:28:24');
INSERT INTO `tb_product_category_super` VALUES (35, 'test4', 1, 1, '2026-01-01 22:21:12', '2026-01-01 22:28:23');
INSERT INTO `tb_product_category_super` VALUES (36, 'test5', 1, 1, '2026-01-01 22:21:35', '2026-01-01 22:28:21');
INSERT INTO `tb_product_category_super` VALUES (37, 'test6', 1, 1, '2026-01-01 22:27:49', '2026-01-01 22:28:20');
INSERT INTO `tb_product_category_super` VALUES (38, 'test', 1, 1, '2026-02-23 15:33:17', '2026-02-23 15:42:06');
INSERT INTO `tb_product_category_super` VALUES (39, 'test', 1, 1, '2026-02-23 15:48:07', '2026-02-23 15:51:02');
INSERT INTO `tb_product_category_super` VALUES (40, 'test', 1, 1, '2026-02-23 15:54:08', '2026-02-23 15:54:36');

-- ----------------------------
-- Table structure for tb_product_comment_sub
-- ----------------------------
DROP TABLE IF EXISTS `tb_product_comment_sub`;
CREATE TABLE `tb_product_comment_sub`  (
  `sub_id` bigint NOT NULL AUTO_INCREMENT COMMENT 'е•Ҷе“ҒиҜ„и®әIDпјҢдё»й”®иҮӘеўһ',
  `comment_id` bigint NOT NULL COMMENT 'иҜ„и®әжҖ»иЎЁIDпјҢдёҺиҜ„и®әжҖ»иЎЁе…іиҒ”',
  `stars` bigint NULL DEFAULT NULL COMMENT 'е•Ҷе“ҒиҜ„д»·зӯүзә§пјҢй»ҳи®Өдёә5йў—жҳҹ',
  `sub_create_time` datetime NULL DEFAULT CURRENT_TIMESTAMP COMMENT 'еҲӣе»әж—¶й—ҙпјҢй»ҳи®ӨдёәжҸ’е…Ҙж—¶ж—¶й—ҙжҲі',
  `sub_update_time` datetime NULL DEFAULT CURRENT_TIMESTAMP ON UPDATE CURRENT_TIMESTAMP COMMENT 'жӣҙж–°ж—¶й—ҙпјҢй»ҳи®ӨдёәжҸ’е…Ҙж—¶ж—¶й—ҙжҲіпјҢжҸ’е…Ҙж—¶иҮӘеҠЁжӣҙж–°',
  PRIMARY KEY (`sub_id`) USING BTREE,
  INDEX `idx_comment_id`(`comment_id` ASC) USING BTREE
) ENGINE = InnoDB AUTO_INCREMENT = 41 CHARACTER SET = utf8mb4 COLLATE = utf8mb4_unicode_ci COMMENT = 'е•Ҷе“ҒиҜ„и®әеӯҗиЎЁ' ROW_FORMAT = Dynamic;

-- ----------------------------
-- Records of tb_product_comment_sub
-- ----------------------------
INSERT INTO `tb_product_comment_sub` VALUES (1, 1, 5, '2025-12-12 19:54:53', '2025-12-12 19:54:53');
INSERT INTO `tb_product_comment_sub` VALUES (2, 2, 4, '2025-12-12 19:55:00', '2025-12-12 19:55:00');
INSERT INTO `tb_product_comment_sub` VALUES (3, 3, 5, '2025-12-12 19:55:16', '2025-12-12 19:55:16');
INSERT INTO `tb_product_comment_sub` VALUES (5, 5, 3, '2025-12-12 19:55:34', '2025-12-12 19:55:34');
INSERT INTO `tb_product_comment_sub` VALUES (6, 6, 5, '2025-12-12 19:55:44', '2025-12-12 19:55:44');
INSERT INTO `tb_product_comment_sub` VALUES (7, 7, 4, '2025-12-12 19:55:49', '2025-12-12 19:55:49');
INSERT INTO `tb_product_comment_sub` VALUES (8, 8, 3, '2025-12-12 19:55:55', '2025-12-12 19:55:55');
INSERT INTO `tb_product_comment_sub` VALUES (9, 9, 5, '2025-12-12 19:56:10', '2025-12-12 19:56:10');
INSERT INTO `tb_product_comment_sub` VALUES (10, 10, 4, '2025-12-12 19:56:15', '2025-12-12 19:56:15');
INSERT INTO `tb_product_comment_sub` VALUES (20, 20, 5, '2025-12-13 18:33:21', '2025-12-13 18:33:20');
INSERT INTO `tb_product_comment_sub` VALUES (34, 52, 5, '2025-12-31 17:33:45', '2025-12-31 17:33:45');
INSERT INTO `tb_product_comment_sub` VALUES (37, 69, 5, '2026-01-15 11:45:44', '2026-01-15 11:45:44');
INSERT INTO `tb_product_comment_sub` VALUES (40, 84, 5, '2026-02-14 22:18:03', '2026-02-14 22:18:02');

-- ----------------------------
-- Table structure for tb_product_image
-- ----------------------------
DROP TABLE IF EXISTS `tb_product_image`;
CREATE TABLE `tb_product_image`  (
  `id` bigint NOT NULL AUTO_INCREMENT COMMENT 'еӣҫзүҮIDпјҢдё»й”®иҮӘеўһ',
  `product_id` bigint NOT NULL COMMENT 'е•Ҷе“ҒIDпјҢе…іиҒ”е•Ҷе“ҒжҖ»иЎЁ',
  `image_url` varchar(1024) CHARACTER SET utf8mb4 COLLATE utf8mb4_unicode_ci NOT NULL COMMENT 'еӣҫзүҮең°еқҖпјҲе…Ҳз”Ёжң¬ең°зҡ„ең°еқҖпјҢеҶҚиҖғиҷ‘иҪ¬дёәйҳҝйҮҢдә‘OSSпјү',
  `main_flag` tinyint NULL DEFAULT 0 COMMENT 'жҳҜеҗҰдёәдё»еӣҫпјҢ0-еҗҰпјҢ1-жҳҜпјҢй»ҳи®Өдёә0',
  `delete_flag` tinyint NULL DEFAULT 0 COMMENT 'еҲ йҷӨж Үи®°пјҢ0-жңӘеҲ йҷӨпјҢ1-е·ІеҲ йҷӨпјҢй»ҳи®Өдёә0',
  `create_time` datetime NULL DEFAULT CURRENT_TIMESTAMP COMMENT 'еҲӣе»әж—¶й—ҙпјҢй»ҳи®ӨдёәжҸ’е…Ҙж—¶ж—¶й—ҙжҲі',
  `update_time` datetime NULL DEFAULT CURRENT_TIMESTAMP ON UPDATE CURRENT_TIMESTAMP COMMENT 'жӣҙж–°ж—¶й—ҙпјҢй»ҳи®ӨдёәжҸ’е…Ҙж—¶ж—¶й—ҙжҲіпјҢжҸ’е…Ҙж—¶иҮӘеҠЁжӣҙж–°',
  PRIMARY KEY (`id`) USING BTREE,
  INDEX `idx_product_id`(`product_id` ASC) USING BTREE
) ENGINE = InnoDB AUTO_INCREMENT = 77 CHARACTER SET = utf8mb4 COLLATE = utf8mb4_unicode_ci COMMENT = 'е•Ҷе“ҒеӣҫзүҮиЎЁ' ROW_FORMAT = Dynamic;

-- ----------------------------
-- Records of tb_product_image
-- ----------------------------
INSERT INTO `tb_product_image` VALUES (1, 1, 'https://pet-store-bucket.oss-cn-hangzhou.aliyuncs.com/golden_retriever_main.png', 1, 0, '2025-12-08 18:15:22', '2025-12-09 11:54:21');
INSERT INTO `tb_product_image` VALUES (2, 1, 'https://pet-store-bucket.oss-cn-hangzhou.aliyuncs.com/golden_retriever_1.png', 0, 0, '2025-12-08 18:15:22', '2025-12-09 12:00:35');
INSERT INTO `tb_product_image` VALUES (3, 2, 'https://pet-store-bucket.oss-cn-hangzhou.aliyuncs.com/british_shorthair_main.png', 1, 0, '2025-12-08 18:15:22', '2025-12-09 14:47:07');
INSERT INTO `tb_product_image` VALUES (4, 3, 'https://pet-store-bucket.oss-cn-hangzhou.aliyuncs.com/hamster_main.png', 1, 0, '2025-12-08 18:15:22', '2025-12-09 14:52:35');
INSERT INTO `tb_product_image` VALUES (5, 4, 'https://pet-store-bucket.oss-cn-hangzhou.aliyuncs.com/royal_dog_food_1.png', 0, 0, '2025-12-08 18:15:22', '2025-12-09 17:55:21');
INSERT INTO `tb_product_image` VALUES (6, 5, 'https://pet-store-bucket.oss-cn-hangzhou.aliyuncs.com/orijen_cat_food_1.png', 0, 0, '2025-12-08 18:15:22', '2025-12-09 17:55:20');
INSERT INTO `tb_product_image` VALUES (7, 1, 'https://pet-store-bucket.oss-cn-hangzhou.aliyuncs.com/golden_retriever_3.png', 0, 0, '2025-12-09 11:59:59', '2025-12-09 11:59:59');
INSERT INTO `tb_product_image` VALUES (8, 1, 'https://pet-store-bucket.oss-cn-hangzhou.aliyuncs.com/golden_retriever_4.png', 0, 0, '2025-12-09 12:00:02', '2025-12-09 12:00:02');
INSERT INTO `tb_product_image` VALUES (9, 1, 'https://pet-store-bucket.oss-cn-hangzhou.aliyuncs.com/golden_retriever_2.png', 0, 0, '2025-12-09 12:00:04', '2025-12-09 12:00:04');
INSERT INTO `tb_product_image` VALUES (10, 2, 'https://pet-store-bucket.oss-cn-hangzhou.aliyuncs.com/british_shorthair_3.png', 0, 0, '2025-12-09 14:48:55', '2025-12-09 14:48:55');
INSERT INTO `tb_product_image` VALUES (11, 2, 'https://pet-store-bucket.oss-cn-hangzhou.aliyuncs.com/british_shorthair_4.png', 0, 0, '2025-12-09 14:48:58', '2025-12-09 14:48:58');
INSERT INTO `tb_product_image` VALUES (12, 2, 'https://pet-store-bucket.oss-cn-hangzhou.aliyuncs.com/british_shorthair_1.png', 0, 0, '2025-12-09 14:49:01', '2025-12-09 14:49:01');
INSERT INTO `tb_product_image` VALUES (13, 2, 'https://pet-store-bucket.oss-cn-hangzhou.aliyuncs.com/british_shorthair_2.png', 0, 0, '2025-12-09 14:49:04', '2025-12-09 14:49:04');
INSERT INTO `tb_product_image` VALUES (14, 3, 'https://pet-store-bucket.oss-cn-hangzhou.aliyuncs.com/hamster_2.png', 0, 0, '2025-12-09 14:53:32', '2025-12-09 14:53:32');
INSERT INTO `tb_product_image` VALUES (15, 3, 'https://pet-store-bucket.oss-cn-hangzhou.aliyuncs.com/hamster_1.png', 0, 0, '2025-12-09 14:53:35', '2025-12-09 14:53:35');
INSERT INTO `tb_product_image` VALUES (16, 4, 'https://pet-store-bucket.oss-cn-hangzhou.aliyuncs.com/royal_dog_food_2.png', 0, 0, '2025-12-09 14:57:05', '2025-12-09 14:57:05');
INSERT INTO `tb_product_image` VALUES (17, 4, 'https://pet-store-bucket.oss-cn-hangzhou.aliyuncs.com/royal_dog_food_3.png', 0, 0, '2025-12-09 14:57:14', '2025-12-09 14:57:14');
INSERT INTO `tb_product_image` VALUES (18, 5, 'https://pet-store-bucket.oss-cn-hangzhou.aliyuncs.com/orijen_cat_food_3.png', 0, 0, '2025-12-09 14:59:58', '2025-12-09 14:59:58');
INSERT INTO `tb_product_image` VALUES (19, 5, 'https://pet-store-bucket.oss-cn-hangzhou.aliyuncs.com/orijen_cat_food_2.png', 0, 0, '2025-12-09 15:00:00', '2025-12-09 15:00:00');
INSERT INTO `tb_product_image` VALUES (20, 7, 'https://pet-store-bucket.oss-cn-hangzhou.aliyuncs.com/70a2a219-1138-4507-8e0d-b8a00ea9cdae_Border_Collie_main.png', 1, 0, '2025-12-30 21:28:41', '2025-12-30 21:28:41');
INSERT INTO `tb_product_image` VALUES (21, 7, 'https://pet-store-bucket.oss-cn-hangzhou.aliyuncs.com/3e0605fd-b0df-4251-accd-2906933808ec_Border_Collie_1.png', 0, 0, '2025-12-30 21:28:49', '2025-12-30 21:28:48');
INSERT INTO `tb_product_image` VALUES (22, 7, 'https://pet-store-bucket.oss-cn-hangzhou.aliyuncs.com/71f79002-c2fa-4818-9367-ecc49ac071fe_Border_Collie_2.png', 0, 0, '2025-12-30 21:28:51', '2025-12-30 21:28:51');
INSERT INTO `tb_product_image` VALUES (23, 7, 'https://pet-store-bucket.oss-cn-hangzhou.aliyuncs.com/badab096-4f61-42d5-b566-0e371146b95f_Border_Collie_3.png', 0, 0, '2025-12-30 21:28:54', '2025-12-30 21:28:53');
INSERT INTO `tb_product_image` VALUES (24, 7, 'https://pet-store-bucket.oss-cn-hangzhou.aliyuncs.com/49dee2d0-87c5-4fd4-b365-3ac2ed79e677_Border_Collie_3.png', 0, 0, '2025-12-30 21:29:11', '2025-12-30 21:29:11');
INSERT INTO `tb_product_image` VALUES (25, 8, 'https://pet-store-bucket.oss-cn-hangzhou.aliyuncs.com/4f77f25c-8b5a-4e28-b464-b317577c6174_з”ҹжҲҗиҫ№зү§еӣҫзүҮ (4).png', 1, 0, '2025-12-30 21:55:27', '2025-12-30 21:55:27');
INSERT INTO `tb_product_image` VALUES (26, 8, 'https://pet-store-bucket.oss-cn-hangzhou.aliyuncs.com/73892db5-e108-40dd-8bde-1e66144db79b_з”ҹжҲҗиҫ№зү§еӣҫзүҮ (2).png', 0, 0, '2025-12-30 21:55:38', '2025-12-30 21:55:38');
INSERT INTO `tb_product_image` VALUES (27, 8, 'https://pet-store-bucket.oss-cn-hangzhou.aliyuncs.com/5a4e1043-9b41-4432-995c-03d956ffbb64_з”ҹжҲҗиҫ№зү§еӣҫзүҮ (1).png', 0, 0, '2025-12-30 21:55:41', '2025-12-30 21:55:41');
INSERT INTO `tb_product_image` VALUES (28, 8, 'https://pet-store-bucket.oss-cn-hangzhou.aliyuncs.com/db8df870-74bb-4ecb-a659-4f75bf8d4daf_з”ҹжҲҗиҫ№зү§еӣҫзүҮ (3).png', 0, 0, '2025-12-30 21:55:44', '2025-12-30 21:55:43');
INSERT INTO `tb_product_image` VALUES (29, 8, 'https://pet-store-bucket.oss-cn-hangzhou.aliyuncs.com/ffc58913-abfc-47cc-94bc-f43301f6fa89_з”ҹжҲҗиҫ№зү§еӣҫзүҮ (4).png', 0, 0, '2025-12-30 21:55:46', '2025-12-30 21:55:45');
INSERT INTO `tb_product_image` VALUES (30, 8, 'https://pet-store-bucket.oss-cn-hangzhou.aliyuncs.com/828e22c2-5498-4f62-98c5-cc092a7a2232_з”ҹжҲҗиҫ№зү§еӣҫзүҮ.png', 0, 0, '2025-12-30 21:55:51', '2025-12-30 21:55:50');
INSERT INTO `tb_product_image` VALUES (31, 9, 'https://pet-store-bucket.oss-cn-hangzhou.aliyuncs.com/a18976d3-db4d-484a-8fdc-94211632a557_Persian_cat_main.png', 1, 0, '2025-12-30 22:03:32', '2025-12-30 22:03:32');
INSERT INTO `tb_product_image` VALUES (32, 9, 'https://pet-store-bucket.oss-cn-hangzhou.aliyuncs.com/9cbe5376-a7f2-4dfa-8daa-4bfff72ad011_Persian_cat_1.png', 0, 0, '2025-12-30 22:03:43', '2025-12-30 22:03:42');
INSERT INTO `tb_product_image` VALUES (33, 9, 'https://pet-store-bucket.oss-cn-hangzhou.aliyuncs.com/8a71196d-d236-4af0-bd43-c6d0df44148a_Persian_cat_2.png', 0, 0, '2025-12-30 22:03:45', '2025-12-30 22:03:45');
INSERT INTO `tb_product_image` VALUES (36, 9, 'https://pet-store-bucket.oss-cn-hangzhou.aliyuncs.com/6a2bf11d-dac8-4285-af81-a709c272df66_Persian_cat_3.png', 0, 0, '2025-12-30 22:04:31', '2025-12-30 22:04:31');
INSERT INTO `tb_product_image` VALUES (37, 10, 'https://pet-store-bucket.oss-cn-hangzhou.aliyuncs.com/05b7e5b2-29d9-42b3-8004-0d00d5475a02_з”ҹжҲҗдҝ„зҪ—ж–Ҝи“қзҢ«еӣҫзүҮ (4).png', 1, 0, '2025-12-30 22:22:56', '2025-12-30 22:22:56');
INSERT INTO `tb_product_image` VALUES (38, 10, 'https://pet-store-bucket.oss-cn-hangzhou.aliyuncs.com/b84ed251-432d-4d9d-aa1f-87e40c92c960_з”ҹжҲҗдҝ„зҪ—ж–Ҝи“қзҢ«еӣҫзүҮ.png', 0, 0, '2025-12-30 22:22:57', '2025-12-30 22:22:56');
INSERT INTO `tb_product_image` VALUES (39, 10, 'https://pet-store-bucket.oss-cn-hangzhou.aliyuncs.com/c63d5c70-0844-4578-b635-ef9906d45405_з”ҹжҲҗдҝ„зҪ—ж–Ҝи“қзҢ«еӣҫзүҮ (1).png', 0, 0, '2025-12-30 22:22:57', '2025-12-30 22:22:56');
INSERT INTO `tb_product_image` VALUES (40, 10, 'https://pet-store-bucket.oss-cn-hangzhou.aliyuncs.com/b25fdc43-72c0-4b7b-a89b-0d8be706e4c3_з”ҹжҲҗдҝ„зҪ—ж–Ҝи“қзҢ«еӣҫзүҮ (2).png', 0, 0, '2025-12-30 22:22:57', '2025-12-30 22:22:57');
INSERT INTO `tb_product_image` VALUES (41, 10, 'https://pet-store-bucket.oss-cn-hangzhou.aliyuncs.com/03b2bff6-ee89-4758-a18a-72f59714c2d8_з”ҹжҲҗдҝ„зҪ—ж–Ҝи“қзҢ«еӣҫзүҮ (3).png', 0, 0, '2025-12-30 22:22:57', '2025-12-30 22:22:57');
INSERT INTO `tb_product_image` VALUES (42, 10, 'https://pet-store-bucket.oss-cn-hangzhou.aliyuncs.com/f9982097-ab90-4ae1-a49c-4dad7aee82e5_з”ҹжҲҗдҝ„зҪ—ж–Ҝи“қзҢ«еӣҫзүҮ (5).png', 0, 0, '2025-12-30 22:22:58', '2025-12-30 22:22:57');
INSERT INTO `tb_product_image` VALUES (43, 11, 'https://pet-store-bucket.oss-cn-hangzhou.aliyuncs.com/a9545f8a-5ca4-45b5-80e4-b778ccf7f629_з”ҹжҲҗиҝ·дҪ зҢӘеӣҫзүҮ (1).png', 0, 0, '2025-12-30 22:32:48', '2025-12-30 22:32:48');
INSERT INTO `tb_product_image` VALUES (44, 11, 'https://pet-store-bucket.oss-cn-hangzhou.aliyuncs.com/61192eff-4649-439b-8517-f339975b0564_з”ҹжҲҗиҝ·дҪ зҢӘеӣҫзүҮ.png', 0, 0, '2025-12-30 22:32:49', '2025-12-30 22:32:48');
INSERT INTO `tb_product_image` VALUES (45, 11, 'https://pet-store-bucket.oss-cn-hangzhou.aliyuncs.com/d161eaff-23fa-4df3-94cd-b71dcb7a85e6_з”ҹжҲҗиҝ·дҪ зҢӘеӣҫзүҮ (2).png', 0, 0, '2025-12-30 22:32:49', '2025-12-30 22:32:48');
INSERT INTO `tb_product_image` VALUES (46, 14, 'https://pet-store-bucket.oss-cn-hangzhou.aliyuncs.com/b1a2757f-cae4-4857-a709-a701558ade60_з”ҹжҲҗзҢ«зӢ—е®үжҠҡеәҠеӣҫзүҮ (3).png', 1, 0, '2025-12-30 22:49:21', '2025-12-30 22:49:21');
INSERT INTO `tb_product_image` VALUES (47, 14, 'https://pet-store-bucket.oss-cn-hangzhou.aliyuncs.com/45417f11-77fb-47de-ad45-c25c9f695e83_з”ҹжҲҗзҢ«зӢ—е®үжҠҡеәҠеӣҫзүҮ (1).png', 0, 0, '2025-12-30 22:49:21', '2025-12-30 22:49:21');
INSERT INTO `tb_product_image` VALUES (48, 14, 'https://pet-store-bucket.oss-cn-hangzhou.aliyuncs.com/33e6edc8-0fe6-4b7d-9dd3-3ad932c61cd2_з”ҹжҲҗзҢ«зӢ—е®үжҠҡеәҠеӣҫзүҮ (2).png', 0, 0, '2025-12-30 22:49:22', '2025-12-30 22:49:21');
INSERT INTO `tb_product_image` VALUES (50, 14, 'https://pet-store-bucket.oss-cn-hangzhou.aliyuncs.com/c9d7d411-6372-4bf2-8e0e-83e58e3687fc_з”ҹжҲҗзҢ«зӢ—е®үжҠҡеәҠеӣҫзүҮ.png', 0, 0, '2025-12-30 22:49:22', '2025-12-30 22:49:22');
INSERT INTO `tb_product_image` VALUES (52, 15, 'https://pet-store-bucket.oss-cn-hangzhou.aliyuncs.com/15d9f8c1-3422-474b-b34b-46fc58409010_з”ҹжҲҗе® зү©еәҠеӣҫзүҮ.png', 0, 0, '2025-12-30 22:59:18', '2025-12-30 22:59:18');
INSERT INTO `tb_product_image` VALUES (53, 15, 'https://pet-store-bucket.oss-cn-hangzhou.aliyuncs.com/38da6420-a555-4188-9000-5727d1621042_з”ҹжҲҗе® зү©еәҠеӣҫзүҮ (1).png', 0, 0, '2025-12-30 22:59:18', '2025-12-30 22:59:18');
INSERT INTO `tb_product_image` VALUES (54, 17, 'https://pet-store-bucket.oss-cn-hangzhou.aliyuncs.com/51a7063b-bd41-4cb9-b134-f31527bf7c9e_з”ҹжҲҗ Kong Wobbler еӣҫзүҮ.png', 0, 0, '2025-12-30 23:13:14', '2025-12-30 23:13:14');
INSERT INTO `tb_product_image` VALUES (55, 17, 'https://pet-store-bucket.oss-cn-hangzhou.aliyuncs.com/287c34bf-3077-4953-8be4-b15255017ac7_з”ҹжҲҗ Kong Wobbler еӣҫзүҮ (1).png', 0, 0, '2025-12-30 23:13:15', '2025-12-30 23:13:14');
INSERT INTO `tb_product_image` VALUES (56, 17, 'https://pet-store-bucket.oss-cn-hangzhou.aliyuncs.com/8441dd90-d0c7-4347-966f-786dc9407103_з”ҹжҲҗ Kong Wobbler еӣҫзүҮ (3).png', 0, 0, '2025-12-30 23:13:15', '2025-12-30 23:13:14');
INSERT INTO `tb_product_image` VALUES (57, 17, 'https://pet-store-bucket.oss-cn-hangzhou.aliyuncs.com/5e210f9a-5a5a-4cde-9832-136aec4c1457_з”ҹжҲҗ Kong Wobbler еӣҫзүҮ (2).png', 0, 0, '2025-12-30 23:13:15', '2025-12-30 23:13:15');
INSERT INTO `tb_product_image` VALUES (70, 32, 'https://pet-store-bucket.oss-cn-hangzhou.aliyuncs.com/bb64247d-c977-4792-9649-f60c27825cae_default_avatar.png', 0, 0, '2025-12-31 21:33:41', '2025-12-31 22:44:22');
INSERT INTO `tb_product_image` VALUES (71, 32, 'https://pet-store-bucket.oss-cn-hangzhou.aliyuncs.com/66b34293-de28-4924-a58c-558736739d1d_International-ID-Mark Watney-Back.png', 1, 1, '2025-12-31 22:52:12', '2025-12-31 22:56:18');
INSERT INTO `tb_product_image` VALUES (72, 32, 'https://pet-store-bucket.oss-cn-hangzhou.aliyuncs.com/6950cf8f-3cb8-4dbc-954e-b8433caa76f2_еҫ®дҝЎеӣҫзүҮ_20251222125754_30_54.png', 0, 0, '2025-12-31 22:52:12', '2025-12-31 22:52:11');
INSERT INTO `tb_product_image` VALUES (73, 33, 'https://pet-store-bucket.oss-cn-hangzhou.aliyuncs.com/cabfa05c-035e-4842-b1d2-3cfda5ec89dc_default_avatar.png', 0, 0, '2026-01-13 21:56:45', '2026-01-13 21:56:45');
INSERT INTO `tb_product_image` VALUES (74, 34, 'https://pet-store-bucket.oss-cn-hangzhou.aliyuncs.com/52225d28-3d7a-436e-ac05-4726732eead8_default_avatar.png', 0, 0, '2026-01-13 22:07:33', '2026-01-13 22:07:33');
INSERT INTO `tb_product_image` VALUES (75, 35, 'https://pet-store-bucket.oss-cn-hangzhou.aliyuncs.com/a1fb8b4a-a87d-43de-adce-3bdb282de261_default_avatar.png', 0, 0, '2026-01-15 11:42:19', '2026-01-15 11:42:19');
INSERT INTO `tb_product_image` VALUES (76, 36, 'https://pet-store-bucket.oss-cn-hangzhou.aliyuncs.com/b3842cb3-3c28-4017-b38b-508ce1895712_unnamed.png', 0, 0, '2026-02-10 20:18:46', '2026-02-10 20:18:46');

-- ----------------------------
-- Table structure for tb_product_super
-- ----------------------------
DROP TABLE IF EXISTS `tb_product_super`;
CREATE TABLE `tb_product_super`  (
  `id` bigint NOT NULL AUTO_INCREMENT COMMENT 'е•Ҷе“ҒIDпјҢдё»й”®иҮӘеўһ',
  `identifier` varchar(255) CHARACTER SET utf8mb4 COLLATE utf8mb4_unicode_ci NULL DEFAULT NULL COMMENT 'е•Ҷе“Ғзј–еҸ·пјҢе”ҜдёҖ',
  `name` varchar(50) CHARACTER SET utf8mb4 COLLATE utf8mb4_unicode_ci NOT NULL COMMENT 'е•Ҷе“ҒеҗҚз§°пјҢдёҚдёәз©ә',
  `description` varchar(2048) CHARACTER SET utf8mb4 COLLATE utf8mb4_unicode_ci NOT NULL COMMENT 'е•Ҷе“ҒжҸҸиҝ°пјҢдёҚдёәз©ә',
  `type` bigint NOT NULL COMMENT 'е•Ҷе“Ғзұ»еһӢпјҢ1-е® зү©пјҢ2-е® зү©з”Ёе“Ғ',
  `ship_id` bigint NOT NULL COMMENT 'еҸ‘иҙ§ең°еқҖIDпјҢдёҚеҸҜдёәз©әпјҢдёҺең°еқҖиЎЁе…іиҒ”',
  `main_category_id` bigint NOT NULL COMMENT 'е•Ҷе“ҒеҲҶзұ»IDпјҢдёҚеҸҜдёәз©әпјҢдёҺе•Ҷе“ҒдёҖзә§еҲҶзұ»иЎЁе…іиҒ”',
  `sub_category_id` bigint NOT NULL COMMENT 'еӯҗе•Ҷе“ҒеҲҶзұ»IDпјҢдёҚеҸҜдёәз©әпјҢдёҺе•Ҷе“ҒдәҢзә§еҲҶзұ»иЎЁе…іиҒ”',
  `price` decimal(10, 2) NOT NULL COMMENT 'е•Ҷе“Ғд»·ж ј',
  `stock` bigint NULL DEFAULT 1 COMMENT 'еә“еӯҳж•°йҮҸпјҢй»ҳи®Өдёә1',
  `status` tinyint NULL DEFAULT 1 COMMENT 'е•Ҷе“ҒзҠ¶жҖҒпјҢ1-еҮәе”®дёӯпјҢ2-е”®зҪ„пјҢ3-е·ІдёӢжһ¶',
  `delete_flag` tinyint NULL DEFAULT 0 COMMENT 'еҲ йҷӨж Үи®°пјҢ0-жңӘеҲ йҷӨпјҢ1-е·ІеҲ йҷӨпјҢй»ҳи®Өдёә0',
  `create_time` datetime NULL DEFAULT CURRENT_TIMESTAMP COMMENT 'еҲӣе»әж—¶й—ҙпјҢй»ҳи®ӨдёәжҸ’е…Ҙж—¶ж—¶й—ҙжҲі',
  `update_time` datetime NULL DEFAULT CURRENT_TIMESTAMP ON UPDATE CURRENT_TIMESTAMP COMMENT 'жӣҙж–°ж—¶й—ҙпјҢй»ҳи®ӨдёәжҸ’е…Ҙж—¶ж—¶й—ҙжҲіпјҢжҸ’е…Ҙж—¶иҮӘеҠЁжӣҙж–°',
  PRIMARY KEY (`id`) USING BTREE,
  UNIQUE INDEX `identifier`(`identifier` ASC) USING BTREE,
  UNIQUE INDEX `index_identifier`(`identifier` ASC) USING BTREE,
  INDEX `idx_ship_id`(`ship_id` ASC) USING BTREE,
  INDEX `idx_category_id`(`main_category_id` ASC) USING BTREE,
  FULLTEXT INDEX `idx_product_super_name`(`name`) WITH PARSER `ngram`
) ENGINE = InnoDB AUTO_INCREMENT = 37 CHARACTER SET = utf8mb4 COLLATE = utf8mb4_unicode_ci COMMENT = 'е•Ҷе“ҒжҖ»иЎЁ' ROW_FORMAT = Dynamic;

-- ----------------------------
-- Records of tb_product_super
-- ----------------------------
INSERT INTO `tb_product_super` VALUES (1, '1167114920916020101001', 'йҮ‘жҜӣзҠ¬', 'жҙ»жіјеҸӢе–„зҡ„йҮ‘жҜӣзҠ¬е№јзҠ¬', 1, 1, 2, 13, 2500.00, 0, 2, 0, '2025-12-08 18:15:05', '2025-12-17 21:44:52');
INSERT INTO `tb_product_super` VALUES (2, '2569562858668288879710', 'иӢұзҹӯи“қзҢ«', 'жё©йЎәеҸҜзҲұзҡ„иӢұеӣҪзҹӯжҜӣзҢ«', 1, 1, 1, 1, 1800.00, 0, 2, 0, '2025-12-08 18:15:05', '2025-12-31 11:44:27');
INSERT INTO `tb_product_super` VALUES (3, '3564095474523243615405', 'д»“йј ', 'еҸҜзҲұзҡ„е°Ҹд»“йј ', 1, 1, 7, 41, 35.00, 14, 1, 0, '2025-12-08 18:15:05', '2025-12-31 11:43:53');
INSERT INTO `tb_product_super` VALUES (4, '4875292760308163413660', 'зҡҮе®¶зӢ—зІ®', 'йҖӮеҗҲжҲҗе№ҙйҮ‘жҜӣзҠ¬зҡ„дё“з”ЁзӢ—зІ®', 2, 1, 9, 54, 320.00, 50, 1, 0, '2025-12-08 18:15:03', '2025-12-14 12:21:50');
INSERT INTO `tb_product_super` VALUES (5, '5978823274740838741714', 'жёҙжңӣзҢ«зІ®', 'й«ҳе“ҒиҙЁе…Ёйҫ„зҢ«зІ®', 2, 1, 9, 54, 198.00, 100, 1, 0, '2025-12-08 18:15:05', '2025-12-17 20:56:05');
INSERT INTO `tb_product_super` VALUES (7, '7665753415520498295206', 'иҫ№зү§зҠ¬', 'иҫ№зү§зҠ¬жҳҜдёҖз§ҚеҺҹдә§дәҺиӢұж је…°-иӢҸж је…°иҫ№еўғзҡ„дёӯзӯүдҪ“еһӢзү§зҫҠзҠ¬пјҢд»ҘжһҒй«ҳзҡ„жҷәе•Ҷе’Ңе·ҘдҪңиғҪеҠӣи‘—з§°пјҢж—ўиғҪеҮәиүІж”ҫзү§еҸҲе……ж»Ўжҙ»еҠӣдёҺж•ҸжҚ·жҖ§гҖӮ', 1, 19, 2, 17, 3500.00, 4, 1, 0, '2025-12-30 21:28:25', '2026-01-05 20:42:37');
INSERT INTO `tb_product_super` VALUES (8, '8532955057470544904336', 'жҹҜеҹә', 'жҹҜеҹәжҳҜдёҖз§ҚеҺҹдә§дәҺеЁҒе°”еЈ«зҡ„е°ҸеһӢзү§зүӣзҠ¬пјҢд»Ҙе…¶зҹӯи…ҝй•ҝиә«гҖҒиҒӘжҳҺжҙ»жіјгҖҒеҝ иҜҡеҸӢеҘҪдё”йҖӮеҗҲдҪңдёәдјҙдҫЈзҠ¬иҖҢж·ұеҸ—е–ңзҲұгҖӮ', 1, 24, 2, 15, 2000.00, 10, 1, 0, '2025-12-30 21:54:50', '2025-12-30 21:54:50');
INSERT INTO `tb_product_super` VALUES (9, '9436552968718363063691', 'жіўж–ҜзҢ«', 'жіўж–ҜзҢ«жҳҜдёҖз§Қд»ҘиұӘеҚҺзҡ„й•ҝжҜӣгҖҒжүҒе№іеңҶи„ёе’Ңжё©жҹ”гҖҒе®үйқҷгҖҒдәІдәәжҖ§ж ји‘—з§°зҡ„дёӯеӨ§еһӢе®¶зҢ«пјҢж·ұеҸ—зҲұзҢ«дәәеЈ«е–ңзҲұгҖӮ', 1, 25, 1, 3, 3000.00, 3, 1, 0, '2025-12-30 22:03:26', '2026-01-05 23:12:48');
INSERT INTO `tb_product_super` VALUES (10, '10284542232140828405862', 'дҝ„зҪ—ж–Ҝи“қзҢ«', 'дҝ„зҪ—ж–Ҝи“қзҢ«жҳҜдёҖз§ҚжӢҘжңүеҜҶйӣҶдёқж»‘зҡ„й“¶и“қиүІзҹӯжҜӣгҖҒйІңжҳҺз»ҝзңјзқӣе’Ңдјҳйӣ…дҪ“жҖҒзҡ„дёӯзӯүдҪ“еһӢе®¶зҢ«пјҢжҖ§ж јжё©жҹ”е®үйқҷгҖҒиҒӘжҳҺдё”еҜ№е®¶дәәж·ұжғ…еҝ иҜҡгҖӮ', 1, 26, 1, 9, 1200.00, 10, 1, 0, '2025-12-30 22:21:30', '2025-12-30 22:21:30');
INSERT INTO `tb_product_super` VALUES (11, '11147146413759612950499', 'иҝ·дҪ зҢӘ', 'иҝ·дҪ зҢӘжҳҜдёҖз§Қеӣ дҪ“еһӢжҳҺжҳҫе°ҸдәҺжҷ®йҖҡе®¶зҢӘпјҲжҲҗе№ҙдҪ“йҮҚеӨ§еӨҡиҝңдҪҺдәҺе•ҶдёҡзҢӘпјүиҖҢиў«дәәд»¬дҪңдёәе® зү©жҲ–дјҙдҫЈеҠЁзү©йҘІе…»зҡ„зҢӘз§Қ/еҲҶзұ»пјҢйҖҡеёёдҪ“еҪўзҙ§еҮ‘гҖҒеӨ–и§ӮеҸҜзҲұдё”жҖ§ж јжё©е’ҢиҒӘжҳҺгҖӮ', 1, 27, 3, 21, 900.00, 5, 1, 0, '2025-12-30 22:32:17', '2025-12-30 22:32:17');
INSERT INTO `tb_product_super` VALUES (14, '14445724584435481211474', 'Rabbitgoo Calming Pet Bed', 'й«ҳиҜ„еҲҶиҲ’йҖӮж¬ҫпјҢйҖӮеҗҲзҢ«зӢ—йҖҡз”Ёзҡ„е®үжҠҡеәҠпјҢжҹ”иҪҜж”Ҝж’‘и®©е® зү©ж”ҫжқҫдј‘жҒҜ', 2, 30, 11, 62, 211.14, 7, 1, 0, '2025-12-30 22:45:53', '2026-01-05 23:14:05');
INSERT INTO `tb_product_super` VALUES (15, '15874463522335127893568', 'Scruffs Chester Box Bed', 'з»Ҹе…ёеёғиүәж–№еҪўеәҠпјҢж”Ҝж’‘иҲ’йҖӮгҖҒиҜ„д»·еҘҪпјҢйҖӮеҗҲеӨҡж•°дёӯе°ҸеһӢе® зү©', 2, 31, 11, 62, 502.00, 4, 1, 0, '2025-12-30 22:57:44', '2025-12-30 22:57:44');
INSERT INTO `tb_product_super` VALUES (32, '32508767049727928109832', 'test', 'test', 1, 51, 2, 12, 10.00, 1, 3, 1, '2025-12-31 21:33:36', '2026-01-01 22:03:39');
INSERT INTO `tb_product_super` VALUES (33, '33058695087829138846371', 'test', 'test', 1, 61, 3, 21, 1.00, 1, 3, 1, '2026-01-13 21:56:38', '2026-01-13 22:01:55');
INSERT INTO `tb_product_super` VALUES (34, '34828048091903169561385', 'test', 'test', 1, 62, 2, 11, 1.00, 1, 3, 1, '2026-01-13 22:07:29', '2026-01-13 22:08:54');
INSERT INTO `tb_product_super` VALUES (35, '35768187044111968219814', 'test', 'test', 1, 63, 2, 11, 1.00, 1, 1, 0, '2026-01-15 11:42:15', '2026-01-15 11:42:15');
INSERT INTO `tb_product_super` VALUES (36, '36511291997691913197318', 'es test1', 'es test', 2, 64, 9, 53, 1.00, 1, 1, 0, '2026-02-10 20:18:23', '2026-02-10 20:36:06');

-- ----------------------------
-- Table structure for tb_refund_info
-- ----------------------------
DROP TABLE IF EXISTS `tb_refund_info`;
CREATE TABLE `tb_refund_info`  (
  `id` bigint NOT NULL AUTO_INCREMENT COMMENT 'дё»й”®ID',
  `order_id` bigint NOT NULL COMMENT 'и®ўеҚ•ID',
  `user_id` bigint NOT NULL COMMENT 'з”ЁжҲ·ID',
  `message` varchar(2048) CHARACTER SET utf8mb4 COLLATE utf8mb4_general_ci NOT NULL COMMENT 'йҖҖж¬ҫеҺҹеӣ ',
  `delete_flag` tinyint NULL DEFAULT 0 COMMENT 'еҲ йҷӨж Үи®°пјҡ0-жңӘеҲ йҷӨпјҢ1-е·ІеҲ йҷӨ',
  `create_time` datetime NULL DEFAULT CURRENT_TIMESTAMP COMMENT 'еҲӣе»әж—¶й—ҙ',
  `update_time` datetime NULL DEFAULT CURRENT_TIMESTAMP ON UPDATE CURRENT_TIMESTAMP COMMENT 'жӣҙж–°ж—¶й—ҙ',
  PRIMARY KEY (`id`) USING BTREE
) ENGINE = InnoDB AUTO_INCREMENT = 12 CHARACTER SET = utf8mb4 COLLATE = utf8mb4_general_ci COMMENT = 'йҖҖж¬ҫдҝЎжҒҜиЎЁ' ROW_FORMAT = Dynamic;

-- ----------------------------
-- Records of tb_refund_info
-- ----------------------------
INSERT INTO `tb_refund_info` VALUES (3, 16, 1, 'дёҚжғіиҰҒдәҶ', 1, '2026-01-04 19:42:26', '2026-01-04 20:06:20');
INSERT INTO `tb_refund_info` VALUES (4, 22, 1, 'дёҚеҘҪзңӢ', 1, '2026-01-04 19:42:31', '2026-01-04 20:07:16');
INSERT INTO `tb_refund_info` VALUES (5, 22, 1, 'дёҚжғіиҰҒдәҶ', 1, '2026-01-04 20:07:37', '2026-01-04 20:07:47');
INSERT INTO `tb_refund_info` VALUES (6, 22, 1, 'дёҚжғіиҰҒдәҶ', 1, '2026-01-05 16:42:42', '2026-01-05 16:42:55');
INSERT INTO `tb_refund_info` VALUES (7, 45, 1, 'дёҚжғіиҰҒдәҶ', 1, '2026-01-05 21:57:59', '2026-01-05 21:58:15');
INSERT INTO `tb_refund_info` VALUES (8, 48, 1, 'дёҚжғіиҰҒдәҶ', 1, '2026-01-05 22:03:13', '2026-01-05 22:04:25');
INSERT INTO `tb_refund_info` VALUES (9, 50, 1, 'дёҚжғіиҰҒдәҶ', 1, '2026-02-14 21:11:23', '2026-02-14 21:12:04');
INSERT INTO `tb_refund_info` VALUES (10, 50, 1, 'дёҚжғіиҰҒдәҶ', 1, '2026-02-14 21:31:25', '2026-02-14 21:31:34');
INSERT INTO `tb_refund_info` VALUES (11, 49, 1, 'е•Ҷе“ҒдёҺжҸҸиҝ°дёҚз¬Ұ', 1, '2026-02-14 21:32:44', '2026-02-14 21:32:50');

-- ----------------------------
-- Table structure for tb_role
-- ----------------------------
DROP TABLE IF EXISTS `tb_role`;
CREATE TABLE `tb_role`  (
  `id` bigint NOT NULL COMMENT 'и§’иүІIDпјҢе”ҜдёҖдё”дёҚдёәз©ә',
  `name` varchar(20) CHARACTER SET utf8mb4 COLLATE utf8mb4_unicode_ci NOT NULL COMMENT 'и§’иүІеҗҚз§°пјҢдёҚиғҪдёәз©ә',
  `create_time` datetime NULL DEFAULT CURRENT_TIMESTAMP COMMENT 'еҲӣе»әж—¶й—ҙпјҢй»ҳи®ӨдёәжҸ’е…Ҙж—¶ж—¶й—ҙжҲі',
  `update_time` datetime NULL DEFAULT CURRENT_TIMESTAMP ON UPDATE CURRENT_TIMESTAMP COMMENT 'жӣҙж–°ж—¶й—ҙпјҢй»ҳи®ӨдёәжҸ’е…Ҙж—¶ж—¶й—ҙжҲіпјҢжҸ’е…Ҙж—¶иҮӘеҠЁжӣҙж–°',
  UNIQUE INDEX `id`(`id` ASC) USING BTREE,
  UNIQUE INDEX `name`(`name` ASC) USING BTREE
) ENGINE = InnoDB CHARACTER SET = utf8mb4 COLLATE = utf8mb4_unicode_ci COMMENT = 'и§’иүІиЎЁ' ROW_FORMAT = Dynamic;

-- ----------------------------
-- Records of tb_role
-- ----------------------------
INSERT INTO `tb_role` VALUES (0, 'ADMIN', '2025-12-08 09:53:26', '2025-12-08 11:34:35');
INSERT INTO `tb_role` VALUES (1, 'NORMAL', '2025-12-08 09:53:26', '2025-12-08 11:34:39');

-- ----------------------------
-- Table structure for tb_sensitive_word
-- ----------------------------
DROP TABLE IF EXISTS `tb_sensitive_word`;
CREATE TABLE `tb_sensitive_word`  (
  `id` bigint NOT NULL AUTO_INCREMENT COMMENT 'ж•Ҹж„ҹиҜҚIDпјҢе”ҜдёҖдё”дёҚдёәз©ә',
  `word` varchar(255) CHARACTER SET utf8mb4 COLLATE utf8mb4_unicode_ci NOT NULL COMMENT 'ж•Ҹж„ҹиҜҚеҗҚз§°пјҢдёҚиғҪдёәз©ә',
  `category_id` bigint NOT NULL COMMENT 'ж•Ҹж„ҹиҜҚеҲҶзұ»ID',
  `delete_flag` tinyint NULL DEFAULT 0 COMMENT 'еҲ йҷӨж Үи®°пјҢ0-жңӘеҲ йҷӨпјҢ1-е·ІеҲ йҷӨ',
  `create_time` datetime NULL DEFAULT CURRENT_TIMESTAMP COMMENT 'еҲӣе»әж—¶й—ҙпјҢй»ҳи®ӨдёәжҸ’е…Ҙж—¶ж—¶й—ҙжҲі',
  `update_time` datetime NULL DEFAULT CURRENT_TIMESTAMP ON UPDATE CURRENT_TIMESTAMP COMMENT 'жӣҙж–°ж—¶й—ҙпјҢй»ҳи®ӨдёәжҸ’е…Ҙж—¶ж—¶й—ҙжҲіпјҢжҸ’е…Ҙж—¶иҮӘеҠЁжӣҙж–°',
  UNIQUE INDEX `id`(`id` ASC) USING BTREE,
  UNIQUE INDEX `word`(`word` ASC) USING BTREE
) ENGINE = InnoDB AUTO_INCREMENT = 3362 CHARACTER SET = utf8mb4 COLLATE = utf8mb4_unicode_ci COMMENT = 'ж•Ҹж„ҹиҜҚиЎЁ' ROW_FORMAT = Dynamic;

-- ----------------------------
-- Records of tb_sensitive_word
-- ----------------------------
INSERT INTO `tb_sensitive_word` VALUES (1, 'зҰҸйҹідјҡ', 2, 0, '2026-01-10 17:23:55', '2026-01-10 17:23:55');
INSERT INTO `tb_sensitive_word` VALUES (2, 'дёӯеӣҪж•ҷеҫ’', 2, 0, '2026-01-10 17:23:55', '2026-01-10 17:23:55');
INSERT INTO `tb_sensitive_word` VALUES (3, 'з»ҹдёҖж•ҷ', 2, 0, '2026-01-10 17:23:55', '2026-01-10 17:23:55');
INSERT INTO `tb_sensitive_word` VALUES (4, 'и§Ӯйҹіжі•й—Ё', 2, 0, '2026-01-10 17:23:55', '2026-01-10 17:23:55');
INSERT INTO `tb_sensitive_word` VALUES (5, 'жё…жө·ж— дёҠеёҲ', 2, 0, '2026-01-10 17:23:55', '2026-01-10 17:23:55');
INSERT INTO `tb_sensitive_word` VALUES (6, 'зӣҳеҸӨ', 2, 1, '2026-01-10 17:23:55', '2026-01-11 20:02:19');
INSERT INTO `tb_sensitive_word` VALUES (7, 'жқҺжҙӘеҝ—', 2, 0, '2026-01-10 17:23:55', '2026-01-10 17:23:55');
INSERT INTO `tb_sensitive_word` VALUES (8, 'еҝ—жҙӘжқҺ', 2, 0, '2026-01-10 17:23:55', '2026-01-10 17:23:55');
INSERT INTO `tb_sensitive_word` VALUES (9, 'жқҺе®Ҹеҝ—', 2, 0, '2026-01-10 17:23:55', '2026-01-10 17:23:55');
INSERT INTO `tb_sensitive_word` VALUES (10, 'иҪ®еҠҹ', 2, 0, '2026-01-10 17:23:55', '2026-01-10 17:23:55');
INSERT INTO `tb_sensitive_word` VALUES (11, 'жі•иҪ®', 2, 0, '2026-01-10 17:23:55', '2026-01-10 17:23:55');
INSERT INTO `tb_sensitive_word` VALUES (12, 'иҪ®жі•еҠҹ', 2, 0, '2026-01-10 17:23:55', '2026-01-10 17:23:55');
INSERT INTO `tb_sensitive_word` VALUES (13, 'дёүеҺ»иҪҰд»‘', 2, 0, '2026-01-10 17:23:55', '2026-01-10 17:23:55');
INSERT INTO `tb_sensitive_word` VALUES (14, 'ж°өеҺ»иҪҰд»‘', 2, 0, '2026-01-10 17:23:55', '2026-01-10 17:23:55');
INSERT INTO `tb_sensitive_word` VALUES (15, 'еҸ‘и®әе·Ҙ', 2, 0, '2026-01-10 17:23:55', '2026-01-10 17:23:55');
INSERT INTO `tb_sensitive_word` VALUES (16, 'жі•xеҠҹ', 2, 0, '2026-01-10 17:23:55', '2026-01-10 17:23:55');
INSERT INTO `tb_sensitive_word` VALUES (17, 'жі•oеҠҹ', 2, 0, '2026-01-10 17:23:55', '2026-01-10 17:23:55');
INSERT INTO `tb_sensitive_word` VALUES (18, 'жі•0еҠҹ', 2, 0, '2026-01-10 17:23:55', '2026-01-10 17:23:55');
INSERT INTO `tb_sensitive_word` VALUES (19, 'жі•дёҖиҪ®дёҖеҠҹ', 2, 0, '2026-01-10 17:23:55', '2026-01-10 17:23:55');
INSERT INTO `tb_sensitive_word` VALUES (20, 'иҪ®еӯҗеҠҹ', 2, 0, '2026-01-10 17:23:55', '2026-01-10 17:23:55');
INSERT INTO `tb_sensitive_word` VALUES (21, 'иҪҰд»‘е·ҘеҠӣ', 2, 0, '2026-01-10 17:23:55', '2026-01-10 17:23:55');
INSERT INTO `tb_sensitive_word` VALUES (22, 'жі•lun', 2, 0, '2026-01-10 17:23:55', '2026-01-10 17:23:55');
INSERT INTO `tb_sensitive_word` VALUES (23, 'faиҪ®', 2, 0, '2026-01-10 17:23:55', '2026-01-10 17:23:55');
INSERT INTO `tb_sensitive_word` VALUES (24, 'жі•lg', 2, 0, '2026-01-10 17:23:55', '2026-01-10 17:23:55');
INSERT INTO `tb_sensitive_word` VALUES (25, 'flg', 2, 0, '2026-01-10 17:23:55', '2026-01-10 17:23:55');
INSERT INTO `tb_sensitive_word` VALUES (26, 'flеҠҹ', 2, 0, '2026-01-10 17:23:55', '2026-01-10 17:23:55');
INSERT INTO `tb_sensitive_word` VALUES (27, 'falungong', 2, 0, '2026-01-10 17:23:55', '2026-01-10 17:23:55');
INSERT INTO `tb_sensitive_word` VALUES (28, 'еӨ§жі•ејҹеӯҗ', 2, 0, '2026-01-10 17:23:55', '2026-01-10 17:23:55');
INSERT INTO `tb_sensitive_word` VALUES (29, 'еӨ§зәӘе…ғ', 2, 0, '2026-01-10 17:23:55', '2026-01-10 17:23:55');
INSERT INTO `tb_sensitive_word` VALUES (30, 'dajiyuan', 2, 0, '2026-01-10 17:23:55', '2026-01-10 17:23:55');
INSERT INTO `tb_sensitive_word` VALUES (31, 'жҳҺж…§зҪ‘', 2, 0, '2026-01-10 17:23:55', '2026-01-10 17:23:55');
INSERT INTO `tb_sensitive_word` VALUES (32, 'жҳҺж…§е‘ЁжҠҘ', 2, 0, '2026-01-10 17:23:55', '2026-01-10 17:23:55');
INSERT INTO `tb_sensitive_word` VALUES (33, 'жӯЈи§ҒзҪ‘', 2, 0, '2026-01-10 17:23:55', '2026-01-10 17:23:55');
INSERT INTO `tb_sensitive_word` VALUES (34, 'ж–°е”җдәә', 2, 0, '2026-01-10 17:23:55', '2026-01-10 17:23:55');
INSERT INTO `tb_sensitive_word` VALUES (35, 'дјӘзҒ«', 2, 0, '2026-01-10 17:23:55', '2026-01-10 17:23:55');
INSERT INTO `tb_sensitive_word` VALUES (36, 'йҖҖе…ҡ', 2, 0, '2026-01-10 17:23:55', '2026-01-10 17:23:55');
INSERT INTO `tb_sensitive_word` VALUES (37, 'tuidang', 2, 0, '2026-01-10 17:23:55', '2026-01-10 17:23:55');
INSERT INTO `tb_sensitive_word` VALUES (38, 'йҖҖdang', 2, 0, '2026-01-10 17:23:55', '2026-01-10 17:23:55');
INSERT INTO `tb_sensitive_word` VALUES (39, 'и¶…и¶Ҡзәўеўҷ', 2, 0, '2026-01-10 17:23:55', '2026-01-10 17:23:55');
INSERT INTO `tb_sensitive_word` VALUES (40, 'иҮӘfen', 2, 0, '2026-01-10 17:23:55', '2026-01-10 17:23:55');
INSERT INTO `tb_sensitive_word` VALUES (41, 'зңҹе–„еҝҚ', 2, 0, '2026-01-10 17:23:55', '2026-01-10 17:23:55');
INSERT INTO `tb_sensitive_word` VALUES (42, 'д№қиҜ„', 2, 0, '2026-01-10 17:23:55', '2026-01-10 17:23:55');
INSERT INTO `tb_sensitive_word` VALUES (43, '9иҜ„', 2, 0, '2026-01-10 17:23:55', '2026-01-10 17:23:55');
INSERT INTO `tb_sensitive_word` VALUES (44, '9ping', 2, 0, '2026-01-10 17:23:55', '2026-01-10 17:23:55');
INSERT INTO `tb_sensitive_word` VALUES (45, 'д№қping', 2, 0, '2026-01-10 17:23:55', '2026-01-10 17:23:55');
INSERT INTO `tb_sensitive_word` VALUES (46, 'jiuping', 2, 0, '2026-01-10 17:23:55', '2026-01-10 17:23:55');
INSERT INTO `tb_sensitive_word` VALUES (47, 'и—Ҹеӯ—зҹі', 2, 0, '2026-01-10 17:23:55', '2026-01-10 17:23:55');
INSERT INTO `tb_sensitive_word` VALUES (48, 'йӣҶдҪ“иҮӘжқҖ', 2, 0, '2026-01-10 17:23:55', '2026-01-10 17:23:55');
INSERT INTO `tb_sensitive_word` VALUES (49, 'иҮӘsha', 2, 0, '2026-01-10 17:23:55', '2026-01-10 17:23:55');
INSERT INTO `tb_sensitive_word` VALUES (50, 'ziжқҖ', 2, 0, '2026-01-10 17:23:55', '2026-01-10 17:23:55');
INSERT INTO `tb_sensitive_word` VALUES (51, 'suicide', 2, 0, '2026-01-10 17:23:55', '2026-01-10 17:23:55');
INSERT INTO `tb_sensitive_word` VALUES (52, 'titor', 2, 0, '2026-01-10 17:23:55', '2026-01-10 17:23:55');
INSERT INTO `tb_sensitive_word` VALUES (53, 'йҖў8еҝ…зҒҫ', 2, 0, '2026-01-10 17:23:55', '2026-01-10 17:23:55');
INSERT INTO `tb_sensitive_word` VALUES (54, 'йҖўе…«еҝ…зҒҫ', 2, 0, '2026-01-10 17:23:55', '2026-01-10 17:23:55');
INSERT INTO `tb_sensitive_word` VALUES (55, 'йҖў9еҝ…д№ұ', 2, 0, '2026-01-10 17:23:55', '2026-01-10 17:23:55');
INSERT INTO `tb_sensitive_word` VALUES (56, 'йҖўд№қеҝ…д№ұ', 2, 0, '2026-01-10 17:23:55', '2026-01-10 17:23:55');
INSERT INTO `tb_sensitive_word` VALUES (57, 'жңұз‘ҹйҮҢиҜә', 2, 0, '2026-01-10 17:23:55', '2026-01-10 17:23:55');
INSERT INTO `tb_sensitive_word` VALUES (58, 'ж №иҫҫдәҡж–ҮжҳҺ', 2, 0, '2026-01-10 17:23:55', '2026-01-10 17:23:55');
INSERT INTO `tb_sensitive_word` VALUES (59, 'иҜәжҹҘдё№зҺӣж–Ҝ', 2, 0, '2026-01-10 17:23:55', '2026-01-10 17:23:55');
INSERT INTO `tb_sensitive_word` VALUES (60, 'дәәзұ»зҒӯдәЎиҝӣзЁӢиЎЁ', 2, 0, '2026-01-10 17:23:55', '2026-01-10 17:23:55');
INSERT INTO `tb_sensitive_word` VALUES (61, 'жҢүз…§й©¬йӣ…еҺҶжі•', 2, 0, '2026-01-10 17:23:55', '2026-01-10 17:23:55');
INSERT INTO `tb_sensitive_word` VALUES (62, 'жҺЁиғҢеӣҫ', 2, 0, '2026-01-10 17:23:55', '2026-01-10 17:23:55');
INSERT INTO `tb_sensitive_word` VALUES (63, 'жҺЁbeiеӣҫ', 2, 0, '2026-01-10 17:23:55', '2026-01-10 17:23:55');
INSERT INTO `tb_sensitive_word` VALUES (64, 'жөҺдё–зҒөж–Ү', 2, 0, '2026-01-10 17:23:55', '2026-01-10 17:23:55');
INSERT INTO `tb_sensitive_word` VALUES (65, 'иҜёдё–зәӘ', 2, 0, '2026-01-10 17:23:55', '2026-01-10 17:23:55');
INSERT INTO `tb_sensitive_word` VALUES (66, 'з”өзӢ—', 2, 0, '2026-01-10 17:23:55', '2026-01-10 17:23:55');
INSERT INTO `tb_sensitive_word` VALUES (67, 'з”өиҜқе®ҡдҪҚеҷЁ', 2, 0, '2026-01-10 17:23:55', '2026-01-10 17:23:55');
INSERT INTO `tb_sensitive_word` VALUES (68, 'з”өиҜқжӢҰжҲӘеҷЁ', 2, 0, '2026-01-10 17:23:55', '2026-01-10 17:23:55');
INSERT INTO `tb_sensitive_word` VALUES (69, 'з”өиҜқзӘғеҗ¬', 2, 0, '2026-01-10 17:23:55', '2026-01-10 17:23:55');
INSERT INTO `tb_sensitive_word` VALUES (70, 'з”өиҜқзӣ‘', 2, 0, '2026-01-10 17:23:55', '2026-01-10 17:23:55');
INSERT INTO `tb_sensitive_word` VALUES (71, 'з”өиҜқдәӨеҸӢ', 2, 0, '2026-01-10 17:23:55', '2026-01-10 17:23:55');
INSERT INTO `tb_sensitive_word` VALUES (72, 'з”өиҜқиҝҪжқҖзі»з»ҹ', 2, 0, '2026-01-10 17:23:55', '2026-01-10 17:23:55');
INSERT INTO `tb_sensitive_word` VALUES (73, 'з”өеҮ»жһӘ', 2, 0, '2026-01-10 17:23:55', '2026-01-10 17:23:55');
INSERT INTO `tb_sensitive_word` VALUES (74, 'з”өйёЎ', 2, 0, '2026-01-10 17:23:55', '2026-01-10 17:23:55');
INSERT INTO `tb_sensitive_word` VALUES (75, 'з”өиӯҰжЈ’', 2, 0, '2026-01-10 17:23:55', '2026-01-10 17:23:55');
INSERT INTO `tb_sensitive_word` VALUES (76, 'жһӘеҮәе”®', 2, 0, '2026-01-10 17:23:55', '2026-01-10 17:23:55');
INSERT INTO `tb_sensitive_word` VALUES (77, 'жһӘзҡ„еҲ¶', 2, 0, '2026-01-10 17:23:55', '2026-01-10 17:23:55');
INSERT INTO `tb_sensitive_word` VALUES (78, 'жһӘиҙ§еҲ°', 2, 0, '2026-01-10 17:23:55', '2026-01-10 17:23:55');
INSERT INTO `tb_sensitive_word` VALUES (79, 'жһӘеҶіеҘізҠҜ', 2, 0, '2026-01-10 17:23:55', '2026-01-10 17:23:55');
INSERT INTO `tb_sensitive_word` VALUES (80, 'жһӘжЁЎ', 2, 0, '2026-01-10 17:23:55', '2026-01-10 17:23:55');
INSERT INTO `tb_sensitive_word` VALUES (81, 'жһӘжүӢ', 2, 0, '2026-01-10 17:23:55', '2026-01-10 17:23:55');
INSERT INTO `tb_sensitive_word` VALUES (82, 'жһӘй”Җе”®', 2, 0, '2026-01-10 17:23:55', '2026-01-10 17:23:55');
INSERT INTO `tb_sensitive_word` VALUES (83, 'жһӘжў°еҲ¶', 2, 0, '2026-01-10 17:23:55', '2026-01-10 17:23:55');
INSERT INTO `tb_sensitive_word` VALUES (84, 'жһӘеӯҗеј№', 2, 0, '2026-01-10 17:23:55', '2026-01-10 17:23:55');
INSERT INTO `tb_sensitive_word` VALUES (85, 'е”®жӯҘжһӘ', 2, 0, '2026-01-10 17:23:55', '2026-01-10 17:23:55');
INSERT INTO `tb_sensitive_word` VALUES (86, 'е”®зәҜеәҰ', 2, 0, '2026-01-10 17:23:55', '2026-01-10 17:23:55');
INSERT INTO `tb_sensitive_word` VALUES (87, 'е”®еҚ•з®Ў', 2, 0, '2026-01-10 17:23:55', '2026-01-10 17:23:55');
INSERT INTO `tb_sensitive_word` VALUES (88, 'е”®еј№з°§еҲҖ', 2, 0, '2026-01-10 17:23:55', '2026-01-10 17:23:55');
INSERT INTO `tb_sensitive_word` VALUES (89, 'е”®йҳІиә«', 2, 0, '2026-01-10 17:23:55', '2026-01-10 17:23:55');
INSERT INTO `tb_sensitive_word` VALUES (90, 'е”®зӢ—еӯҗ', 2, 0, '2026-01-10 17:23:55', '2026-01-10 17:23:55');
INSERT INTO `tb_sensitive_word` VALUES (91, 'е”®иҷҺеӨҙ', 2, 0, '2026-01-10 17:23:55', '2026-01-10 17:23:55');
INSERT INTO `tb_sensitive_word` VALUES (92, 'е”®зҒ«иҚҜ', 2, 0, '2026-01-10 17:23:55', '2026-01-10 17:23:55');
INSERT INTO `tb_sensitive_word` VALUES (93, 'е”®еҒҮеёҒ', 2, 0, '2026-01-10 17:23:55', '2026-01-10 17:23:55');
INSERT INTO `tb_sensitive_word` VALUES (94, 'е”®еҒҘеҚ«', 2, 0, '2026-01-10 17:23:55', '2026-01-10 17:23:55');
INSERT INTO `tb_sensitive_word` VALUES (95, 'е”®еҶӣз”Ё', 2, 0, '2026-01-10 17:23:55', '2026-01-10 17:23:55');
INSERT INTO `tb_sensitive_word` VALUES (96, 'е”®зҢҺжһӘ', 2, 0, '2026-01-10 17:23:55', '2026-01-10 17:23:55');
INSERT INTO `tb_sensitive_word` VALUES (97, 'е”®ж°Ҝиғә', 2, 0, '2026-01-10 17:23:55', '2026-01-10 17:23:55');
INSERT INTO `tb_sensitive_word` VALUES (98, 'е”®йә»йҶү', 2, 0, '2026-01-10 17:23:55', '2026-01-10 17:23:55');
INSERT INTO `tb_sensitive_word` VALUES (99, 'е”®жһӘж”Ҝ', 2, 0, '2026-01-10 17:23:55', '2026-01-10 17:23:55');
INSERT INTO `tb_sensitive_word` VALUES (100, 'е”®зғӯжӯҰ', 2, 0, '2026-01-10 17:23:55', '2026-01-10 17:23:55');
INSERT INTO `tb_sensitive_word` VALUES (101, 'е”®дёүжЈұ', 2, 0, '2026-01-10 17:23:55', '2026-01-10 17:23:55');
INSERT INTO `tb_sensitive_word` VALUES (102, 'е”®жүӢжһӘ', 2, 0, '2026-01-10 17:23:55', '2026-01-10 17:23:55');
INSERT INTO `tb_sensitive_word` VALUES (103, 'е”®дә”еӣӣ', 2, 0, '2026-01-10 17:23:55', '2026-01-10 17:23:55');
INSERT INTO `tb_sensitive_word` VALUES (104, 'е”®дёҖе…ғзЎ¬', 2, 0, '2026-01-10 17:23:55', '2026-01-10 17:23:55');
INSERT INTO `tb_sensitive_word` VALUES (105, 'е”®еӯҗеј№', 2, 0, '2026-01-10 17:23:55', '2026-01-10 17:23:55');
INSERT INTO `tb_sensitive_word` VALUES (106, 'е”®е·ҰиҪ®', 2, 0, '2026-01-10 17:23:55', '2026-01-10 17:23:55');
INSERT INTO `tb_sensitive_word` VALUES (107, 'дәҡз ·пјҲй…ёпјүй…җ', 2, 0, '2026-01-10 17:23:55', '2026-01-10 17:23:55');
INSERT INTO `tb_sensitive_word` VALUES (108, 'дәҡз ·й…ёй’ҫ', 2, 0, '2026-01-10 17:23:55', '2026-01-10 17:23:55');
INSERT INTO `tb_sensitive_word` VALUES (109, 'дәҡз ·й…ёй’ ', 2, 0, '2026-01-10 17:23:55', '2026-01-10 17:23:55');
INSERT INTO `tb_sensitive_word` VALUES (110, 'дәҡзЎ’й…ё', 2, 0, '2026-01-10 17:23:55', '2026-01-10 17:23:55');
INSERT INTO `tb_sensitive_word` VALUES (111, 'дәҡзЎ’й…ёдәҢй’ ', 2, 0, '2026-01-10 17:23:55', '2026-01-10 17:23:55');
INSERT INTO `tb_sensitive_word` VALUES (112, 'дәҡзЎ’й…ёй•Ғ', 2, 0, '2026-01-10 17:23:55', '2026-01-10 17:23:55');
INSERT INTO `tb_sensitive_word` VALUES (113, 'дәҡзЎ’й…ёй’ ', 2, 0, '2026-01-10 17:23:55', '2026-01-10 17:23:55');
INSERT INTO `tb_sensitive_word` VALUES (114, 'дәҡзЎ’й…ёж°ўй’ ', 2, 0, '2026-01-10 17:23:55', '2026-01-10 17:23:55');
INSERT INTO `tb_sensitive_word` VALUES (115, 'дәҡзЎқй…ёд№ҷй…Ҝ', 2, 0, '2026-01-10 17:23:55', '2026-01-10 17:23:55');
INSERT INTO `tb_sensitive_word` VALUES (116, 'дәҡзЎқй…°д№ҷж°§', 2, 0, '2026-01-10 17:23:55', '2026-01-10 17:23:55');
INSERT INTO `tb_sensitive_word` VALUES (117, 'ж°§еҢ–дәҢдёҒеҹәй”Ў', 2, 0, '2026-01-10 17:23:55', '2026-01-10 17:23:55');
INSERT INTO `tb_sensitive_word` VALUES (118, 'ж°§еҢ–жұһ', 2, 0, '2026-01-10 17:23:55', '2026-01-10 17:23:55');
INSERT INTO `tb_sensitive_word` VALUES (119, 'ж°§еҢ–й“Ҡ', 2, 0, '2026-01-10 17:23:55', '2026-01-10 17:23:55');
INSERT INTO `tb_sensitive_word` VALUES (120, 'ж°§еҢ–дәҡй“Ҡ', 2, 0, '2026-01-10 17:23:55', '2026-01-10 17:23:55');
INSERT INTO `tb_sensitive_word` VALUES (121, 'ж°§ж°ҜеҢ–зЈ·', 2, 0, '2026-01-10 17:23:55', '2026-01-10 17:23:55');
INSERT INTO `tb_sensitive_word` VALUES (122, 'еҺҹиЈ…еј№', 2, 0, '2026-01-10 17:23:55', '2026-01-10 17:23:55');
INSERT INTO `tb_sensitive_word` VALUES (123, 'еҺҹеӯҗеј№ж–№жі•', 2, 0, '2026-01-10 17:23:55', '2026-01-10 17:23:55');
INSERT INTO `tb_sensitive_word` VALUES (124, 'еҺҹеӯҗеј№жё…еҚ•', 2, 0, '2026-01-10 17:23:55', '2026-01-10 17:23:55');
INSERT INTO `tb_sensitive_word` VALUES (125, 'е®үзң й…®', 2, 0, '2026-01-10 17:23:55', '2026-01-10 17:23:55');
INSERT INTO `tb_sensitive_word` VALUES (126, 'д»ЈиЎҖжөҶ', 2, 0, '2026-01-10 17:23:55', '2026-01-10 17:23:55');
INSERT INTO `tb_sensitive_word` VALUES (127, 'жҷ®иҗҳжҙӣе°”', 2, 0, '2026-01-10 17:23:55', '2026-01-10 17:23:55');
INSERT INTO `tb_sensitive_word` VALUES (128, 'е‘ӢеЎһзұі', 2, 0, '2026-01-10 17:23:55', '2026-01-10 17:23:55');
INSERT INTO `tb_sensitive_word` VALUES (129, 'иҘҝеёғжӣІжҳҺ', 2, 0, '2026-01-10 17:23:55', '2026-01-10 17:23:55');
INSERT INTO `tb_sensitive_word` VALUES (130, 'testosterone', 2, 0, '2026-01-10 17:23:55', '2026-01-10 17:23:55');
INSERT INTO `tb_sensitive_word` VALUES (131, 'иғ°еІӣзҙ ж ·з”ҹй•ҝеӣ еӯҗ', 2, 0, '2026-01-10 17:23:55', '2026-01-10 17:23:55');
INSERT INTO `tb_sensitive_word` VALUES (132, 'дҝғзәўз»Ҷиғһз”ҹжҲҗзҙ ', 2, 0, '2026-01-10 17:23:55', '2026-01-10 17:23:55');
INSERT INTO `tb_sensitive_word` VALUES (133, 'ең°иҘҝжі®', 2, 0, '2026-01-10 17:23:55', '2026-01-10 17:23:55');
INSERT INTO `tb_sensitive_word` VALUES (134, 'е°јеҸҜеҲ№зұі', 2, 0, '2026-01-10 17:23:55', '2026-01-10 17:23:55');
INSERT INTO `tb_sensitive_word` VALUES (135, 'з”Ізқҫй…®', 2, 0, '2026-01-10 17:23:55', '2026-01-10 17:23:55');
INSERT INTO `tb_sensitive_word` VALUES (136, 'adrenaline', 2, 0, '2026-01-10 17:23:55', '2026-01-10 17:23:55');
INSERT INTO `tb_sensitive_word` VALUES (137, 'erythropoietin', 2, 0, '2026-01-10 17:23:55', '2026-01-10 17:23:55');
INSERT INTO `tb_sensitive_word` VALUES (138, 'ең°еҘҲеҫ·', 2, 0, '2026-01-10 17:23:55', '2026-01-10 17:23:55');
INSERT INTO `tb_sensitive_word` VALUES (139, 'иҺ«иҫҫйқһе°ј', 2, 0, '2026-01-10 17:23:55', '2026-01-10 17:23:55');
INSERT INTO `tb_sensitive_word` VALUES (140, 'ж°Ҝеҷ»е—Ә', 2, 0, '2026-01-10 17:23:55', '2026-01-10 17:23:55');
INSERT INTO `tb_sensitive_word` VALUES (141, 'иӢҜе·ҙжҜ”еҰҘ', 2, 0, '2026-01-10 17:23:55', '2026-01-10 17:23:55');
INSERT INTO `tb_sensitive_word` VALUES (142, 'дҝғжҖ§и…әжҝҖзҙ ', 2, 0, '2026-01-10 17:23:55', '2026-01-10 17:23:55');
INSERT INTO `tb_sensitive_word` VALUES (143, 'жіје°јжқҫ', 2, 0, '2026-01-10 17:23:55', '2026-01-10 17:23:55');
INSERT INTO `tb_sensitive_word` VALUES (144, 'йә»й»„иҚү', 2, 0, '2026-01-10 17:23:55', '2026-01-10 17:23:55');
INSERT INTO `tb_sensitive_word` VALUES (145, 'йӣ„зғҜдәҢйҶҮ', 2, 0, '2026-01-10 17:23:55', '2026-01-10 17:23:55');
INSERT INTO `tb_sensitive_word` VALUES (146, 'ең°еЎһзұіжқҫ', 2, 0, '2026-01-10 17:23:55', '2026-01-10 17:23:55');
INSERT INTO `tb_sensitive_word` VALUES (147, 'tamoxifen', 2, 0, '2026-01-10 17:23:55', '2026-01-10 17:23:55');
INSERT INTO `tb_sensitive_word` VALUES (148, 'strychnine', 2, 0, '2026-01-10 17:23:55', '2026-01-10 17:23:55');
INSERT INTO `tb_sensitive_word` VALUES (149, 'androst', 2, 0, '2026-01-10 17:23:55', '2026-01-10 17:23:55');
INSERT INTO `tb_sensitive_word` VALUES (150, 'ж–°еһӢжҜ’е“Ғ', 2, 0, '2026-01-10 17:23:55', '2026-01-10 17:23:55');
INSERT INTO `tb_sensitive_word` VALUES (151, 'жқңеҶ·дёҒ', 2, 0, '2026-01-10 17:23:55', '2026-01-10 17:23:55');
INSERT INTO `tb_sensitive_word` VALUES (152, 'е…ҙеҘӢеүӮ', 2, 0, '2026-01-10 17:23:55', '2026-01-10 17:23:55');
INSERT INTO `tb_sensitive_word` VALUES (153, 'mdma', 2, 0, '2026-01-10 17:23:55', '2026-01-10 17:23:55');
INSERT INTO `tb_sensitive_word` VALUES (154, 'жө·жҙӣеӣ ', 2, 0, '2026-01-10 17:23:55', '2026-01-10 17:23:55');
INSERT INTO `tb_sensitive_word` VALUES (155, 'жө·luoеӣ ', 2, 0, '2026-01-10 17:23:55', '2026-01-10 17:23:55');
INSERT INTO `tb_sensitive_word` VALUES (156, 'heroin', 2, 0, '2026-01-10 17:23:55', '2026-01-10 17:23:55');
INSERT INTO `tb_sensitive_word` VALUES (157, 'diamorphine', 2, 0, '2026-01-10 17:23:55', '2026-01-10 17:23:55');
INSERT INTO `tb_sensitive_word` VALUES (158, 'diacetylmorphine', 2, 0, '2026-01-10 17:23:55', '2026-01-10 17:23:55');
INSERT INTO `tb_sensitive_word` VALUES (159, 'йёҰзүҮ', 2, 0, '2026-01-10 17:23:55', '2026-01-10 17:23:55');
INSERT INTO `tb_sensitive_word` VALUES (160, 'йҳҝиҠҷи“ү', 2, 0, '2026-01-10 17:23:55', '2026-01-10 17:23:55');
INSERT INTO `tb_sensitive_word` VALUES (161, 'е’–е•Ўеӣ ', 2, 0, '2026-01-10 17:23:55', '2026-01-10 17:23:55');
INSERT INTO `tb_sensitive_word` VALUES (162, 'cocain', 2, 0, '2026-01-10 17:23:55', '2026-01-10 17:23:55');
INSERT INTO `tb_sensitive_word` VALUES (163, 'дёүе”‘д»‘', 2, 0, '2026-01-10 17:23:55', '2026-01-10 17:23:55');
INSERT INTO `tb_sensitive_word` VALUES (164, 'зҫҺжІҷй…®', 2, 0, '2026-01-10 17:23:55', '2026-01-10 17:23:55');
INSERT INTO `tb_sensitive_word` VALUES (165, 'йә»еҸӨ', 2, 0, '2026-01-10 17:23:55', '2026-01-10 17:23:55');
INSERT INTO `tb_sensitive_word` VALUES (166, 'kзІү', 2, 0, '2026-01-10 17:23:55', '2026-01-10 17:23:55');
INSERT INTO `tb_sensitive_word` VALUES (167, 'еҮҜд»–ж•Ҹ', 2, 0, '2026-01-10 17:23:55', '2026-01-10 17:23:55');
INSERT INTO `tb_sensitive_word` VALUES (168, 'ketamine', 2, 0, '2026-01-10 17:23:55', '2026-01-10 17:23:55');
INSERT INTO `tb_sensitive_word` VALUES (169, 'еҶ°жҜ’', 2, 0, '2026-01-10 17:23:55', '2026-01-10 17:23:55');
INSERT INTO `tb_sensitive_word` VALUES (170, 'иӢҜдёҷиғә', 2, 0, '2026-01-10 17:23:55', '2026-01-10 17:23:55');
INSERT INTO `tb_sensitive_word` VALUES (171, 'cannabis', 2, 0, '2026-01-10 17:23:55', '2026-01-10 17:23:55');
INSERT INTO `tb_sensitive_word` VALUES (172, 'еӨ§йә»', 2, 0, '2026-01-10 17:23:55', '2026-01-10 17:23:55');
INSERT INTO `tb_sensitive_word` VALUES (173, 'зҲұд»–жӯ»', 2, 0, '2026-01-10 17:23:55', '2026-01-10 17:23:55');
INSERT INTO `tb_sensitive_word` VALUES (174, 'ж°Ҝиғәй…®', 2, 0, '2026-01-10 17:23:55', '2026-01-10 17:23:55');
INSERT INTO `tb_sensitive_word` VALUES (175, 'benzodiazepines', 2, 0, '2026-01-10 17:23:55', '2026-01-10 17:23:55');
INSERT INTO `tb_sensitive_word` VALUES (176, 'з”Іеҹәе®үйқһд»–жҳҺ', 2, 0, '2026-01-10 17:23:55', '2026-01-10 17:23:55');
INSERT INTO `tb_sensitive_word` VALUES (177, 'еҗ—е•Ў', 2, 0, '2026-01-10 17:23:55', '2026-01-10 17:23:55');
INSERT INTO `tb_sensitive_word` VALUES (178, 'е®үйқһд»–е‘Ҫ', 2, 0, '2026-01-10 17:23:55', '2026-01-10 17:23:55');
INSERT INTO `tb_sensitive_word` VALUES (179, 'и…җиҙҘдёӯеӣҪ', 1, 0, '2026-01-10 17:25:01', '2026-01-10 17:25:01');
INSERT INTO `tb_sensitive_word` VALUES (180, 'дёүдёӘе‘Ҷе©Ҡ', 1, 0, '2026-01-10 17:25:01', '2026-01-10 17:25:01');
INSERT INTO `tb_sensitive_word` VALUES (181, 'дҪ еҠһдәӢжҲ‘ж”ҫеҝғ', 1, 0, '2026-01-10 17:25:01', '2026-01-10 17:25:01');
INSERT INTO `tb_sensitive_word` VALUES (182, 'зӨҫдјҡдё»д№үзҒӯдәЎ', 1, 0, '2026-01-10 17:25:01', '2026-01-10 17:25:01');
INSERT INTO `tb_sensitive_word` VALUES (183, 'жү“еҖ’дёӯеӣҪ', 1, 0, '2026-01-10 17:25:01', '2026-01-10 17:25:01');
INSERT INTO `tb_sensitive_word` VALUES (184, 'жү“еҖ’е…ұдә§е…ҡ', 1, 0, '2026-01-10 17:25:01', '2026-01-10 17:25:01');
INSERT INTO `tb_sensitive_word` VALUES (185, 'жү“еҖ’е…ұдә§дё»д№ү', 1, 0, '2026-01-10 17:25:01', '2026-01-10 17:25:01');
INSERT INTO `tb_sensitive_word` VALUES (186, 'жү“еҖ’иғЎй”Ұж¶ӣ', 1, 0, '2026-01-10 17:25:01', '2026-01-10 17:25:01');
INSERT INTO `tb_sensitive_word` VALUES (187, 'жү“еҖ’жұҹжіҪж°‘', 1, 0, '2026-01-10 17:25:01', '2026-01-10 17:25:01');
INSERT INTO `tb_sensitive_word` VALUES (188, 'жү“еҖ’жұҹдё»еёӯ', 1, 0, '2026-01-10 17:25:01', '2026-01-10 17:25:01');
INSERT INTO `tb_sensitive_word` VALUES (189, 'жү“еҖ’жқҺй№Ҹ', 1, 0, '2026-01-10 17:25:01', '2026-01-10 17:25:01');
INSERT INTO `tb_sensitive_word` VALUES (190, 'жү“еҖ’зҪ—е№І', 1, 0, '2026-01-10 17:25:01', '2026-01-10 17:25:01');
INSERT INTO `tb_sensitive_word` VALUES (191, 'жү“еҖ’жё©е®¶е®қ', 1, 0, '2026-01-10 17:25:01', '2026-01-10 17:25:01');
INSERT INTO `tb_sensitive_word` VALUES (192, 'жү“еҖ’дёӯе…ұ', 1, 0, '2026-01-10 17:25:01', '2026-01-10 17:25:01');
INSERT INTO `tb_sensitive_word` VALUES (193, 'жү“еҖ’жңұй••', 1, 0, '2026-01-10 17:25:01', '2026-01-10 17:25:01');
INSERT INTO `tb_sensitive_word` VALUES (194, 'жҠөеҲ¶е…ұдә§е…ҡ', 1, 0, '2026-01-10 17:25:01', '2026-01-10 17:25:01');
INSERT INTO `tb_sensitive_word` VALUES (195, 'жҠөеҲ¶е…ұдә§дё»д№ү', 1, 0, '2026-01-10 17:25:01', '2026-01-10 17:25:01');
INSERT INTO `tb_sensitive_word` VALUES (196, 'жҠөеҲ¶иғЎй”Ұж¶ӣ', 1, 0, '2026-01-10 17:25:01', '2026-01-10 17:25:01');
INSERT INTO `tb_sensitive_word` VALUES (197, 'жҠөеҲ¶жұҹжіҪж°‘', 1, 0, '2026-01-10 17:25:01', '2026-01-10 17:25:01');
INSERT INTO `tb_sensitive_word` VALUES (198, 'жҠөеҲ¶жұҹдё»еёӯ', 1, 0, '2026-01-10 17:25:01', '2026-01-10 17:25:01');
INSERT INTO `tb_sensitive_word` VALUES (199, 'жҠөеҲ¶жқҺй№Ҹ', 1, 0, '2026-01-10 17:25:01', '2026-01-10 17:25:01');
INSERT INTO `tb_sensitive_word` VALUES (200, 'жҠөеҲ¶зҪ—е№І', 1, 0, '2026-01-10 17:25:01', '2026-01-10 17:25:01');
INSERT INTO `tb_sensitive_word` VALUES (201, 'жҠөеҲ¶жё©е®¶е®қ', 1, 0, '2026-01-10 17:25:01', '2026-01-10 17:25:01');
INSERT INTO `tb_sensitive_word` VALUES (202, 'жҠөеҲ¶дёӯе…ұ', 1, 0, '2026-01-10 17:25:01', '2026-01-10 17:25:01');
INSERT INTO `tb_sensitive_word` VALUES (203, 'жҠөеҲ¶жңұй••еҹә', 1, 0, '2026-01-10 17:25:01', '2026-01-10 17:25:01');
INSERT INTO `tb_sensitive_word` VALUES (204, 'зҒӯдәЎдёӯеӣҪ', 1, 0, '2026-01-10 17:25:01', '2026-01-10 17:25:01');
INSERT INTO `tb_sensitive_word` VALUES (205, 'дәЎе…ҡдәЎеӣҪ', 1, 0, '2026-01-10 17:25:01', '2026-01-10 17:25:01');
INSERT INTO `tb_sensitive_word` VALUES (206, 'зІүзўҺеӣӣдәәеё®', 1, 0, '2026-01-10 17:25:01', '2026-01-10 17:25:01');
INSERT INTO `tb_sensitive_word` VALUES (207, 'жҝҖжөҒдёӯеӣҪ', 1, 0, '2026-01-10 17:25:01', '2026-01-10 17:25:01');
INSERT INTO `tb_sensitive_word` VALUES (208, 'зү№дҫӣ', 1, 0, '2026-01-10 17:25:01', '2026-01-10 17:25:01');
INSERT INTO `tb_sensitive_word` VALUES (209, 'зү№иҙЎ', 1, 0, '2026-01-10 17:25:01', '2026-01-10 17:25:01');
INSERT INTO `tb_sensitive_word` VALUES (210, 'зү№е…ұ', 1, 0, '2026-01-10 17:25:01', '2026-01-10 17:25:01');
INSERT INTO `tb_sensitive_word` VALUES (211, 'zfеӨ§жҘј', 1, 0, '2026-01-10 17:25:01', '2026-01-10 17:25:01');
INSERT INTO `tb_sensitive_word` VALUES (212, 'ж®ғи§Ҷ', 1, 0, '2026-01-10 17:25:01', '2026-01-10 17:25:01');
INSERT INTO `tb_sensitive_word` VALUES (213, 'иҙӘжұЎи…җиҙҘ', 1, 0, '2026-01-10 17:25:01', '2026-01-10 17:25:01');
INSERT INTO `tb_sensitive_word` VALUES (214, 'ејәеҲ¶жӢҶйҷӨ', 1, 0, '2026-01-10 17:25:01', '2026-01-10 17:25:01');
INSERT INTO `tb_sensitive_word` VALUES (215, 'еҪўејҸдё»д№ү', 1, 0, '2026-01-10 17:25:01', '2026-01-10 17:25:01');
INSERT INTO `tb_sensitive_word` VALUES (216, 'ж”ҝжІ»йЈҺжіў', 1, 0, '2026-01-10 17:25:01', '2026-01-10 17:25:01');
INSERT INTO `tb_sensitive_word` VALUES (217, 'еӨӘеӯҗе…ҡ', 1, 0, '2026-01-10 17:25:01', '2026-01-10 17:25:01');
INSERT INTO `tb_sensitive_word` VALUES (218, 'дёҠжө·её®', 1, 0, '2026-01-10 17:25:01', '2026-01-10 17:25:01');
INSERT INTO `tb_sensitive_word` VALUES (219, 'еҢ—дә¬её®', 1, 0, '2026-01-10 17:25:01', '2026-01-10 17:25:01');
INSERT INTO `tb_sensitive_word` VALUES (220, 'жё…еҚҺеё®', 1, 0, '2026-01-10 17:25:01', '2026-01-10 17:25:01');
INSERT INTO `tb_sensitive_word` VALUES (221, 'зәўиүІиҙөж—Ҹ', 1, 0, '2026-01-10 17:25:01', '2026-01-10 17:25:01');
INSERT INTO `tb_sensitive_word` VALUES (222, 'жқғиҙөйӣҶеӣў', 1, 0, '2026-01-10 17:25:01', '2026-01-10 17:25:01');
INSERT INTO `tb_sensitive_word` VALUES (223, 'жІіиҹ№зӨҫдјҡ', 1, 0, '2026-01-10 17:25:01', '2026-01-10 17:25:01');
INSERT INTO `tb_sensitive_word` VALUES (224, 'е–қиЎҖзӨҫдјҡ', 1, 0, '2026-01-10 17:25:01', '2026-01-10 17:25:01');
INSERT INTO `tb_sensitive_word` VALUES (225, 'д№қйЈҺ', 1, 0, '2026-01-10 17:25:01', '2026-01-10 17:25:01');
INSERT INTO `tb_sensitive_word` VALUES (226, '9йЈҺ', 1, 0, '2026-01-10 17:25:01', '2026-01-10 17:25:01');
INSERT INTO `tb_sensitive_word` VALUES (227, 'еҚҒдёғеӨ§', 1, 0, '2026-01-10 17:25:01', '2026-01-10 17:25:01');
INSERT INTO `tb_sensitive_word` VALUES (228, 'еҚҒ7еӨ§', 1, 0, '2026-01-10 17:25:01', '2026-01-10 17:25:01');
INSERT INTO `tb_sensitive_word` VALUES (229, '17da', 1, 0, '2026-01-10 17:25:01', '2026-01-10 17:25:01');
INSERT INTO `tb_sensitive_word` VALUES (230, 'д№қеӯҰ', 1, 0, '2026-01-10 17:25:01', '2026-01-10 17:25:01');
INSERT INTO `tb_sensitive_word` VALUES (231, '9еӯҰ', 1, 0, '2026-01-10 17:25:01', '2026-01-10 17:25:01');
INSERT INTO `tb_sensitive_word` VALUES (232, 'еӣӣйЈҺ', 1, 0, '2026-01-10 17:25:01', '2026-01-10 17:25:01');
INSERT INTO `tb_sensitive_word` VALUES (233, '4йЈҺ', 1, 0, '2026-01-10 17:25:01', '2026-01-10 17:25:01');
INSERT INTO `tb_sensitive_word` VALUES (234, 'еҸҢи§„', 1, 0, '2026-01-10 17:25:01', '2026-01-10 17:25:01');
INSERT INTO `tb_sensitive_word` VALUES (235, 'еҚ—иЎ—жқ‘', 1, 0, '2026-01-10 17:25:01', '2026-01-10 17:25:01');
INSERT INTO `tb_sensitive_word` VALUES (236, 'жңҖж·«е®ҳе‘ҳ', 1, 0, '2026-01-10 17:25:01', '2026-01-10 17:25:01');
INSERT INTO `tb_sensitive_word` VALUES (237, 'иӯҰеҢӘ', 1, 0, '2026-01-10 17:25:01', '2026-01-10 17:25:01');
INSERT INTO `tb_sensitive_word` VALUES (238, 'е®ҳеҢӘ', 1, 0, '2026-01-10 17:25:01', '2026-01-10 17:25:01');
INSERT INTO `tb_sensitive_word` VALUES (239, 'зӢ¬еӨ«ж°‘иҙј', 1, 0, '2026-01-10 17:25:01', '2026-01-10 17:25:01');
INSERT INTO `tb_sensitive_word` VALUES (240, 'е®ҳе•ҶеӢҫз»“', 1, 0, '2026-01-10 17:25:01', '2026-01-10 17:25:01');
INSERT INTO `tb_sensitive_word` VALUES (241, 'еҹҺз®ЎжҡҙеҠӣжү§жі•', 1, 0, '2026-01-10 17:25:01', '2026-01-10 17:25:01');
INSERT INTO `tb_sensitive_word` VALUES (242, 'ејәеҲ¶жҚҗж¬ҫ', 1, 0, '2026-01-10 17:25:01', '2026-01-10 17:25:01');
INSERT INTO `tb_sensitive_word` VALUES (243, 'жҜ’иұә', 1, 0, '2026-01-10 17:25:01', '2026-01-10 17:25:01');
INSERT INTO `tb_sensitive_word` VALUES (244, 'дёҖе…ҡжү§ж”ҝ', 1, 0, '2026-01-10 17:25:01', '2026-01-10 17:25:01');
INSERT INTO `tb_sensitive_word` VALUES (245, 'дёҖе…ҡдё“еҲ¶', 1, 0, '2026-01-10 17:25:01', '2026-01-10 17:25:01');
INSERT INTO `tb_sensitive_word` VALUES (246, 'дёҖе…ҡдё“ж”ҝ', 1, 0, '2026-01-10 17:25:01', '2026-01-10 17:25:01');
INSERT INTO `tb_sensitive_word` VALUES (247, 'дё“еҲ¶ж”ҝжқғ', 1, 0, '2026-01-10 17:25:01', '2026-01-10 17:25:01');
INSERT INTO `tb_sensitive_word` VALUES (248, 'е®Әжі•жі•йҷў', 1, 0, '2026-01-10 17:25:01', '2026-01-10 17:25:01');
INSERT INTO `tb_sensitive_word` VALUES (249, 'иғЎе№і', 1, 0, '2026-01-10 17:25:01', '2026-01-10 17:25:01');
INSERT INTO `tb_sensitive_word` VALUES (250, 'иӢҸжҷ“еә·', 1, 0, '2026-01-10 17:25:01', '2026-01-10 17:25:01');
INSERT INTO `tb_sensitive_word` VALUES (251, 'иҙәеҚ«ж–№', 1, 0, '2026-01-10 17:25:01', '2026-01-10 17:25:01');
INSERT INTO `tb_sensitive_word` VALUES (252, 'и°ӯдҪңдәә', 1, 0, '2026-01-10 17:25:01', '2026-01-10 17:25:01');
INSERT INTO `tb_sensitive_word` VALUES (253, 'з„ҰеӣҪж Ү', 1, 0, '2026-01-10 17:25:01', '2026-01-10 17:25:01');
INSERT INTO `tb_sensitive_word` VALUES (254, 'дёҮж¶ҰеҚ—', 1, 0, '2026-01-10 17:25:01', '2026-01-10 17:25:01');
INSERT INTO `tb_sensitive_word` VALUES (255, 'еј еҝ—ж–°', 1, 0, '2026-01-10 17:25:01', '2026-01-10 17:25:01');
INSERT INTO `tb_sensitive_word` VALUES (256, 'иҫӣзҒҸе№ҙ', 1, 0, '2026-01-10 17:25:01', '2026-01-10 17:25:01');
INSERT INTO `tb_sensitive_word` VALUES (257, 'й«ҳеӢӨиҚЈ', 1, 0, '2026-01-10 17:25:01', '2026-01-10 17:25:01');
INSERT INTO `tb_sensitive_word` VALUES (258, 'зҺӢзӮіз« ', 1, 0, '2026-01-10 17:25:01', '2026-01-10 17:25:01');
INSERT INTO `tb_sensitive_word` VALUES (259, 'й«ҳжҷәжҷҹ', 1, 0, '2026-01-10 17:25:01', '2026-01-10 17:25:01');
INSERT INTO `tb_sensitive_word` VALUES (260, 'еҸёй©¬з’җ', 1, 0, '2026-01-10 17:25:01', '2026-01-10 17:25:01');
INSERT INTO `tb_sensitive_word` VALUES (261, 'еҲҳжҷ“з«№', 1, 0, '2026-01-10 17:25:01', '2026-01-10 17:25:01');
INSERT INTO `tb_sensitive_word` VALUES (262, 'еҲҳе®ҫйӣҒ', 1, 0, '2026-01-10 17:25:01', '2026-01-10 17:25:01');
INSERT INTO `tb_sensitive_word` VALUES (263, 'йӯҸдә¬з”ҹ', 1, 0, '2026-01-10 17:25:01', '2026-01-10 17:25:01');
INSERT INTO `tb_sensitive_word` VALUES (264, 'еҜ»жүҫжһ—жҳӯзҡ„зҒөйӯӮ', 1, 0, '2026-01-10 17:25:01', '2026-01-10 17:25:01');
INSERT INTO `tb_sensitive_word` VALUES (265, 'еҲ«жўҰжҲҗзҒ°', 1, 0, '2026-01-10 17:25:01', '2026-01-10 17:25:01');
INSERT INTO `tb_sensitive_word` VALUES (266, 'и°ҒжҳҜж–°дёӯеӣҪ', 1, 0, '2026-01-10 17:25:01', '2026-01-10 17:25:01');
INSERT INTO `tb_sensitive_word` VALUES (267, 'и®Ёдјҗдёӯе®ЈйғЁ', 1, 0, '2026-01-10 17:25:01', '2026-01-10 17:25:01');
INSERT INTO `tb_sensitive_word` VALUES (268, 'ејӮи®®дәәеЈ«', 1, 0, '2026-01-10 17:25:01', '2026-01-10 17:25:01');
INSERT INTO `tb_sensitive_word` VALUES (269, 'ж°‘иҝҗдәәеЈ«', 1, 0, '2026-01-10 17:25:01', '2026-01-10 17:25:01');
INSERT INTO `tb_sensitive_word` VALUES (270, 'еҗҜи’ҷжҙҫ', 1, 0, '2026-01-10 17:25:01', '2026-01-10 17:25:01');
INSERT INTO `tb_sensitive_word` VALUES (271, 'йҖүеӣҪе®¶дё»еёӯ', 1, 0, '2026-01-10 17:25:01', '2026-01-10 17:25:01');
INSERT INTO `tb_sensitive_word` VALUES (272, 'ж°‘дёҖдё»', 1, 0, '2026-01-10 17:25:01', '2026-01-10 17:25:01');
INSERT INTO `tb_sensitive_word` VALUES (273, 'minдё»', 1, 0, '2026-01-10 17:25:01', '2026-01-10 17:25:01');
INSERT INTO `tb_sensitive_word` VALUES (274, 'ж°‘з«№', 1, 0, '2026-01-10 17:25:01', '2026-01-10 17:25:01');
INSERT INTO `tb_sensitive_word` VALUES (275, 'ж°‘зҸ ', 1, 0, '2026-01-10 17:25:01', '2026-01-10 17:25:01');
INSERT INTO `tb_sensitive_word` VALUES (276, 'ж°‘зҢӘ', 1, 0, '2026-01-10 17:25:01', '2026-01-10 17:25:01');
INSERT INTO `tb_sensitive_word` VALUES (277, 'chinesedemocracy', 1, 0, '2026-01-10 17:25:01', '2026-01-10 17:25:01');
INSERT INTO `tb_sensitive_word` VALUES (278, 'еӨ§иөҰеӣҪйҷ…', 1, 0, '2026-01-10 17:25:01', '2026-01-10 17:25:01');
INSERT INTO `tb_sensitive_word` VALUES (279, 'еӣҪйҷ…зү№иөҰ', 1, 0, '2026-01-10 17:25:01', '2026-01-10 17:25:01');
INSERT INTO `tb_sensitive_word` VALUES (280, 'daйҖү', 1, 0, '2026-01-10 17:25:01', '2026-01-10 17:25:01');
INSERT INTO `tb_sensitive_word` VALUES (281, 'жҠ•е…¬', 1, 0, '2026-01-10 17:25:01', '2026-01-10 17:25:01');
INSERT INTO `tb_sensitive_word` VALUES (282, 'е…¬еӨҙ', 1, 0, '2026-01-10 17:25:01', '2026-01-10 17:25:01');
INSERT INTO `tb_sensitive_word` VALUES (283, 'е®Әж”ҝ', 1, 0, '2026-01-10 17:25:01', '2026-01-10 17:25:01');
INSERT INTO `tb_sensitive_word` VALUES (284, 'е№іеҸҚ', 1, 0, '2026-01-10 17:25:01', '2026-01-10 17:25:01');
INSERT INTO `tb_sensitive_word` VALUES (285, 'е…ҡз« ', 1, 0, '2026-01-10 17:25:01', '2026-01-10 17:25:01');
INSERT INTO `tb_sensitive_word` VALUES (286, 'з»ҙжқғ', 1, 0, '2026-01-10 17:25:01', '2026-01-10 17:25:01');
INSERT INTO `tb_sensitive_word` VALUES (287, 'жҳқзҲұе®—', 1, 0, '2026-01-10 17:25:01', '2026-01-10 17:25:01');
INSERT INTO `tb_sensitive_word` VALUES (288, 'е®Әз« ', 1, 0, '2026-01-10 17:25:01', '2026-01-10 17:25:01');
INSERT INTO `tb_sensitive_word` VALUES (289, '08е®Ә', 1, 0, '2026-01-10 17:25:01', '2026-01-10 17:25:01');
INSERT INTO `tb_sensitive_word` VALUES (290, '08xz', 1, 0, '2026-01-10 17:25:01', '2026-01-10 17:25:01');
INSERT INTO `tb_sensitive_word` VALUES (291, 'жҠҝдё»', 1, 0, '2026-01-10 17:25:01', '2026-01-10 17:25:01');
INSERT INTO `tb_sensitive_word` VALUES (292, 'ж•Ҹдё»', 1, 0, '2026-01-10 17:25:01', '2026-01-10 17:25:01');
INSERT INTO `tb_sensitive_word` VALUES (293, 'дәәжӢі', 1, 0, '2026-01-10 17:25:01', '2026-01-10 17:25:01');
INSERT INTO `tb_sensitive_word` VALUES (294, 'дәәжңЁеҸҲ', 1, 0, '2026-01-10 17:25:01', '2026-01-10 17:25:01');
INSERT INTO `tb_sensitive_word` VALUES (295, 'дәәquan', 1, 0, '2026-01-10 17:25:01', '2026-01-10 17:25:01');
INSERT INTO `tb_sensitive_word` VALUES (296, 'renquan', 1, 0, '2026-01-10 17:25:01', '2026-01-10 17:25:01');
INSERT INTO `tb_sensitive_word` VALUES (297, 'дёӯеӣҪдәәжқғ', 1, 0, '2026-01-10 17:25:01', '2026-01-10 17:25:01');
INSERT INTO `tb_sensitive_word` VALUES (298, 'дёӯеӣҪж–°ж°‘е…ҡ', 1, 0, '2026-01-10 17:25:01', '2026-01-10 17:25:01');
INSERT INTO `tb_sensitive_word` VALUES (299, 'зҫӨдҪ“дәӢд»¶', 1, 0, '2026-01-10 17:25:01', '2026-01-10 17:25:01');
INSERT INTO `tb_sensitive_word` VALUES (300, 'зҫӨдҪ“жҖ§дәӢд»¶', 1, 0, '2026-01-10 17:25:01', '2026-01-10 17:25:01');
INSERT INTO `tb_sensitive_word` VALUES (301, 'дёҠдёӯеӨ®', 1, 0, '2026-01-10 17:25:01', '2026-01-10 17:25:01');
INSERT INTO `tb_sensitive_word` VALUES (302, 'еҺ»дёӯеӨ®', 1, 0, '2026-01-10 17:25:01', '2026-01-10 17:25:01');
INSERT INTO `tb_sensitive_word` VALUES (303, 'и®ЁиҜҙжі•', 1, 0, '2026-01-10 17:25:01', '2026-01-10 17:25:01');
INSERT INTO `tb_sensitive_word` VALUES (304, 'иҜ·ж„ҝ', 1, 0, '2026-01-10 17:25:01', '2026-01-10 17:25:01');
INSERT INTO `tb_sensitive_word` VALUES (305, 'иҜ·е‘Ҫ', 1, 0, '2026-01-10 17:25:01', '2026-01-10 17:25:01');
INSERT INTO `tb_sensitive_word` VALUES (306, 'е…¬ејҖдҝЎ', 1, 0, '2026-01-10 17:25:01', '2026-01-10 17:25:01');
INSERT INTO `tb_sensitive_word` VALUES (307, 'иҒ”еҗҚдёҠд№Ұ', 1, 0, '2026-01-10 17:25:01', '2026-01-10 17:25:01');
INSERT INTO `tb_sensitive_word` VALUES (308, 'дёҮдәәеӨ§зӯҫеҗҚ', 1, 0, '2026-01-10 17:25:01', '2026-01-10 17:25:01');
INSERT INTO `tb_sensitive_word` VALUES (309, 'дёҮдәәйӘҡеҠЁ', 1, 0, '2026-01-10 17:25:01', '2026-01-10 17:25:01');
INSERT INTO `tb_sensitive_word` VALUES (310, 'жҲӘи®ҝ', 1, 0, '2026-01-10 17:25:01', '2026-01-10 17:25:01');
INSERT INTO `tb_sensitive_word` VALUES (311, 'дёҠи®ҝ', 1, 0, '2026-01-10 17:25:01', '2026-01-10 17:25:01');
INSERT INTO `tb_sensitive_word` VALUES (312, 'shangfang', 1, 0, '2026-01-10 17:25:01', '2026-01-10 17:25:01');
INSERT INTO `tb_sensitive_word` VALUES (313, 'дҝЎи®ҝ', 1, 0, '2026-01-10 17:25:01', '2026-01-10 17:25:01');
INSERT INTO `tb_sensitive_word` VALUES (314, 'и®ҝж°‘', 1, 0, '2026-01-10 17:25:01', '2026-01-10 17:25:01');
INSERT INTO `tb_sensitive_word` VALUES (681, 'зҪ‘з»ң', 5, 0, '2026-01-10 17:26:43', '2026-01-10 17:26:43');
INSERT INTO `tb_sensitive_word` VALUES (682, 'QQ', 5, 0, '2026-01-10 17:26:43', '2026-01-10 17:26:43');
INSERT INTO `tb_sensitive_word` VALUES (683, 'жӢӣиҒҳ', 5, 0, '2026-01-10 17:26:43', '2026-01-10 17:26:43');
INSERT INTO `tb_sensitive_word` VALUES (684, 'жңүж„ҸиҖ…', 5, 0, '2026-01-10 17:26:43', '2026-01-10 17:26:43');
INSERT INTO `tb_sensitive_word` VALUES (685, 'еҲ°иҙ§', 5, 0, '2026-01-10 17:26:43', '2026-01-10 17:26:43');
INSERT INTO `tb_sensitive_word` VALUES (686, 'жң¬еә—', 5, 0, '2026-01-10 17:26:43', '2026-01-10 17:26:43');
INSERT INTO `tb_sensitive_word` VALUES (687, 'д»Јиҙӯ', 5, 0, '2026-01-10 17:26:43', '2026-01-10 17:26:43');
INSERT INTO `tb_sensitive_word` VALUES (688, 'жүЈжүЈ', 5, 0, '2026-01-10 17:26:43', '2026-01-10 17:26:43');
INSERT INTO `tb_sensitive_word` VALUES (689, 'е®ўжңҚ', 5, 0, '2026-01-10 17:26:43', '2026-01-10 17:26:43');
INSERT INTO `tb_sensitive_word` VALUES (690, 'еҫ®еә—', 5, 0, '2026-01-10 17:26:43', '2026-01-10 17:26:43');
INSERT INTO `tb_sensitive_word` VALUES (691, 'е…јиҒҢ', 5, 0, '2026-01-10 17:26:43', '2026-01-10 17:26:43');
INSERT INTO `tb_sensitive_word` VALUES (692, 'е…јеҖј', 5, 0, '2026-01-10 17:26:43', '2026-01-10 17:26:43');
INSERT INTO `tb_sensitive_word` VALUES (693, 'ж·ҳе®қ', 5, 0, '2026-01-10 17:26:43', '2026-01-10 17:26:43');
INSERT INTO `tb_sensitive_word` VALUES (694, 'е°Ҹе§җ', 5, 0, '2026-01-10 17:26:43', '2026-01-10 17:26:43');
INSERT INTO `tb_sensitive_word` VALUES (695, 'еҰ“еҘі', 5, 0, '2026-01-10 17:26:43', '2026-01-10 17:26:43');
INSERT INTO `tb_sensitive_word` VALUES (696, 'еҢ…еӨң', 5, 0, '2026-01-10 17:26:43', '2026-01-10 17:26:43');
INSERT INTO `tb_sensitive_word` VALUES (697, '3P', 5, 0, '2026-01-10 17:26:43', '2026-01-10 17:26:43');
INSERT INTO `tb_sensitive_word` VALUES (698, 'LY', 5, 0, '2026-01-10 17:26:43', '2026-01-10 17:26:43');
INSERT INTO `tb_sensitive_word` VALUES (699, 'JS', 5, 0, '2026-01-10 17:26:43', '2026-01-10 17:26:43');
INSERT INTO `tb_sensitive_word` VALUES (700, 'зӢјеҸӢ', 5, 0, '2026-01-10 17:26:43', '2026-01-10 17:26:43');
INSERT INTO `tb_sensitive_word` VALUES (701, 'жҠҖеёҲ', 5, 0, '2026-01-10 17:26:43', '2026-01-10 17:26:43');
INSERT INTO `tb_sensitive_word` VALUES (702, 'жҺЁжІ№', 5, 0, '2026-01-10 17:26:43', '2026-01-10 17:26:43');
INSERT INTO `tb_sensitive_word` VALUES (703, 'иғёжҺЁ', 5, 0, '2026-01-10 17:26:43', '2026-01-10 17:26:43');
INSERT INTO `tb_sensitive_word` VALUES (704, 'BT', 5, 0, '2026-01-10 17:26:43', '2026-01-10 17:26:43');
INSERT INTO `tb_sensitive_word` VALUES (705, 'жҜ’йҫҷ', 5, 0, '2026-01-10 17:26:43', '2026-01-10 17:26:43');
INSERT INTO `tb_sensitive_word` VALUES (706, 'еҸЈзҲҶ', 5, 0, '2026-01-10 17:26:43', '2026-01-10 17:26:43');
INSERT INTO `tb_sensitive_word` VALUES (707, 'жҘјеҮӨ', 5, 0, '2026-01-10 17:26:43', '2026-01-10 17:26:43');
INSERT INTO `tb_sensitive_word` VALUES (708, 'и¶ідәӨ', 5, 0, '2026-01-10 17:26:43', '2026-01-10 17:26:43');
INSERT INTO `tb_sensitive_word` VALUES (709, 'еҸЈжҡҙ', 5, 0, '2026-01-10 17:26:43', '2026-01-10 17:26:43');
INSERT INTO `tb_sensitive_word` VALUES (710, 'еҸЈдәӨ', 5, 0, '2026-01-10 17:26:43', '2026-01-10 17:26:43');
INSERT INTO `tb_sensitive_word` VALUES (711, 'е…ЁеҘ—', 5, 0, '2026-01-10 17:26:43', '2026-01-10 17:26:43');
INSERT INTO `tb_sensitive_word` VALUES (712, 'SM', 5, 0, '2026-01-10 17:26:43', '2026-01-10 17:26:43');
INSERT INTO `tb_sensitive_word` VALUES (713, 'жЎ‘жӢҝ', 5, 0, '2026-01-10 17:26:43', '2026-01-10 17:26:43');
INSERT INTO `tb_sensitive_word` VALUES (714, 'еҗһзІҫ', 5, 0, '2026-01-10 17:26:43', '2026-01-10 17:26:43');
INSERT INTO `tb_sensitive_word` VALUES (715, 'е’Әе’Ә', 5, 0, '2026-01-10 17:26:43', '2026-01-10 17:26:43');
INSERT INTO `tb_sensitive_word` VALUES (716, 'е©Ҡеӯҗ', 5, 0, '2026-01-10 17:26:43', '2026-01-10 17:26:43');
INSERT INTO `tb_sensitive_word` VALUES (717, 'д№іж–№', 5, 0, '2026-01-10 17:26:43', '2026-01-10 17:26:43');
INSERT INTO `tb_sensitive_word` VALUES (718, 'ж“ҚйҖј', 5, 0, '2026-01-10 17:26:43', '2026-01-10 17:26:43');
INSERT INTO `tb_sensitive_word` VALUES (719, 'е…ЁиҒҢ', 5, 0, '2026-01-10 17:26:43', '2026-01-10 17:26:43');
INSERT INTO `tb_sensitive_word` VALUES (720, 'жҖ§дјҙдҫЈ', 5, 0, '2026-01-10 17:26:43', '2026-01-10 17:26:43');
INSERT INTO `tb_sensitive_word` VALUES (721, 'зҪ‘иҙӯ', 5, 0, '2026-01-10 17:26:43', '2026-01-10 17:26:43');
INSERT INTO `tb_sensitive_word` VALUES (722, 'зҪ‘з»ңе·ҘдҪң', 5, 0, '2026-01-10 17:26:43', '2026-01-10 17:26:43');
INSERT INTO `tb_sensitive_word` VALUES (723, 'д»ЈзҗҶ', 5, 0, '2026-01-10 17:26:43', '2026-01-10 17:26:43');
INSERT INTO `tb_sensitive_word` VALUES (724, 'дё“дёҡд»ЈзҗҶ', 5, 0, '2026-01-10 17:26:43', '2026-01-10 17:26:43');
INSERT INTO `tb_sensitive_word` VALUES (725, 'её®еҝҷзӮ№дёҖдёӢ', 5, 0, '2026-01-10 17:26:43', '2026-01-10 17:26:43');
INSERT INTO `tb_sensitive_word` VALUES (726, 'её®еҝҷзӮ№дёӢ', 5, 0, '2026-01-10 17:26:43', '2026-01-10 17:26:43');
INSERT INTO `tb_sensitive_word` VALUES (727, 'иҜ·зӮ№еҮ»иҝӣе…Ҙ', 5, 0, '2026-01-10 17:26:43', '2026-01-10 17:26:43');
INSERT INTO `tb_sensitive_word` VALUES (728, 'иҜҰжғ…иҜ·иҝӣе…Ҙ', 5, 0, '2026-01-10 17:26:43', '2026-01-10 17:26:43');
INSERT INTO `tb_sensitive_word` VALUES (729, 'з§ҒдәәдҫҰжҺў', 5, 0, '2026-01-10 17:26:43', '2026-01-10 17:26:43');
INSERT INTO `tb_sensitive_word` VALUES (730, 'з§Ғе®¶дҫҰжҺў', 5, 0, '2026-01-10 17:26:43', '2026-01-10 17:26:43');
INSERT INTO `tb_sensitive_word` VALUES (731, 'й’Ҳеӯ”ж‘„иұЎ', 5, 0, '2026-01-10 17:26:43', '2026-01-10 17:26:43');
INSERT INTO `tb_sensitive_word` VALUES (732, 'и°ғжҹҘе©ҡеӨ–жғ…', 5, 0, '2026-01-10 17:26:43', '2026-01-10 17:26:43');
INSERT INTO `tb_sensitive_word` VALUES (733, 'дҝЎз”ЁеҚЎжҸҗзҺ°', 5, 0, '2026-01-10 17:26:43', '2026-01-10 17:26:43');
INSERT INTO `tb_sensitive_word` VALUES (734, 'ж— жҠөжҠјиҙ·ж¬ҫ', 5, 0, '2026-01-10 17:26:43', '2026-01-10 17:26:43');
INSERT INTO `tb_sensitive_word` VALUES (735, 'е№ҝе‘Ҡд»ЈзҗҶ', 5, 0, '2026-01-10 17:26:43', '2026-01-10 17:26:43');
INSERT INTO `tb_sensitive_word` VALUES (736, 'еҺҹйҹій“ғеЈ°', 5, 0, '2026-01-10 17:26:43', '2026-01-10 17:26:43');
INSERT INTO `tb_sensitive_word` VALUES (737, 'еҖҹи…№з”ҹеӯҗ', 5, 0, '2026-01-10 17:26:43', '2026-01-10 17:26:43');
INSERT INTO `tb_sensitive_word` VALUES (738, 'жүҫдёӘеҰҲеҰҲ', 5, 0, '2026-01-10 17:26:43', '2026-01-10 17:26:43');
INSERT INTO `tb_sensitive_word` VALUES (739, 'жүҫдёӘзҲёзҲё', 5, 0, '2026-01-10 17:26:43', '2026-01-10 17:26:43');
INSERT INTO `tb_sensitive_word` VALUES (740, 'д»Јеӯ•еҰҲеҰҲ', 5, 0, '2026-01-10 17:26:43', '2026-01-10 17:26:43');
INSERT INTO `tb_sensitive_word` VALUES (741, 'д»Јз”ҹеӯ©еӯҗ', 5, 0, '2026-01-10 17:26:43', '2026-01-10 17:26:43');
INSERT INTO `tb_sensitive_word` VALUES (742, 'д»ЈејҖеҸ‘зҘЁ', 5, 0, '2026-01-10 17:26:43', '2026-01-10 17:26:43');
INSERT INTO `tb_sensitive_word` VALUES (743, 'и…ҫи®Ҝе®ўжңҚз”өиҜқ', 5, 0, '2026-01-10 17:26:43', '2026-01-10 17:26:43');
INSERT INTO `tb_sensitive_word` VALUES (744, 'й”Җе”®зғӯзәҝ', 5, 0, '2026-01-10 17:26:43', '2026-01-10 17:26:43');
INSERT INTO `tb_sensitive_word` VALUES (745, 'е…Қиҙ№и®ўиҙӯзғӯзәҝ', 5, 0, '2026-01-10 17:26:43', '2026-01-10 17:26:43');
INSERT INTO `tb_sensitive_word` VALUES (746, 'дҪҺд»·еҮәе”®', 5, 0, '2026-01-10 17:26:43', '2026-01-10 17:26:43');
INSERT INTO `tb_sensitive_word` VALUES (747, 'ж¬ҫеҲ°еҸ‘иҙ§', 5, 0, '2026-01-10 17:26:43', '2026-01-10 17:26:43');
INSERT INTO `tb_sensitive_word` VALUES (748, 'еӣһеӨҚеҸҜи§Ғ', 5, 0, '2026-01-10 17:26:43', '2026-01-10 17:26:43');
INSERT INTO `tb_sensitive_word` VALUES (749, 'иҝһй”ҒеҠ зӣҹ', 5, 0, '2026-01-10 17:26:43', '2026-01-10 17:26:43');
INSERT INTO `tb_sensitive_word` VALUES (750, 'еҠ зӣҹиҝһй”Ғ', 5, 0, '2026-01-10 17:26:43', '2026-01-10 17:26:43');
INSERT INTO `tb_sensitive_word` VALUES (751, 'е…Қиҙ№дәҢзә§еҹҹеҗҚ', 5, 0, '2026-01-10 17:26:43', '2026-01-10 17:26:43');
INSERT INTO `tb_sensitive_word` VALUES (752, 'е…Қиҙ№дҪҝз”Ё', 5, 0, '2026-01-10 17:26:43', '2026-01-10 17:26:43');
INSERT INTO `tb_sensitive_word` VALUES (753, 'е…Қиҙ№зҙўеҸ–', 5, 0, '2026-01-10 17:26:43', '2026-01-10 17:26:43');
INSERT INTO `tb_sensitive_word` VALUES (754, 'иҡҒеҠӣзҘһ', 5, 0, '2026-01-10 17:26:43', '2026-01-10 17:26:43');
INSERT INTO `tb_sensitive_word` VALUES (755, 'е©ҙе„ҝжұӨ', 5, 0, '2026-01-10 17:26:43', '2026-01-10 17:26:43');
INSERT INTO `tb_sensitive_word` VALUES (756, 'е”®иӮҫ', 5, 0, '2026-01-10 17:26:43', '2026-01-10 17:26:43');
INSERT INTO `tb_sensitive_word` VALUES (757, 'еҲ»з« еҠһ', 5, 0, '2026-01-10 17:26:43', '2026-01-10 17:26:43');
INSERT INTO `tb_sensitive_word` VALUES (758, 'д№°е°ҸиҪҰ', 5, 0, '2026-01-10 17:26:43', '2026-01-10 17:26:43');
INSERT INTO `tb_sensitive_word` VALUES (759, 'еҘ—зүҢиҪҰ', 5, 0, '2026-01-10 17:26:43', '2026-01-10 17:26:43');
INSERT INTO `tb_sensitive_word` VALUES (760, 'зҺӣйӣ…зҪ‘', 5, 0, '2026-01-10 17:26:43', '2026-01-10 17:26:43');
INSERT INTO `tb_sensitive_word` VALUES (761, 'з”өи„‘дј и®Ҝ', 5, 0, '2026-01-10 17:26:43', '2026-01-10 17:26:43');
INSERT INTO `tb_sensitive_word` VALUES (762, 'и§Ҷйў‘жқҘжәҗ', 5, 0, '2026-01-10 17:26:43', '2026-01-10 17:26:43');
INSERT INTO `tb_sensitive_word` VALUES (763, 'дёӢиҪҪйҖҹеәҰ', 5, 0, '2026-01-10 17:26:43', '2026-01-10 17:26:43');
INSERT INTO `tb_sensitive_word` VALUES (764, 'й«ҳжё…еңЁзәҝ', 5, 0, '2026-01-10 17:26:43', '2026-01-10 17:26:43');
INSERT INTO `tb_sensitive_word` VALUES (765, 'е…ЁйӣҶеңЁзәҝ', 5, 0, '2026-01-10 17:26:43', '2026-01-10 17:26:43');
INSERT INTO `tb_sensitive_word` VALUES (766, 'еңЁзәҝж’ӯж”ҫ', 5, 0, '2026-01-10 17:26:43', '2026-01-10 17:26:43');
INSERT INTO `tb_sensitive_word` VALUES (767, 'txtдёӢиҪҪ', 5, 0, '2026-01-10 17:26:43', '2026-01-10 17:26:43');
INSERT INTO `tb_sensitive_word` VALUES (768, 'е…ӯдҪҚqq', 5, 0, '2026-01-10 17:26:43', '2026-01-10 17:26:43');
INSERT INTO `tb_sensitive_word` VALUES (769, '6дҪҚqq', 5, 0, '2026-01-10 17:26:43', '2026-01-10 17:26:43');
INSERT INTO `tb_sensitive_word` VALUES (770, 'дҪҚзҡ„qq', 5, 0, '2026-01-10 17:26:43', '2026-01-10 17:26:43');
INSERT INTO `tb_sensitive_word` VALUES (771, 'дёӘqb', 5, 0, '2026-01-10 17:26:43', '2026-01-10 17:26:43');
INSERT INTO `tb_sensitive_word` VALUES (772, 'йҖҒqb', 5, 0, '2026-01-10 17:26:43', '2026-01-10 17:26:43');
INSERT INTO `tb_sensitive_word` VALUES (773, 'з”ЁеҲҖжЁӘеҗ‘еҲҮи…№', 5, 0, '2026-01-10 17:26:43', '2026-01-10 17:26:43');
INSERT INTO `tb_sensitive_word` VALUES (774, 'е®Ңе…ЁиҮӘжқҖжүӢеҶҢ', 5, 0, '2026-01-10 17:26:43', '2026-01-10 17:26:43');
INSERT INTO `tb_sensitive_word` VALUES (775, 'еӣӣжө·её®', 5, 0, '2026-01-10 17:26:43', '2026-01-10 17:26:43');
INSERT INTO `tb_sensitive_word` VALUES (776, 'и¶ізҗғжҠ•жіЁ', 5, 0, '2026-01-10 17:26:43', '2026-01-10 17:26:43');
INSERT INTO `tb_sensitive_word` VALUES (777, 'ең°дёӢй’ұеә„', 5, 0, '2026-01-10 17:26:43', '2026-01-10 17:26:43');
INSERT INTO `tb_sensitive_word` VALUES (778, 'дёӯеӣҪеӨҚе…ҙе…ҡ', 5, 0, '2026-01-10 17:26:43', '2026-01-10 17:26:43');
INSERT INTO `tb_sensitive_word` VALUES (779, 'йҳҝжіўзҪ—зҪ‘', 5, 0, '2026-01-10 17:26:43', '2026-01-10 17:26:43');
INSERT INTO `tb_sensitive_word` VALUES (780, 'жӣҫйҒ“дәә', 5, 0, '2026-01-10 17:26:43', '2026-01-10 17:26:43');
INSERT INTO `tb_sensitive_word` VALUES (781, 'е…ӯеҗҲеҪ©', 5, 0, '2026-01-10 17:26:43', '2026-01-10 17:26:43');
INSERT INTO `tb_sensitive_word` VALUES (782, 'ж”№еҚ·еҶ…е№•', 5, 0, '2026-01-10 17:26:43', '2026-01-10 17:26:43');
INSERT INTO `tb_sensitive_word` VALUES (783, 'жӣҝиҖғиҜ•', 5, 0, '2026-01-10 17:26:43', '2026-01-10 17:26:43');
INSERT INTO `tb_sensitive_word` VALUES (784, 'йҡҗеҪўиҖіжңә', 5, 0, '2026-01-10 17:26:43', '2026-01-10 17:26:43');
INSERT INTO `tb_sensitive_word` VALUES (785, 'еҮәе”®зӯ”жЎҲ', 5, 0, '2026-01-10 17:26:43', '2026-01-10 17:26:43');
INSERT INTO `tb_sensitive_word` VALUES (786, 'иҖғдёӯзӯ”жЎҲ', 5, 0, '2026-01-10 17:26:43', '2026-01-10 17:26:43');
INSERT INTO `tb_sensitive_word` VALUES (787, 'зӯ”an', 5, 0, '2026-01-10 17:26:43', '2026-01-10 17:26:43');
INSERT INTO `tb_sensitive_word` VALUES (788, 'daжЎҲ', 5, 0, '2026-01-10 17:26:43', '2026-01-10 17:26:43');
INSERT INTO `tb_sensitive_word` VALUES (789, 'иө„йҮ‘е‘ЁиҪ¬', 5, 0, '2026-01-10 17:26:43', '2026-01-10 17:26:43');
INSERT INTO `tb_sensitive_word` VALUES (790, 'ж•‘еёӮ', 5, 0, '2026-01-10 17:26:43', '2026-01-10 17:26:43');
INSERT INTO `tb_sensitive_word` VALUES (791, 'иӮЎеёӮеңҲй’ұ', 5, 0, '2026-01-10 17:26:43', '2026-01-10 17:26:43');
INSERT INTO `tb_sensitive_word` VALUES (792, 'еҙ©зӣҳ', 5, 0, '2026-01-10 17:26:43', '2026-01-10 17:26:43');
INSERT INTO `tb_sensitive_word` VALUES (793, 'иө„йҮ‘зҹӯзјә', 5, 0, '2026-01-10 17:26:43', '2026-01-10 17:26:43');
INSERT INTO `tb_sensitive_word` VALUES (794, 'иҜҒзӣ‘дјҡ', 5, 0, '2026-01-10 17:26:43', '2026-01-10 17:26:43');
INSERT INTO `tb_sensitive_word` VALUES (795, 'иҙЁжҠјиҙ·ж¬ҫ', 5, 0, '2026-01-10 17:26:43', '2026-01-10 17:26:43');
INSERT INTO `tb_sensitive_word` VALUES (796, 'е°Ҹйўқиҙ·ж¬ҫ', 5, 0, '2026-01-10 17:26:43', '2026-01-10 17:26:43');
INSERT INTO `tb_sensitive_word` VALUES (797, 'е‘Ёе°Ҹе·қ', 5, 0, '2026-01-10 17:26:43', '2026-01-10 17:26:43');
INSERT INTO `tb_sensitive_word` VALUES (798, 'еҲҳжҳҺеә·', 5, 0, '2026-01-10 17:26:43', '2026-01-10 17:26:43');
INSERT INTO `tb_sensitive_word` VALUES (799, 'е°ҡзҰҸжһ—', 5, 0, '2026-01-10 17:26:43', '2026-01-10 17:26:43');
INSERT INTO `tb_sensitive_word` VALUES (800, 'еӯ”дё№', 5, 0, '2026-01-10 17:26:43', '2026-01-10 17:26:43');
INSERT INTO `tb_sensitive_word` VALUES (2908, 'зҲұж¶І', 4, 0, '2026-01-10 17:29:07', '2026-01-10 17:29:07');
INSERT INTO `tb_sensitive_word` VALUES (2909, 'жҢүж‘©жЈ’', 4, 0, '2026-01-10 17:29:07', '2026-01-10 17:29:07');
INSERT INTO `tb_sensitive_word` VALUES (2910, 'жӢ”еҮәжқҘ', 4, 0, '2026-01-10 17:29:07', '2026-01-10 17:29:07');
INSERT INTO `tb_sensitive_word` VALUES (2911, 'зҲҶиҚү', 4, 0, '2026-01-10 17:29:07', '2026-01-10 17:29:07');
INSERT INTO `tb_sensitive_word` VALUES (2912, 'еҢ…дәҢеҘ¶', 4, 0, '2026-01-10 17:29:07', '2026-01-10 17:29:07');
INSERT INTO `tb_sensitive_word` VALUES (2913, 'жҡҙе№І', 4, 0, '2026-01-10 17:29:07', '2026-01-10 17:29:07');
INSERT INTO `tb_sensitive_word` VALUES (2914, 'жҡҙеҘё', 4, 0, '2026-01-10 17:29:07', '2026-01-10 17:29:07');
INSERT INTO `tb_sensitive_word` VALUES (2915, 'жҡҙд№і', 4, 0, '2026-01-10 17:29:07', '2026-01-10 17:29:07');
INSERT INTO `tb_sensitive_word` VALUES (2916, 'зҲҶд№і', 4, 0, '2026-01-10 17:29:07', '2026-01-10 17:29:07');
INSERT INTO `tb_sensitive_word` VALUES (2917, 'жҡҙж·«', 4, 0, '2026-01-10 17:29:07', '2026-01-10 17:29:07');
INSERT INTO `tb_sensitive_word` VALUES (2918, 'иў«ж“Қ', 4, 0, '2026-01-10 17:29:07', '2026-01-10 17:29:07');
INSERT INTO `tb_sensitive_word` VALUES (2919, 'иў«жҸ’', 4, 0, '2026-01-10 17:29:07', '2026-01-10 17:29:07');
INSERT INTO `tb_sensitive_word` VALUES (2920, 'иў«е№І', 4, 0, '2026-01-10 17:29:07', '2026-01-10 17:29:07');
INSERT INTO `tb_sensitive_word` VALUES (2921, 'йҖјеҘё', 4, 0, '2026-01-10 17:29:07', '2026-01-10 17:29:07');
INSERT INTO `tb_sensitive_word` VALUES (2922, 'д»“дә•з©ә', 4, 0, '2026-01-10 17:29:07', '2026-01-10 17:29:07');
INSERT INTO `tb_sensitive_word` VALUES (2923, 'жҸ’жҡҙ', 4, 0, '2026-01-10 17:29:07', '2026-01-10 17:29:07');
INSERT INTO `tb_sensitive_word` VALUES (2924, 'ж“Қй»‘', 4, 0, '2026-01-10 17:29:07', '2026-01-10 17:29:07');
INSERT INTO `tb_sensitive_word` VALUES (2925, 'ж“ҚзғӮ', 4, 0, '2026-01-10 17:29:07', '2026-01-10 17:29:07');
INSERT INTO `tb_sensitive_word` VALUES (2926, 'иӮҸдҪ ', 4, 0, '2026-01-10 17:29:07', '2026-01-10 17:29:07');
INSERT INTO `tb_sensitive_word` VALUES (2927, 'иӮҸжӯ»', 4, 0, '2026-01-10 17:29:07', '2026-01-10 17:29:07');
INSERT INTO `tb_sensitive_word` VALUES (2928, 'ж“Қжӯ»', 4, 0, '2026-01-10 17:29:07', '2026-01-10 17:29:07');
INSERT INTO `tb_sensitive_word` VALUES (2929, 'ж“ҚжҲ‘', 4, 0, '2026-01-10 17:29:07', '2026-01-10 17:29:07');
INSERT INTO `tb_sensitive_word` VALUES (2930, 'еҺ•еҘҙ', 4, 0, '2026-01-10 17:29:07', '2026-01-10 17:29:07');
INSERT INTO `tb_sensitive_word` VALUES (2931, 'жҸ’жҜ”', 4, 0, '2026-01-10 17:29:07', '2026-01-10 17:29:07');
INSERT INTO `tb_sensitive_word` VALUES (2932, 'жҸ’b', 4, 0, '2026-01-10 17:29:07', '2026-01-10 17:29:07');
INSERT INTO `tb_sensitive_word` VALUES (2933, 'жҸ’йҖј', 4, 0, '2026-01-10 17:29:07', '2026-01-10 17:29:07');
INSERT INTO `tb_sensitive_word` VALUES (2934, 'жҸ’иҝӣ', 4, 0, '2026-01-10 17:29:07', '2026-01-10 17:29:07');
INSERT INTO `tb_sensitive_word` VALUES (2935, 'жҸ’дҪ ', 4, 0, '2026-01-10 17:29:07', '2026-01-10 17:29:07');
INSERT INTO `tb_sensitive_word` VALUES (2936, 'жҸ’жҲ‘', 4, 0, '2026-01-10 17:29:07', '2026-01-10 17:29:07');
INSERT INTO `tb_sensitive_word` VALUES (2937, 'жҸ’йҳҙ', 4, 0, '2026-01-10 17:29:07', '2026-01-10 17:29:07');
INSERT INTO `tb_sensitive_word` VALUES (2938, 'жҪ®еҗ№', 4, 0, '2026-01-10 17:29:07', '2026-01-10 17:29:07');
INSERT INTO `tb_sensitive_word` VALUES (2939, 'жҪ®е–·', 4, 0, '2026-01-10 17:29:07', '2026-01-10 17:29:07');
INSERT INTO `tb_sensitive_word` VALUES (2940, 'жҲҗдәәз”өеҪұ', 4, 0, '2026-01-10 17:29:07', '2026-01-10 17:29:07');
INSERT INTO `tb_sensitive_word` VALUES (2941, 'жҲҗдәәи®әеқӣ', 4, 0, '2026-01-10 17:29:07', '2026-01-10 17:29:07');
INSERT INTO `tb_sensitive_word` VALUES (2942, 'жҲҗдәәиүІжғ…', 4, 0, '2026-01-10 17:29:07', '2026-01-10 17:29:07');
INSERT INTO `tb_sensitive_word` VALUES (2943, 'жҲҗдәәзҪ‘з«ҷ', 4, 0, '2026-01-10 17:29:07', '2026-01-10 17:29:07');
INSERT INTO `tb_sensitive_word` VALUES (2944, 'жҲҗдәәж–ҮеӯҰ', 4, 0, '2026-01-10 17:29:07', '2026-01-10 17:29:07');
INSERT INTO `tb_sensitive_word` VALUES (2945, 'жҲҗдәәе°ҸиҜҙ', 4, 0, '2026-01-10 17:29:07', '2026-01-10 17:29:07');
INSERT INTO `tb_sensitive_word` VALUES (2946, 'иүіжғ…е°ҸиҜҙ', 4, 0, '2026-01-10 17:29:07', '2026-01-10 17:29:07');
INSERT INTO `tb_sensitive_word` VALUES (2947, 'жҲҗдәәжёёжҲҸ', 4, 0, '2026-01-10 17:29:07', '2026-01-10 17:29:07');
INSERT INTO `tb_sensitive_word` VALUES (2948, 'еҗғзІҫ', 4, 0, '2026-01-10 17:29:07', '2026-01-10 17:29:07');
INSERT INTO `tb_sensitive_word` VALUES (2949, 'жҠҪжҸ’', 4, 0, '2026-01-10 17:29:07', '2026-01-10 17:29:07');
INSERT INTO `tb_sensitive_word` VALUES (2950, 'жҳҘиҚҜ', 4, 0, '2026-01-10 17:29:07', '2026-01-10 17:29:07');
INSERT INTO `tb_sensitive_word` VALUES (2951, 'еӨ§жіў', 4, 0, '2026-01-10 17:29:07', '2026-01-10 17:29:07');
INSERT INTO `tb_sensitive_word` VALUES (2952, 'еӨ§еҠӣжҠҪйҖҒ', 4, 0, '2026-01-10 17:29:07', '2026-01-10 17:29:07');
INSERT INTO `tb_sensitive_word` VALUES (2953, 'еӨ§д№і', 4, 0, '2026-01-10 17:29:07', '2026-01-10 17:29:07');
INSERT INTO `tb_sensitive_word` VALUES (2954, 'иҚЎеҰҮ', 4, 0, '2026-01-10 17:29:07', '2026-01-10 17:29:07');
INSERT INTO `tb_sensitive_word` VALUES (2955, 'иҚЎеҘі', 4, 0, '2026-01-10 17:29:07', '2026-01-10 17:29:07');
INSERT INTO `tb_sensitive_word` VALUES (2956, 'зӣ—ж’®', 4, 0, '2026-01-10 17:29:07', '2026-01-10 17:29:07');
INSERT INTO `tb_sensitive_word` VALUES (2957, 'еҸ‘жөӘ', 4, 0, '2026-01-10 17:29:07', '2026-01-10 17:29:07');
INSERT INTO `tb_sensitive_word` VALUES (2958, 'ж”ҫе°ҝ', 4, 0, '2026-01-10 17:29:07', '2026-01-10 17:29:07');
INSERT INTO `tb_sensitive_word` VALUES (2959, 'иӮҘйҖј', 4, 0, '2026-01-10 17:29:07', '2026-01-10 17:29:07');
INSERT INTO `tb_sensitive_word` VALUES (2960, 'зІүз©ҙ', 4, 0, '2026-01-10 17:29:07', '2026-01-10 17:29:07');
INSERT INTO `tb_sensitive_word` VALUES (2961, 'йЈҺжңҲеӨ§йҷҶ', 4, 0, '2026-01-10 17:29:07', '2026-01-10 17:29:07');
INSERT INTO `tb_sensitive_word` VALUES (2962, 'е№Іжӯ»дҪ ', 4, 0, '2026-01-10 17:29:07', '2026-01-10 17:29:07');
INSERT INTO `tb_sensitive_word` VALUES (2963, 'е№Із©ҙ', 4, 0, '2026-01-10 17:29:07', '2026-01-10 17:29:07');
INSERT INTO `tb_sensitive_word` VALUES (2964, 'иӮӣдәӨ', 4, 0, '2026-01-10 17:29:07', '2026-01-10 17:29:07');
INSERT INTO `tb_sensitive_word` VALUES (2965, 'иӮӣй—Ё', 4, 0, '2026-01-10 17:29:07', '2026-01-10 17:29:07');
INSERT INTO `tb_sensitive_word` VALUES (2966, 'йҫҹеӨҙ', 4, 0, '2026-01-10 17:29:07', '2026-01-10 17:29:07');
INSERT INTO `tb_sensitive_word` VALUES (2967, 'иЈ№жң¬', 4, 0, '2026-01-10 17:29:07', '2026-01-10 17:29:07');
INSERT INTO `tb_sensitive_word` VALUES (2968, 'еӣҪдә§av', 4, 0, '2026-01-10 17:29:07', '2026-01-10 17:29:07');
INSERT INTO `tb_sensitive_word` VALUES (2969, 'еҘҪе«©', 4, 0, '2026-01-10 17:29:07', '2026-01-10 17:29:07');
INSERT INTO `tb_sensitive_word` VALUES (2970, 'иұӘд№і', 4, 0, '2026-01-10 17:29:07', '2026-01-10 17:29:07');
INSERT INTO `tb_sensitive_word` VALUES (2971, 'й»‘йҖј', 4, 0, '2026-01-10 17:29:07', '2026-01-10 17:29:07');
INSERT INTO `tb_sensitive_word` VALUES (2972, 'еҗҺеәӯ', 4, 0, '2026-01-10 17:29:07', '2026-01-10 17:29:07');
INSERT INTO `tb_sensitive_word` VALUES (2973, 'еҗҺз©ҙ', 4, 0, '2026-01-10 17:29:07', '2026-01-10 17:29:07');
INSERT INTO `tb_sensitive_word` VALUES (2974, 'иҷҺйӘ‘', 4, 0, '2026-01-10 17:29:07', '2026-01-10 17:29:07');
INSERT INTO `tb_sensitive_word` VALUES (2975, 'жҚўеҰ»дҝұд№җйғЁ', 4, 0, '2026-01-10 17:29:07', '2026-01-10 17:29:07');
INSERT INTO `tb_sensitive_word` VALUES (2976, 'й»„зүҮ', 4, 0, '2026-01-10 17:29:07', '2026-01-10 17:29:07');
INSERT INTO `tb_sensitive_word` VALUES (2977, 'еҮ еҗ§', 4, 0, '2026-01-10 17:29:07', '2026-01-10 17:29:07');
INSERT INTO `tb_sensitive_word` VALUES (2978, 'йёЎеҗ§', 4, 0, '2026-01-10 17:29:07', '2026-01-10 17:29:07');
INSERT INTO `tb_sensitive_word` VALUES (2979, 'йёЎе·ҙ', 4, 0, '2026-01-10 17:29:07', '2026-01-10 17:29:07');
INSERT INTO `tb_sensitive_word` VALUES (2980, 'йёЎеҘё', 4, 0, '2026-01-10 17:29:07', '2026-01-10 17:29:07');
INSERT INTO `tb_sensitive_word` VALUES (2981, 'еҘёжғ…', 4, 0, '2026-01-10 17:29:07', '2026-01-10 17:29:07');
INSERT INTO `tb_sensitive_word` VALUES (2982, 'еҸ«еәҠ', 4, 0, '2026-01-10 17:29:07', '2026-01-10 17:29:07');
INSERT INTO `tb_sensitive_word` VALUES (2983, 'и„ҡдәӨ', 4, 0, '2026-01-10 17:29:07', '2026-01-10 17:29:07');
INSERT INTO `tb_sensitive_word` VALUES (2984, 'зІҫж¶І', 4, 0, '2026-01-10 17:29:07', '2026-01-10 17:29:07');
INSERT INTO `tb_sensitive_word` VALUES (2985, 'е°ұеҺ»ж—Ҙ', 4, 0, '2026-01-10 17:29:07', '2026-01-10 17:29:07');
INSERT INTO `tb_sensitive_word` VALUES (2986, 'е·ЁеұҢ', 4, 0, '2026-01-10 17:29:07', '2026-01-10 17:29:07');
INSERT INTO `tb_sensitive_word` VALUES (2987, 'иҸҠиҠұжҙһ', 4, 0, '2026-01-10 17:29:07', '2026-01-10 17:29:07');
INSERT INTO `tb_sensitive_word` VALUES (2988, 'иҸҠй—Ё', 4, 0, '2026-01-10 17:29:07', '2026-01-10 17:29:07');
INSERT INTO `tb_sensitive_word` VALUES (2989, 'е·ЁеҘ¶', 4, 0, '2026-01-10 17:29:07', '2026-01-10 17:29:07');
INSERT INTO `tb_sensitive_word` VALUES (2990, 'е·Ёд№і', 4, 0, '2026-01-10 17:29:07', '2026-01-10 17:29:07');
INSERT INTO `tb_sensitive_word` VALUES (2991, 'иҸҠз©ҙ', 4, 0, '2026-01-10 17:29:07', '2026-01-10 17:29:07');
INSERT INTO `tb_sensitive_word` VALUES (2992, 'ејҖиӢһ', 4, 0, '2026-01-10 17:29:07', '2026-01-10 17:29:07');
INSERT INTO `tb_sensitive_word` VALUES (2993, 'еҸЈжҙ»', 4, 0, '2026-01-10 17:29:07', '2026-01-10 17:29:07');
INSERT INTO `tb_sensitive_word` VALUES (2994, 'еҸЈе°„', 4, 0, '2026-01-10 17:29:07', '2026-01-10 17:29:07');
INSERT INTO `tb_sensitive_word` VALUES (2995, 'еҸЈж·«', 4, 0, '2026-01-10 17:29:07', '2026-01-10 17:29:07');
INSERT INTO `tb_sensitive_word` VALUES (2996, 'иЈӨиўң', 4, 0, '2026-01-10 17:29:07', '2026-01-10 17:29:07');
INSERT INTO `tb_sensitive_word` VALUES (2997, 'зӢӮж“Қ', 4, 0, '2026-01-10 17:29:07', '2026-01-10 17:29:07');
INSERT INTO `tb_sensitive_word` VALUES (2998, 'зӢӮжҸ’', 4, 0, '2026-01-10 17:29:07', '2026-01-10 17:29:07');
INSERT INTO `tb_sensitive_word` VALUES (2999, 'жөӘйҖј', 4, 0, '2026-01-10 17:29:07', '2026-01-10 17:29:07');
INSERT INTO `tb_sensitive_word` VALUES (3000, 'жөӘеҰҮ', 4, 0, '2026-01-10 17:29:07', '2026-01-10 17:29:07');
INSERT INTO `tb_sensitive_word` VALUES (3001, 'жөӘеҸ«', 4, 0, '2026-01-10 17:29:07', '2026-01-10 17:29:07');
INSERT INTO `tb_sensitive_word` VALUES (3002, 'жөӘеҘі', 4, 0, '2026-01-10 17:29:07', '2026-01-10 17:29:07');
INSERT INTO `tb_sensitive_word` VALUES (3003, 'иҒҠжҖ§', 4, 0, '2026-01-10 17:29:07', '2026-01-10 17:29:07');
INSERT INTO `tb_sensitive_word` VALUES (3004, 'еҮҢиҫұ', 4, 0, '2026-01-10 17:29:07', '2026-01-10 17:29:07');
INSERT INTO `tb_sensitive_word` VALUES (3005, 'жјҸд№і', 4, 0, '2026-01-10 17:29:07', '2026-01-10 17:29:07');
INSERT INTO `tb_sensitive_word` VALUES (3006, 'йңІb', 4, 0, '2026-01-10 17:29:07', '2026-01-10 17:29:07');
INSERT INTO `tb_sensitive_word` VALUES (3007, 'д№ұдәӨ', 4, 0, '2026-01-10 17:29:07', '2026-01-10 17:29:07');
INSERT INTO `tb_sensitive_word` VALUES (3008, 'д№ұдјҰ', 4, 0, '2026-01-10 17:29:07', '2026-01-10 17:29:07');
INSERT INTO `tb_sensitive_word` VALUES (3009, 'иҪ®жҡҙ', 4, 0, '2026-01-10 17:29:07', '2026-01-10 17:29:07');
INSERT INTO `tb_sensitive_word` VALUES (3010, 'иҪ®ж“Қ', 4, 0, '2026-01-10 17:29:07', '2026-01-10 17:29:07');
INSERT INTO `tb_sensitive_word` VALUES (3011, 'иҪ®еҘё', 4, 0, '2026-01-10 17:29:07', '2026-01-10 17:29:07');
INSERT INTO `tb_sensitive_word` VALUES (3012, 'иЈёйҷӘ', 4, 0, '2026-01-10 17:29:07', '2026-01-10 17:29:07');
INSERT INTO `tb_sensitive_word` VALUES (3013, 'д№°жҳҘ', 4, 0, '2026-01-10 17:29:07', '2026-01-10 17:29:07');
INSERT INTO `tb_sensitive_word` VALUES (3014, 'зҫҺйҖј', 4, 0, '2026-01-10 17:29:07', '2026-01-10 17:29:07');
INSERT INTO `tb_sensitive_word` VALUES (3015, 'зҫҺе°‘еҰҮ', 4, 0, '2026-01-10 17:29:07', '2026-01-10 17:29:07');
INSERT INTO `tb_sensitive_word` VALUES (3016, 'зҫҺд№і', 4, 0, '2026-01-10 17:29:07', '2026-01-10 17:29:07');
INSERT INTO `tb_sensitive_word` VALUES (3017, 'зҫҺи…ҝ', 4, 0, '2026-01-10 17:29:07', '2026-01-10 17:29:07');
INSERT INTO `tb_sensitive_word` VALUES (3018, 'зҫҺз©ҙ', 4, 0, '2026-01-10 17:29:07', '2026-01-10 17:29:07');
INSERT INTO `tb_sensitive_word` VALUES (3019, 'зҫҺе№ј', 4, 0, '2026-01-10 17:29:07', '2026-01-10 17:29:07');
INSERT INTO `tb_sensitive_word` VALUES (3020, 'з§ҳе”Ү', 4, 0, '2026-01-10 17:29:07', '2026-01-10 17:29:07');
INSERT INTO `tb_sensitive_word` VALUES (3021, 'иҝ·еҘё', 4, 0, '2026-01-10 17:29:07', '2026-01-10 17:29:07');
INSERT INTO `tb_sensitive_word` VALUES (3022, 'еҜҶз©ҙ', 4, 0, '2026-01-10 17:29:07', '2026-01-10 17:29:07');
INSERT INTO `tb_sensitive_word` VALUES (3023, 'иңңз©ҙ', 4, 0, '2026-01-10 17:29:07', '2026-01-10 17:29:07');
INSERT INTO `tb_sensitive_word` VALUES (3024, 'иңңж¶І', 4, 0, '2026-01-10 17:29:07', '2026-01-10 17:29:07');
INSERT INTO `tb_sensitive_word` VALUES (3025, 'ж‘ёеҘ¶', 4, 0, '2026-01-10 17:29:07', '2026-01-10 17:29:07');
INSERT INTO `tb_sensitive_word` VALUES (3026, 'ж‘ёиғё', 4, 0, '2026-01-10 17:29:07', '2026-01-10 17:29:07');
INSERT INTO `tb_sensitive_word` VALUES (3027, 'жҜҚеҘё', 4, 0, '2026-01-10 17:29:07', '2026-01-10 17:29:07');
INSERT INTO `tb_sensitive_word` VALUES (3028, 'еҘҲзҫҺ', 4, 0, '2026-01-10 17:29:07', '2026-01-10 17:29:07');
INSERT INTO `tb_sensitive_word` VALUES (3029, 'еҘ¶еӯҗ', 4, 0, '2026-01-10 17:29:07', '2026-01-10 17:29:07');
INSERT INTO `tb_sensitive_word` VALUES (3030, 'з”·еҘҙ', 4, 0, '2026-01-10 17:29:07', '2026-01-10 17:29:07');
INSERT INTO `tb_sensitive_word` VALUES (3031, 'еҶ…е°„', 4, 0, '2026-01-10 17:29:07', '2026-01-10 17:29:07');
INSERT INTO `tb_sensitive_word` VALUES (3032, 'е«©йҖј', 4, 0, '2026-01-10 17:29:07', '2026-01-10 17:29:07');
INSERT INTO `tb_sensitive_word` VALUES (3033, 'е«©еҘі', 4, 0, '2026-01-10 17:29:07', '2026-01-10 17:29:07');
INSERT INTO `tb_sensitive_word` VALUES (3034, 'е«©з©ҙ', 4, 0, '2026-01-10 17:29:07', '2026-01-10 17:29:07');
INSERT INTO `tb_sensitive_word` VALUES (3035, 'жҚҸеј„', 4, 0, '2026-01-10 17:29:07', '2026-01-10 17:29:07');
INSERT INTO `tb_sensitive_word` VALUES (3036, 'еҘідјҳ', 4, 0, '2026-01-10 17:29:07', '2026-01-10 17:29:07');
INSERT INTO `tb_sensitive_word` VALUES (3037, 'зӮ®еҸӢ', 4, 0, '2026-01-10 17:29:07', '2026-01-10 17:29:07');
INSERT INTO `tb_sensitive_word` VALUES (3038, 'з ІеҸӢ', 4, 0, '2026-01-10 17:29:07', '2026-01-10 17:29:07');
INSERT INTO `tb_sensitive_word` VALUES (3039, 'е–·зІҫ', 4, 0, '2026-01-10 17:29:07', '2026-01-10 17:29:07');
INSERT INTO `tb_sensitive_word` VALUES (3040, 'еұҒзңј', 4, 0, '2026-01-10 17:29:07', '2026-01-10 17:29:07');
INSERT INTO `tb_sensitive_word` VALUES (3041, 'еүҚеҮёеҗҺзҝҳ', 4, 0, '2026-01-10 17:29:07', '2026-01-10 17:29:07');
INSERT INTO `tb_sensitive_word` VALUES (3042, 'ејәjian', 4, 0, '2026-01-10 17:29:07', '2026-01-10 17:29:07');
INSERT INTO `tb_sensitive_word` VALUES (3043, 'ејәжҡҙ', 4, 0, '2026-01-10 17:29:07', '2026-01-10 17:29:07');
INSERT INTO `tb_sensitive_word` VALUES (3044, 'ејәеҘёеӨ„еҘі', 4, 0, '2026-01-10 17:29:07', '2026-01-10 17:29:07');
INSERT INTO `tb_sensitive_word` VALUES (3045, 'жғ…и¶Јз”Ёе“Ғ', 4, 0, '2026-01-10 17:29:07', '2026-01-10 17:29:07');
INSERT INTO `tb_sensitive_word` VALUES (3046, 'жғ…иүІ', 4, 0, '2026-01-10 17:29:07', '2026-01-10 17:29:07');
INSERT INTO `tb_sensitive_word` VALUES (3047, 'жӢідәӨ', 4, 0, '2026-01-10 17:29:07', '2026-01-10 17:29:07');
INSERT INTO `tb_sensitive_word` VALUES (3048, 'е…ЁиЈё', 4, 0, '2026-01-10 17:29:07', '2026-01-10 17:29:07');
INSERT INTO `tb_sensitive_word` VALUES (3049, 'зҫӨдәӨ', 4, 0, '2026-01-10 17:29:07', '2026-01-10 17:29:07');
INSERT INTO `tb_sensitive_word` VALUES (3050, 'дәәеҰ»', 4, 0, '2026-01-10 17:29:07', '2026-01-10 17:29:07');
INSERT INTO `tb_sensitive_word` VALUES (3051, 'дәәе…Ҫ', 4, 0, '2026-01-10 17:29:07', '2026-01-10 17:29:07');
INSERT INTO `tb_sensitive_word` VALUES (3052, 'ж—ҘйҖј', 4, 0, '2026-01-10 17:29:07', '2026-01-10 17:29:07');
INSERT INTO `tb_sensitive_word` VALUES (3053, 'ж—ҘзғӮ', 4, 0, '2026-01-10 17:29:07', '2026-01-10 17:29:07');
INSERT INTO `tb_sensitive_word` VALUES (3054, 'иӮүжЈ’', 4, 0, '2026-01-10 17:29:07', '2026-01-10 17:29:07');
INSERT INTO `tb_sensitive_word` VALUES (3055, 'иӮүйҖј', 4, 0, '2026-01-10 17:29:07', '2026-01-10 17:29:07');
INSERT INTO `tb_sensitive_word` VALUES (3056, 'иӮүе”Ү', 4, 0, '2026-01-10 17:29:07', '2026-01-10 17:29:07');
INSERT INTO `tb_sensitive_word` VALUES (3057, 'иӮүжҙһ', 4, 0, '2026-01-10 17:29:07', '2026-01-10 17:29:07');
INSERT INTO `tb_sensitive_word` VALUES (3058, 'иӮүзјқ', 4, 0, '2026-01-10 17:29:07', '2026-01-10 17:29:07');
INSERT INTO `tb_sensitive_word` VALUES (3059, 'иӮүжЈҚ', 4, 0, '2026-01-10 17:29:07', '2026-01-10 17:29:07');
INSERT INTO `tb_sensitive_word` VALUES (3060, 'иӮүиҢҺ', 4, 0, '2026-01-10 17:29:07', '2026-01-10 17:29:07');
INSERT INTO `tb_sensitive_word` VALUES (3061, 'иӮүе…·', 4, 0, '2026-01-10 17:29:07', '2026-01-10 17:29:07');
INSERT INTO `tb_sensitive_word` VALUES (3062, 'жҸүд№і', 4, 0, '2026-01-10 17:29:07', '2026-01-10 17:29:07');
INSERT INTO `tb_sensitive_word` VALUES (3063, 'иӮүз©ҙ', 4, 0, '2026-01-10 17:29:07', '2026-01-10 17:29:07');
INSERT INTO `tb_sensitive_word` VALUES (3064, 'иӮүж¬І', 4, 0, '2026-01-10 17:29:07', '2026-01-10 17:29:07');
INSERT INTO `tb_sensitive_word` VALUES (3065, 'д№ізҲҶ', 4, 0, '2026-01-10 17:29:07', '2026-01-10 17:29:07');
INSERT INTO `tb_sensitive_word` VALUES (3066, 'д№іжҲҝ', 4, 0, '2026-01-10 17:29:07', '2026-01-10 17:29:07');
INSERT INTO `tb_sensitive_word` VALUES (3067, 'д№іжІҹ', 4, 0, '2026-01-10 17:29:07', '2026-01-10 17:29:07');
INSERT INTO `tb_sensitive_word` VALUES (3068, 'д№ідәӨ', 4, 0, '2026-01-10 17:29:07', '2026-01-10 17:29:07');
INSERT INTO `tb_sensitive_word` VALUES (3069, 'д№іеӨҙ', 4, 0, '2026-01-10 17:29:07', '2026-01-10 17:29:07');
INSERT INTO `tb_sensitive_word` VALUES (3070, 'йӘҡйҖј', 4, 0, '2026-01-10 17:29:07', '2026-01-10 17:29:07');
INSERT INTO `tb_sensitive_word` VALUES (3071, 'йӘҡжҜ”', 4, 0, '2026-01-10 17:29:07', '2026-01-10 17:29:07');
INSERT INTO `tb_sensitive_word` VALUES (3072, 'йӘҡеҘі', 4, 0, '2026-01-10 17:29:07', '2026-01-10 17:29:07');
INSERT INTO `tb_sensitive_word` VALUES (3073, 'йӘҡж°ҙ', 4, 0, '2026-01-10 17:29:07', '2026-01-10 17:29:07');
INSERT INTO `tb_sensitive_word` VALUES (3074, 'йӘҡз©ҙ', 4, 0, '2026-01-10 17:29:07', '2026-01-10 17:29:07');
INSERT INTO `tb_sensitive_word` VALUES (3075, 'иүІйҖј', 4, 0, '2026-01-10 17:29:07', '2026-01-10 17:29:07');
INSERT INTO `tb_sensitive_word` VALUES (3076, 'иүІз•Ң', 4, 0, '2026-01-10 17:29:07', '2026-01-10 17:29:07');
INSERT INTO `tb_sensitive_word` VALUES (3077, 'иүІзҢ«', 4, 0, '2026-01-10 17:29:07', '2026-01-10 17:29:07');
INSERT INTO `tb_sensitive_word` VALUES (3078, 'иүІзӣҹ', 4, 0, '2026-01-10 17:29:07', '2026-01-10 17:29:07');
INSERT INTO `tb_sensitive_word` VALUES (3079, 'иүІжғ…зҪ‘з«ҷ', 4, 0, '2026-01-10 17:29:07', '2026-01-10 17:29:07');
INSERT INTO `tb_sensitive_word` VALUES (3080, 'иүІеҢә', 4, 0, '2026-01-10 17:29:07', '2026-01-10 17:29:07');
INSERT INTO `tb_sensitive_word` VALUES (3081, 'иүІиүІ', 4, 0, '2026-01-10 17:29:07', '2026-01-10 17:29:07');
INSERT INTO `tb_sensitive_word` VALUES (3082, 'иүІиҜұ', 4, 0, '2026-01-10 17:29:07', '2026-01-10 17:29:07');
INSERT INTO `tb_sensitive_word` VALUES (3083, 'иүІж¬І', 4, 0, '2026-01-10 17:29:07', '2026-01-10 17:29:07');
INSERT INTO `tb_sensitive_word` VALUES (3084, 'иүІb', 4, 0, '2026-01-10 17:29:07', '2026-01-10 17:29:07');
INSERT INTO `tb_sensitive_word` VALUES (3085, 'е°‘е№ҙйҳҝе®ҫ', 4, 0, '2026-01-10 17:29:07', '2026-01-10 17:29:07');
INSERT INTO `tb_sensitive_word` VALUES (3086, 'е°„зҲҪ', 4, 0, '2026-01-10 17:29:07', '2026-01-10 17:29:07');
INSERT INTO `tb_sensitive_word` VALUES (3087, 'е°„йўң', 4, 0, '2026-01-10 17:29:07', '2026-01-10 17:29:07');
INSERT INTO `tb_sensitive_word` VALUES (3088, 'йЈҹзІҫ', 4, 0, '2026-01-10 17:29:07', '2026-01-10 17:29:07');
INSERT INTO `tb_sensitive_word` VALUES (3089, 'йҮҠж¬І', 4, 0, '2026-01-10 17:29:07', '2026-01-10 17:29:07');
INSERT INTO `tb_sensitive_word` VALUES (3090, 'е…ҪеҘё', 4, 0, '2026-01-10 17:29:07', '2026-01-10 17:29:07');
INSERT INTO `tb_sensitive_word` VALUES (3091, 'е…ҪдәӨ', 4, 0, '2026-01-10 17:29:07', '2026-01-10 17:29:07');
INSERT INTO `tb_sensitive_word` VALUES (3092, 'жүӢж·«', 4, 0, '2026-01-10 17:29:07', '2026-01-10 17:29:07');
INSERT INTO `tb_sensitive_word` VALUES (3093, 'е…Ҫж¬І', 4, 0, '2026-01-10 17:29:07', '2026-01-10 17:29:07');
INSERT INTO `tb_sensitive_word` VALUES (3094, 'зҶҹеҰҮ', 4, 0, '2026-01-10 17:29:07', '2026-01-10 17:29:07');
INSERT INTO `tb_sensitive_word` VALUES (3095, 'зҶҹжҜҚ', 4, 0, '2026-01-10 17:29:07', '2026-01-10 17:29:07');
INSERT INTO `tb_sensitive_word` VALUES (3096, 'зҶҹеҘі', 4, 0, '2026-01-10 17:29:07', '2026-01-10 17:29:07');
INSERT INTO `tb_sensitive_word` VALUES (3097, 'зҲҪзүҮ', 4, 0, '2026-01-10 17:29:07', '2026-01-10 17:29:07');
INSERT INTO `tb_sensitive_word` VALUES (3098, 'еҸҢиҮҖ', 4, 0, '2026-01-10 17:29:07', '2026-01-10 17:29:07');
INSERT INTO `tb_sensitive_word` VALUES (3099, 'жӯ»йҖј', 4, 0, '2026-01-10 17:29:07', '2026-01-10 17:29:07');
INSERT INTO `tb_sensitive_word` VALUES (3100, 'дёқиўң', 4, 0, '2026-01-10 17:29:07', '2026-01-10 17:29:07');
INSERT INTO `tb_sensitive_word` VALUES (3101, 'дёқиҜұ', 4, 0, '2026-01-10 17:29:07', '2026-01-10 17:29:07');
INSERT INTO `tb_sensitive_word` VALUES (3102, 'жқҫеІӣжһ«', 4, 0, '2026-01-10 17:29:07', '2026-01-10 17:29:07');
INSERT INTO `tb_sensitive_word` VALUES (3103, 'й…Ҙз—’', 4, 0, '2026-01-10 17:29:07', '2026-01-10 17:29:07');
INSERT INTO `tb_sensitive_word` VALUES (3104, 'жұӨеҠ дёҪ', 4, 0, '2026-01-10 17:29:07', '2026-01-10 17:29:07');
INSERT INTO `tb_sensitive_word` VALUES (3105, 'еҘ—еј„', 4, 0, '2026-01-10 17:29:07', '2026-01-10 17:29:07');
INSERT INTO `tb_sensitive_word` VALUES (3106, 'дҪ“еҘё', 4, 0, '2026-01-10 17:29:07', '2026-01-10 17:29:07');
INSERT INTO `tb_sensitive_word` VALUES (3107, 'дҪ“дҪҚ', 4, 0, '2026-01-10 17:29:07', '2026-01-10 17:29:07');
INSERT INTO `tb_sensitive_word` VALUES (3108, 'иҲ”и„ҡ', 4, 0, '2026-01-10 17:29:07', '2026-01-10 17:29:07');
INSERT INTO `tb_sensitive_word` VALUES (3109, 'иҲ”йҳҙ', 4, 0, '2026-01-10 17:29:07', '2026-01-10 17:29:07');
INSERT INTO `tb_sensitive_word` VALUES (3110, 'и°ғж•ҷ', 4, 0, '2026-01-10 17:29:07', '2026-01-10 17:29:07');
INSERT INTO `tb_sensitive_word` VALUES (3111, 'еҒ·ж¬ў', 4, 0, '2026-01-10 17:29:07', '2026-01-10 17:29:07');
INSERT INTO `tb_sensitive_word` VALUES (3112, 'и„ұеҶ…иЈӨ', 4, 0, '2026-01-10 17:29:07', '2026-01-10 17:29:07');
INSERT INTO `tb_sensitive_word` VALUES (3113, 'ж–ҮеҒҡ', 4, 0, '2026-01-10 17:29:07', '2026-01-10 17:29:07');
INSERT INTO `tb_sensitive_word` VALUES (3114, 'иҲһеҘі', 4, 0, '2026-01-10 17:29:07', '2026-01-10 17:29:07');
INSERT INTO `tb_sensitive_word` VALUES (3115, 'ж— дҝ®жӯЈ', 4, 0, '2026-01-10 17:29:07', '2026-01-10 17:29:07');
INSERT INTO `tb_sensitive_word` VALUES (3116, 'еҗёзІҫ', 4, 0, '2026-01-10 17:29:07', '2026-01-10 17:29:07');
INSERT INTO `tb_sensitive_word` VALUES (3117, 'еӨҸе·қзәҜ', 4, 0, '2026-01-10 17:29:07', '2026-01-10 17:29:07');
INSERT INTO `tb_sensitive_word` VALUES (3118, 'зӣёеҘё', 4, 0, '2026-01-10 17:29:07', '2026-01-10 17:29:07');
INSERT INTO `tb_sensitive_word` VALUES (3119, 'е°ҸйҖј', 4, 0, '2026-01-10 17:29:07', '2026-01-10 17:29:07');
INSERT INTO `tb_sensitive_word` VALUES (3120, 'ж ЎйёЎ', 4, 0, '2026-01-10 17:29:07', '2026-01-10 17:29:07');
INSERT INTO `tb_sensitive_word` VALUES (3121, 'е°Ҹз©ҙ', 4, 0, '2026-01-10 17:29:07', '2026-01-10 17:29:07');
INSERT INTO `tb_sensitive_word` VALUES (3122, 'е°Ҹxue', 4, 0, '2026-01-10 17:29:07', '2026-01-10 17:29:07');
INSERT INTO `tb_sensitive_word` VALUES (3123, 'жҖ§ж„ҹеҰ–еЁҶ', 4, 0, '2026-01-10 17:29:07', '2026-01-10 17:29:07');
INSERT INTO `tb_sensitive_word` VALUES (3124, 'жҖ§ж„ҹиҜұжғ‘', 4, 0, '2026-01-10 17:29:07', '2026-01-10 17:29:07');
INSERT INTO `tb_sensitive_word` VALUES (3125, 'жҖ§иҷҺ', 4, 0, '2026-01-10 17:29:07', '2026-01-10 17:29:07');
INSERT INTO `tb_sensitive_word` VALUES (3126, 'жҖ§йҘҘжёҙ', 4, 0, '2026-01-10 17:29:07', '2026-01-10 17:29:07');
INSERT INTO `tb_sensitive_word` VALUES (3127, 'жҖ§жҠҖе·§', 4, 0, '2026-01-10 17:29:07', '2026-01-10 17:29:07');
INSERT INTO `tb_sensitive_word` VALUES (3128, 'жҖ§дәӨ', 4, 0, '2026-01-10 17:29:07', '2026-01-10 17:29:07');
INSERT INTO `tb_sensitive_word` VALUES (3129, 'жҖ§еҘҙ', 4, 0, '2026-01-10 17:29:07', '2026-01-10 17:29:07');
INSERT INTO `tb_sensitive_word` VALUES (3130, 'жҖ§иҷҗ', 4, 0, '2026-01-10 17:29:07', '2026-01-10 17:29:07');
INSERT INTO `tb_sensitive_word` VALUES (3131, 'жҖ§жҒҜ', 4, 0, '2026-01-10 17:29:07', '2026-01-10 17:29:07');
INSERT INTO `tb_sensitive_word` VALUES (3132, 'жҖ§ж¬І', 4, 0, '2026-01-10 17:29:07', '2026-01-10 17:29:07');
INSERT INTO `tb_sensitive_word` VALUES (3133, 'з©ҙеҸЈ', 4, 0, '2026-01-10 17:29:07', '2026-01-10 17:29:07');
INSERT INTO `tb_sensitive_word` VALUES (3134, 'з©ҙеӣҫ', 4, 0, '2026-01-10 17:29:07', '2026-01-10 17:29:07');
INSERT INTO `tb_sensitive_word` VALUES (3135, 'дәҡжғ…', 4, 0, '2026-01-10 17:29:07', '2026-01-10 17:29:07');
INSERT INTO `tb_sensitive_word` VALUES (3136, 'йўңе°„', 4, 0, '2026-01-10 17:29:07', '2026-01-10 17:29:07');
INSERT INTO `tb_sensitive_word` VALUES (3137, 'йҳіе…·', 4, 0, '2026-01-10 17:29:07', '2026-01-10 17:29:07');
INSERT INTO `tb_sensitive_word` VALUES (3138, 'жқЁжҖқж•Ҹ', 4, 0, '2026-01-10 17:29:07', '2026-01-10 17:29:07');
INSERT INTO `tb_sensitive_word` VALUES (3139, 'иҰҒе°„дәҶ', 4, 0, '2026-01-10 17:29:07', '2026-01-10 17:29:07');
INSERT INTO `tb_sensitive_word` VALUES (3140, 'еӨңеӢӨз—…ж Ӣ', 4, 0, '2026-01-10 17:29:07', '2026-01-10 17:29:07');
INSERT INTO `tb_sensitive_word` VALUES (3141, 'дёҖжң¬йҒ“', 4, 0, '2026-01-10 17:29:07', '2026-01-10 17:29:07');
INSERT INTO `tb_sensitive_word` VALUES (3142, 'дёҖеӨңж¬ў', 4, 0, '2026-01-10 17:29:07', '2026-01-10 17:29:07');
INSERT INTO `tb_sensitive_word` VALUES (3143, 'дёҖеӨңжғ…', 4, 0, '2026-01-10 17:29:07', '2026-01-10 17:29:07');
INSERT INTO `tb_sensitive_word` VALUES (3144, 'дёҖyeжғ…', 4, 0, '2026-01-10 17:29:07', '2026-01-10 17:29:07');
INSERT INTO `tb_sensitive_word` VALUES (3145, 'йҳҙйғЁ', 4, 0, '2026-01-10 17:29:07', '2026-01-10 17:29:07');
INSERT INTO `tb_sensitive_word` VALUES (3146, 'ж·«иҷ«', 4, 0, '2026-01-10 17:29:07', '2026-01-10 17:29:07');
INSERT INTO `tb_sensitive_word` VALUES (3147, 'йҳҙе”Ү', 4, 0, '2026-01-10 17:29:07', '2026-01-10 17:29:07');
INSERT INTO `tb_sensitive_word` VALUES (3148, 'ж·«иҚЎ', 4, 0, '2026-01-10 17:29:07', '2026-01-10 17:29:07');
INSERT INTO `tb_sensitive_word` VALUES (3149, 'йҳҙйҒ“', 4, 0, '2026-01-10 17:29:07', '2026-01-10 17:29:07');
INSERT INTO `tb_sensitive_word` VALUES (3150, 'ж·«з”өеҪұ', 4, 0, '2026-01-10 17:29:07', '2026-01-10 17:29:07');
INSERT INTO `tb_sensitive_word` VALUES (3151, 'йҳҙйҳң', 4, 0, '2026-01-10 17:29:07', '2026-01-10 17:29:07');
INSERT INTO `tb_sensitive_word` VALUES (3152, 'ж·«еҰҮ', 4, 0, '2026-01-10 17:29:07', '2026-01-10 17:29:07');
INSERT INTO `tb_sensitive_word` VALUES (3153, 'ж·«жІі', 4, 0, '2026-01-10 17:29:07', '2026-01-10 17:29:07');
INSERT INTO `tb_sensitive_word` VALUES (3154, 'йҳҙж ё', 4, 0, '2026-01-10 17:29:07', '2026-01-10 17:29:07');
INSERT INTO `tb_sensitive_word` VALUES (3155, 'йҳҙжҲ·', 4, 0, '2026-01-10 17:29:07', '2026-01-10 17:29:07');
INSERT INTO `tb_sensitive_word` VALUES (3156, 'ж·«иҙұ', 4, 0, '2026-01-10 17:29:07', '2026-01-10 17:29:07');
INSERT INTO `tb_sensitive_word` VALUES (3157, 'ж·«еҸ«', 4, 0, '2026-01-10 17:29:07', '2026-01-10 17:29:07');
INSERT INTO `tb_sensitive_word` VALUES (3158, 'ж·«ж•ҷеёҲ', 4, 0, '2026-01-10 17:29:07', '2026-01-10 17:29:07');
INSERT INTO `tb_sensitive_word` VALUES (3159, 'йҳҙиҢҺ', 4, 0, '2026-01-10 17:29:07', '2026-01-10 17:29:07');
INSERT INTO `tb_sensitive_word` VALUES (3160, 'йҳҙзІҫ', 4, 0, '2026-01-10 17:29:07', '2026-01-10 17:29:07');
INSERT INTO `tb_sensitive_word` VALUES (3161, 'ж·«жөӘ', 4, 0, '2026-01-10 17:29:07', '2026-01-10 17:29:07');
INSERT INTO `tb_sensitive_word` VALUES (3162, 'ж·«еӘҡ', 4, 0, '2026-01-10 17:29:07', '2026-01-10 17:29:07');
INSERT INTO `tb_sensitive_word` VALUES (3163, 'ж·«зің', 4, 0, '2026-01-10 17:29:07', '2026-01-10 17:29:07');
INSERT INTO `tb_sensitive_word` VALUES (3164, 'ж·«йӯ”', 4, 0, '2026-01-10 17:29:07', '2026-01-10 17:29:07');
INSERT INTO `tb_sensitive_word` VALUES (3165, 'ж·«жҜҚ', 4, 0, '2026-01-10 17:29:07', '2026-01-10 17:29:07');
INSERT INTO `tb_sensitive_word` VALUES (3166, 'ж·«еҘі', 4, 0, '2026-01-10 17:29:07', '2026-01-10 17:29:07');
INSERT INTO `tb_sensitive_word` VALUES (3167, 'ж·«иҷҗ', 4, 0, '2026-01-10 17:29:07', '2026-01-10 17:29:07');
INSERT INTO `tb_sensitive_word` VALUES (3168, 'ж·«еҰ»', 4, 0, '2026-01-10 17:29:07', '2026-01-10 17:29:07');
INSERT INTO `tb_sensitive_word` VALUES (3169, 'ж·«жғ…', 4, 0, '2026-01-10 17:29:07', '2026-01-10 17:29:07');
INSERT INTO `tb_sensitive_word` VALUES (3170, 'ж·«иүІ', 4, 0, '2026-01-10 17:29:07', '2026-01-10 17:29:07');
INSERT INTO `tb_sensitive_word` VALUES (3171, 'ж·«еЈ°жөӘиҜӯ', 4, 0, '2026-01-10 17:29:07', '2026-01-10 17:29:07');
INSERT INTO `tb_sensitive_word` VALUES (3172, 'ж·«е…ҪеӯҰеӣӯ', 4, 0, '2026-01-10 17:29:07', '2026-01-10 17:29:07');
INSERT INTO `tb_sensitive_word` VALUES (3173, 'ж·«д№Ұ', 4, 0, '2026-01-10 17:29:07', '2026-01-10 17:29:07');
INSERT INTO `tb_sensitive_word` VALUES (3174, 'ж·«жңҜзӮјйҮ‘еЈ«', 4, 0, '2026-01-10 17:29:07', '2026-01-10 17:29:07');
INSERT INTO `tb_sensitive_word` VALUES (3175, 'ж·«ж°ҙ', 4, 0, '2026-01-10 17:29:07', '2026-01-10 17:29:07');
INSERT INTO `tb_sensitive_word` VALUES (3176, 'ж·«еЁғ', 4, 0, '2026-01-10 17:29:07', '2026-01-10 17:29:07');
INSERT INTO `tb_sensitive_word` VALUES (3177, 'ж·«еЁҒ', 4, 0, '2026-01-10 17:29:07', '2026-01-10 17:29:07');
INSERT INTO `tb_sensitive_word` VALUES (3178, 'ж·«дәө', 4, 0, '2026-01-10 17:29:07', '2026-01-10 17:29:07');
INSERT INTO `tb_sensitive_word` VALUES (3179, 'ж·«ж ·', 4, 0, '2026-01-10 17:29:07', '2026-01-10 17:29:07');
INSERT INTO `tb_sensitive_word` VALUES (3180, 'ж·«ж¶І', 4, 0, '2026-01-10 17:29:07', '2026-01-10 17:29:07');
INSERT INTO `tb_sensitive_word` VALUES (3181, 'ж·«з…§', 4, 0, '2026-01-10 17:29:07', '2026-01-10 17:29:07');
INSERT INTO `tb_sensitive_word` VALUES (3182, 'йҳҙb', 4, 0, '2026-01-10 17:29:07', '2026-01-10 17:29:07');
INSERT INTO `tb_sensitive_word` VALUES (3183, 'еә”еҸ¬', 4, 0, '2026-01-10 17:29:07', '2026-01-10 17:29:07');
INSERT INTO `tb_sensitive_word` VALUES (3184, 'е№јдәӨ', 4, 0, '2026-01-10 17:29:07', '2026-01-10 17:29:07');
INSERT INTO `tb_sensitive_word` VALUES (3185, 'ж¬ІзҒ«', 4, 0, '2026-01-10 17:29:07', '2026-01-10 17:29:07');
INSERT INTO `tb_sensitive_word` VALUES (3186, 'ж¬ІеҘі', 4, 0, '2026-01-10 17:29:07', '2026-01-10 17:29:07');
INSERT INTO `tb_sensitive_word` VALUES (3187, 'зҺүд№і', 4, 0, '2026-01-10 17:29:07', '2026-01-10 17:29:07');
INSERT INTO `tb_sensitive_word` VALUES (3188, 'зҺүз©ҙ', 4, 0, '2026-01-10 17:29:07', '2026-01-10 17:29:07');
INSERT INTO `tb_sensitive_word` VALUES (3189, 'жҸҙдәӨ', 4, 0, '2026-01-10 17:29:07', '2026-01-10 17:29:07');
INSERT INTO `tb_sensitive_word` VALUES (3190, 'еҺҹе‘іеҶ…иЎЈ', 4, 0, '2026-01-10 17:29:07', '2026-01-10 17:29:07');
INSERT INTO `tb_sensitive_word` VALUES (3191, 'жҸҙеҠ©дәӨйҷ…', 4, 0, '2026-01-10 17:29:07', '2026-01-10 17:29:07');
INSERT INTO `tb_sensitive_word` VALUES (3192, 'жӢӣйёЎ', 4, 0, '2026-01-10 17:29:07', '2026-01-10 17:29:07');
INSERT INTO `tb_sensitive_word` VALUES (3193, 'жӢӣеҰ“', 4, 0, '2026-01-10 17:29:07', '2026-01-10 17:29:07');
INSERT INTO `tb_sensitive_word` VALUES (3194, 'жҠ“иғё', 4, 0, '2026-01-10 17:29:07', '2026-01-10 17:29:07');
INSERT INTO `tb_sensitive_word` VALUES (3195, 'иҮӘж…°', 4, 0, '2026-01-10 17:29:07', '2026-01-10 17:29:07');
INSERT INTO `tb_sensitive_word` VALUES (3196, 'дҪңзҲұ', 4, 0, '2026-01-10 17:29:07', '2026-01-10 17:29:07');
INSERT INTO `tb_sensitive_word` VALUES (3197, 'aзүҮ', 4, 0, '2026-01-10 17:29:07', '2026-01-10 17:29:07');
INSERT INTO `tb_sensitive_word` VALUES (3198, 'fuck', 4, 0, '2026-01-10 17:29:07', '2026-01-10 17:29:07');
INSERT INTO `tb_sensitive_word` VALUES (3199, 'gayзүҮ', 4, 0, '2026-01-10 17:29:07', '2026-01-10 17:29:07');
INSERT INTO `tb_sensitive_word` VALUES (3200, 'gзӮ№', 4, 0, '2026-01-10 17:29:07', '2026-01-10 17:29:07');
INSERT INTO `tb_sensitive_word` VALUES (3201, 'hеҠЁз”»', 4, 0, '2026-01-10 17:29:07', '2026-01-10 17:29:07');
INSERT INTO `tb_sensitive_word` VALUES (3202, 'hеҠЁжј«', 4, 0, '2026-01-10 17:29:07', '2026-01-10 17:29:07');
INSERT INTO `tb_sensitive_word` VALUES (3203, 'еӨұиә«зІү', 4, 0, '2026-01-10 17:29:07', '2026-01-10 17:29:07');
INSERT INTO `tb_sensitive_word` VALUES (3204, 'ж·«иҚЎиҮӘж…°еҷЁ', 4, 0, '2026-01-10 17:29:07', '2026-01-10 17:29:07');
INSERT INTO `tb_sensitive_word` VALUES (3205, 'д№ иҝ‘е№і', 3, 0, '2026-01-10 17:30:39', '2026-01-10 17:30:39');
INSERT INTO `tb_sensitive_word` VALUES (3206, 'е№іиҝ‘д№ ', 3, 0, '2026-01-10 17:30:39', '2026-01-10 17:30:39');
INSERT INTO `tb_sensitive_word` VALUES (3207, 'xjp', 3, 0, '2026-01-10 17:30:39', '2026-01-10 17:30:39');
INSERT INTO `tb_sensitive_word` VALUES (3208, 'д№ еӨӘеӯҗ', 3, 0, '2026-01-10 17:30:39', '2026-01-10 17:30:39');
INSERT INTO `tb_sensitive_word` VALUES (3209, 'д№ жҳҺжіҪ', 3, 0, '2026-01-10 17:30:39', '2026-01-10 17:30:39');
INSERT INTO `tb_sensitive_word` VALUES (3210, 'иҖҒд№ ', 3, 0, '2026-01-10 17:30:39', '2026-01-10 17:30:39');
INSERT INTO `tb_sensitive_word` VALUES (3211, 'жё©е®¶е®қ', 3, 0, '2026-01-10 17:30:39', '2026-01-10 17:30:39');
INSERT INTO `tb_sensitive_word` VALUES (3212, 'жё©еҠ е®қ', 3, 0, '2026-01-10 17:30:39', '2026-01-10 17:30:39');
INSERT INTO `tb_sensitive_word` VALUES (3213, 'жё©x', 3, 0, '2026-01-10 17:30:39', '2026-01-10 17:30:39');
INSERT INTO `tb_sensitive_word` VALUES (3214, 'жё©jiaе®қ', 3, 0, '2026-01-10 17:30:39', '2026-01-10 17:30:39');
INSERT INTO `tb_sensitive_word` VALUES (3215, 'жё©е®қе®қ', 3, 0, '2026-01-10 17:30:39', '2026-01-10 17:30:39');
INSERT INTO `tb_sensitive_word` VALUES (3216, 'жё©еҠ йҘұ', 3, 0, '2026-01-10 17:30:39', '2026-01-10 17:30:39');
INSERT INTO `tb_sensitive_word` VALUES (3217, 'жё©еҠ дҝқ', 3, 0, '2026-01-10 17:30:39', '2026-01-10 17:30:39');
INSERT INTO `tb_sensitive_word` VALUES (3218, 'еј еҹ№иҺү', 3, 0, '2026-01-10 17:30:39', '2026-01-10 17:30:39');
INSERT INTO `tb_sensitive_word` VALUES (3219, 'жё©дә‘жқҫ', 3, 0, '2026-01-10 17:30:39', '2026-01-10 17:30:39');
INSERT INTO `tb_sensitive_word` VALUES (3220, 'жё©еҰӮжҳҘ', 3, 0, '2026-01-10 17:30:39', '2026-01-10 17:30:39');
INSERT INTO `tb_sensitive_word` VALUES (3221, 'жё©jb', 3, 0, '2026-01-10 17:30:39', '2026-01-10 17:30:39');
INSERT INTO `tb_sensitive_word` VALUES (3222, 'иғЎжё©', 3, 0, '2026-01-10 17:30:39', '2026-01-10 17:30:39');
INSERT INTO `tb_sensitive_word` VALUES (3223, 'иғЎx', 3, 0, '2026-01-10 17:30:39', '2026-01-10 17:30:39');
INSERT INTO `tb_sensitive_word` VALUES (3224, 'иғЎjt', 3, 0, '2026-01-10 17:30:39', '2026-01-10 17:30:39');
INSERT INTO `tb_sensitive_word` VALUES (3225, 'иғЎboss', 3, 0, '2026-01-10 17:30:39', '2026-01-10 17:30:39');
INSERT INTO `tb_sensitive_word` VALUES (3226, 'иғЎжҖ»', 3, 0, '2026-01-10 17:30:39', '2026-01-10 17:30:39');
INSERT INTO `tb_sensitive_word` VALUES (3227, 'иғЎзҺӢе…«', 3, 0, '2026-01-10 17:30:39', '2026-01-10 17:30:39');
INSERT INTO `tb_sensitive_word` VALUES (3228, 'hujintao', 3, 0, '2026-01-10 17:30:39', '2026-01-10 17:30:39');
INSERT INTO `tb_sensitive_word` VALUES (3229, 'иғЎjintao', 3, 0, '2026-01-10 17:30:39', '2026-01-10 17:30:39');
INSERT INTO `tb_sensitive_word` VALUES (3230, 'иғЎjж¶ӣ', 3, 0, '2026-01-10 17:30:39', '2026-01-10 17:30:39');
INSERT INTO `tb_sensitive_word` VALUES (3231, 'иғЎжғҠж¶ӣ', 3, 0, '2026-01-10 17:30:39', '2026-01-10 17:30:39');
INSERT INTO `tb_sensitive_word` VALUES (3232, 'иғЎжҷҜж¶ӣ', 3, 0, '2026-01-10 17:30:39', '2026-01-10 17:30:39');
INSERT INTO `tb_sensitive_word` VALUES (3233, 'иғЎзҙ§жҺҸ', 3, 0, '2026-01-10 17:30:39', '2026-01-10 17:30:39');
INSERT INTO `tb_sensitive_word` VALUES (3234, 'ж№–зҙ§жҺҸ', 3, 0, '2026-01-10 17:30:39', '2026-01-10 17:30:39');
INSERT INTO `tb_sensitive_word` VALUES (3235, 'иғЎзҙ§еҘ—', 3, 0, '2026-01-10 17:30:39', '2026-01-10 17:30:39');
INSERT INTO `tb_sensitive_word` VALUES (3236, 'й”Ұж¶ӣ', 3, 0, '2026-01-10 17:30:39', '2026-01-10 17:30:39');
INSERT INTO `tb_sensitive_word` VALUES (3237, 'hjt', 3, 0, '2026-01-10 17:30:39', '2026-01-10 17:30:39');
INSERT INTO `tb_sensitive_word` VALUES (3238, 'иғЎжҙҫ', 3, 0, '2026-01-10 17:30:39', '2026-01-10 17:30:39');
INSERT INTO `tb_sensitive_word` VALUES (3239, 'иғЎдё»еёӯ', 3, 0, '2026-01-10 17:30:39', '2026-01-10 17:30:39');
INSERT INTO `tb_sensitive_word` VALUES (3240, 'еҲҳж°ёжё…', 3, 0, '2026-01-10 17:30:39', '2026-01-10 17:30:39');
INSERT INTO `tb_sensitive_word` VALUES (3241, 'иғЎжө·еі°', 3, 0, '2026-01-10 17:30:39', '2026-01-10 17:30:39');
INSERT INTO `tb_sensitive_word` VALUES (3242, 'иғЎжө·жё…', 3, 0, '2026-01-10 17:30:39', '2026-01-10 17:30:39');
INSERT INTO `tb_sensitive_word` VALUES (3243, 'жұҹжіҪж°‘', 3, 0, '2026-01-10 17:30:39', '2026-01-10 17:30:39');
INSERT INTO `tb_sensitive_word` VALUES (3244, 'ж°‘жіҪжұҹ', 3, 0, '2026-01-10 17:30:39', '2026-01-10 17:30:39');
INSERT INTO `tb_sensitive_word` VALUES (3245, 'жұҹиғЎ', 3, 0, '2026-01-10 17:30:39', '2026-01-10 17:30:39');
INSERT INTO `tb_sensitive_word` VALUES (3246, 'жұҹе“Ҙ', 3, 0, '2026-01-10 17:30:39', '2026-01-10 17:30:39');
INSERT INTO `tb_sensitive_word` VALUES (3247, 'жұҹдё»еёӯ', 3, 0, '2026-01-10 17:30:39', '2026-01-10 17:30:39');
INSERT INTO `tb_sensitive_word` VALUES (3248, 'жұҹд№Ұи®°', 3, 0, '2026-01-10 17:30:39', '2026-01-10 17:30:39');
INSERT INTO `tb_sensitive_word` VALUES (3249, 'жұҹжөҷй—Ҫ', 3, 0, '2026-01-10 17:30:39', '2026-01-10 17:30:39');
INSERT INTO `tb_sensitive_word` VALUES (3250, 'жұҹжІўж°‘', 3, 0, '2026-01-10 17:30:39', '2026-01-10 17:30:39');
INSERT INTO `tb_sensitive_word` VALUES (3251, 'жұҹжөҷж°‘', 3, 0, '2026-01-10 17:30:39', '2026-01-10 17:30:39');
INSERT INTO `tb_sensitive_word` VALUES (3252, 'жӢ©ж°‘', 3, 0, '2026-01-10 17:30:39', '2026-01-10 17:30:39');
INSERT INTO `tb_sensitive_word` VALUES (3253, 'еҲҷж°‘', 3, 0, '2026-01-10 17:30:39', '2026-01-10 17:30:39');
INSERT INTO `tb_sensitive_word` VALUES (3254, 'иҢіжіҪж°‘', 3, 0, '2026-01-10 17:30:39', '2026-01-10 17:30:39');
INSERT INTO `tb_sensitive_word` VALUES (3255, 'zemin', 3, 0, '2026-01-10 17:30:39', '2026-01-10 17:30:39');
INSERT INTO `tb_sensitive_word` VALUES (3256, 'zeж°‘', 3, 0, '2026-01-10 17:30:39', '2026-01-10 17:30:39');
INSERT INTO `tb_sensitive_word` VALUES (3257, 'иҖҒжұҹ', 3, 0, '2026-01-10 17:30:39', '2026-01-10 17:30:39');
INSERT INTO `tb_sensitive_word` VALUES (3258, 'иҖҒj', 3, 0, '2026-01-10 17:30:39', '2026-01-10 17:30:39');
INSERT INTO `tb_sensitive_word` VALUES (3259, 'жұҹcore', 3, 0, '2026-01-10 17:30:39', '2026-01-10 17:30:39');
INSERT INTO `tb_sensitive_word` VALUES (3260, 'жұҹx', 3, 0, '2026-01-10 17:30:39', '2026-01-10 17:30:39');
INSERT INTO `tb_sensitive_word` VALUES (3261, 'жұҹжҙҫ', 3, 0, '2026-01-10 17:30:39', '2026-01-10 17:30:39');
INSERT INTO `tb_sensitive_word` VALUES (3262, 'жұҹzm', 3, 0, '2026-01-10 17:30:39', '2026-01-10 17:30:39');
INSERT INTO `tb_sensitive_word` VALUES (3263, 'jzm', 3, 0, '2026-01-10 17:30:39', '2026-01-10 17:30:39');
INSERT INTO `tb_sensitive_word` VALUES (3264, 'жұҹжҲҸеӯҗ', 3, 0, '2026-01-10 17:30:39', '2026-01-10 17:30:39');
INSERT INTO `tb_sensitive_word` VALUES (3265, 'жұҹиӣӨиҹҶ', 3, 0, '2026-01-10 17:30:39', '2026-01-10 17:30:39');
INSERT INTO `tb_sensitive_word` VALUES (3266, 'жұҹжҹҗжҹҗ', 3, 0, '2026-01-10 17:30:39', '2026-01-10 17:30:39');
INSERT INTO `tb_sensitive_word` VALUES (3267, 'жұҹиҙј', 3, 0, '2026-01-10 17:30:39', '2026-01-10 17:30:39');
INSERT INTO `tb_sensitive_word` VALUES (3268, 'жұҹзҢӘ', 3, 0, '2026-01-10 17:30:39', '2026-01-10 17:30:39');
INSERT INTO `tb_sensitive_word` VALUES (3269, 'жұҹж°ҸйӣҶеӣў', 3, 0, '2026-01-10 17:30:39', '2026-01-10 17:30:39');
INSERT INTO `tb_sensitive_word` VALUES (3270, 'жұҹз»өжҒ’', 3, 0, '2026-01-10 17:30:39', '2026-01-10 17:30:39');
INSERT INTO `tb_sensitive_word` VALUES (3271, 'жұҹз»өеә·', 3, 0, '2026-01-10 17:30:39', '2026-01-10 17:30:39');
INSERT INTO `tb_sensitive_word` VALUES (3272, 'зҺӢеҶ¶еқӘ', 3, 0, '2026-01-10 17:30:39', '2026-01-10 17:30:39');
INSERT INTO `tb_sensitive_word` VALUES (3273, 'жұҹжіҪж…§', 3, 0, '2026-01-10 17:30:39', '2026-01-10 17:30:39');
INSERT INTO `tb_sensitive_word` VALUES (3274, 'йӮ“е°Ҹе№і', 3, 0, '2026-01-10 17:30:39', '2026-01-10 17:30:39');
INSERT INTO `tb_sensitive_word` VALUES (3275, 'е№іе°ҸйӮ“', 3, 0, '2026-01-10 17:30:39', '2026-01-10 17:30:39');
INSERT INTO `tb_sensitive_word` VALUES (3276, 'xiaoе№і', 3, 0, '2026-01-10 17:30:39', '2026-01-10 17:30:39');
INSERT INTO `tb_sensitive_word` VALUES (3277, 'йӮ“xp', 3, 0, '2026-01-10 17:30:39', '2026-01-10 17:30:39');
INSERT INTO `tb_sensitive_word` VALUES (3278, 'йӮ“жҷ“е№і', 3, 0, '2026-01-10 17:30:39', '2026-01-10 17:30:39');
INSERT INTO `tb_sensitive_word` VALUES (3279, 'йӮ“жңҙж–№', 3, 0, '2026-01-10 17:30:39', '2026-01-10 17:30:39');
INSERT INTO `tb_sensitive_word` VALUES (3280, 'йӮ“жҰ•', 3, 0, '2026-01-10 17:30:39', '2026-01-10 17:30:39');
INSERT INTO `tb_sensitive_word` VALUES (3281, 'йӮ“иҙЁж–№', 3, 0, '2026-01-10 17:30:39', '2026-01-10 17:30:39');
INSERT INTO `tb_sensitive_word` VALUES (3282, 'жҜӣжіҪдёң', 3, 0, '2026-01-10 17:30:39', '2026-01-10 17:30:39');
INSERT INTO `tb_sensitive_word` VALUES (3283, 'зҢ«жіҪдёң', 3, 0, '2026-01-10 17:30:39', '2026-01-10 17:30:39');
INSERT INTO `tb_sensitive_word` VALUES (3284, 'зҢ«еҲҷдёң', 3, 0, '2026-01-10 17:30:39', '2026-01-10 17:30:39');
INSERT INTO `tb_sensitive_word` VALUES (3285, 'зҢ«иҙјжҙһ', 3, 0, '2026-01-10 17:30:39', '2026-01-10 17:30:39');
INSERT INTO `tb_sensitive_word` VALUES (3286, 'жҜӣzd', 3, 0, '2026-01-10 17:30:39', '2026-01-10 17:30:39');
INSERT INTO `tb_sensitive_word` VALUES (3287, 'жҜӣzx', 3, 0, '2026-01-10 17:30:39', '2026-01-10 17:30:39');
INSERT INTO `tb_sensitive_word` VALUES (3288, 'zдёң', 3, 0, '2026-01-10 17:30:39', '2026-01-10 17:30:39');
INSERT INTO `tb_sensitive_word` VALUES (3289, 'zeдёң', 3, 0, '2026-01-10 17:30:39', '2026-01-10 17:30:39');
INSERT INTO `tb_sensitive_word` VALUES (3290, 'жіҪd', 3, 0, '2026-01-10 17:30:39', '2026-01-10 17:30:39');
INSERT INTO `tb_sensitive_word` VALUES (3291, 'zedong', 3, 0, '2026-01-10 17:30:39', '2026-01-10 17:30:39');
INSERT INTO `tb_sensitive_word` VALUES (3292, 'жҜӣеӨӘзҘ–', 3, 0, '2026-01-10 17:30:39', '2026-01-10 17:30:39');
INSERT INTO `tb_sensitive_word` VALUES (3293, 'жҜӣзӣё', 3, 0, '2026-01-10 17:30:39', '2026-01-10 17:30:39');
INSERT INTO `tb_sensitive_word` VALUES (3294, 'дё»еёӯз”»еғҸ', 3, 0, '2026-01-10 17:30:39', '2026-01-10 17:30:39');
INSERT INTO `tb_sensitive_word` VALUES (3295, 'ж”№йқ©еҺҶзЁӢ', 3, 0, '2026-01-10 17:30:39', '2026-01-10 17:30:39');
INSERT INTO `tb_sensitive_word` VALUES (3296, 'жңұй••еҹә', 3, 0, '2026-01-10 17:30:39', '2026-01-10 17:30:39');
INSERT INTO `tb_sensitive_word` VALUES (3297, 'жңұе®№еҹә', 3, 0, '2026-01-10 17:30:39', '2026-01-10 17:30:39');
INSERT INTO `tb_sensitive_word` VALUES (3298, 'жңұй••йёЎ', 3, 0, '2026-01-10 17:30:39', '2026-01-10 17:30:39');
INSERT INTO `tb_sensitive_word` VALUES (3299, 'жңұе®№йёЎ', 3, 0, '2026-01-10 17:30:39', '2026-01-10 17:30:39');
INSERT INTO `tb_sensitive_word` VALUES (3300, 'жңұдә‘жқҘ', 3, 0, '2026-01-10 17:30:39', '2026-01-10 17:30:39');
INSERT INTO `tb_sensitive_word` VALUES (3301, 'жқҺй№Ҹ', 3, 0, '2026-01-10 17:30:39', '2026-01-10 17:30:39');
INSERT INTO `tb_sensitive_word` VALUES (3302, 'жқҺpeng', 3, 0, '2026-01-10 17:30:39', '2026-01-10 17:30:39');
INSERT INTO `tb_sensitive_word` VALUES (3303, 'йҮҢй№Ҹ', 3, 0, '2026-01-10 17:30:39', '2026-01-10 17:30:39');
INSERT INTO `tb_sensitive_word` VALUES (3304, 'жқҺжңҲжңҲйёҹ', 3, 0, '2026-01-10 17:30:39', '2026-01-10 17:30:39');
INSERT INTO `tb_sensitive_word` VALUES (3305, 'жқҺе°Ҹй№Ҹ', 3, 0, '2026-01-10 17:30:39', '2026-01-10 17:30:39');
INSERT INTO `tb_sensitive_word` VALUES (3306, 'жқҺе°Ҹзҗі', 3, 0, '2026-01-10 17:30:39', '2026-01-10 17:30:39');
INSERT INTO `tb_sensitive_word` VALUES (3307, 'еҚҺдё»еёӯ', 3, 0, '2026-01-10 17:30:39', '2026-01-10 17:30:39');
INSERT INTO `tb_sensitive_word` VALUES (3308, 'еҚҺеӣҪ', 3, 0, '2026-01-10 17:30:39', '2026-01-10 17:30:39');
INSERT INTO `tb_sensitive_word` VALUES (3309, 'еӣҪй”Ӣ', 3, 0, '2026-01-10 17:30:39', '2026-01-10 17:30:39');
INSERT INTO `tb_sensitive_word` VALUES (3310, 'еӣҪеі°', 3, 0, '2026-01-10 17:30:39', '2026-01-10 17:30:39');
INSERT INTO `tb_sensitive_word` VALUES (3311, 'й”ӢеҗҢеҝ—', 3, 0, '2026-01-10 17:30:39', '2026-01-10 17:30:39');
INSERT INTO `tb_sensitive_word` VALUES (3312, 'зҷҪжҳҘзӨј', 3, 0, '2026-01-10 17:30:39', '2026-01-10 17:30:39');
INSERT INTO `tb_sensitive_word` VALUES (3313, 'и–„зҶҷжқҘ', 3, 0, '2026-01-10 17:30:39', '2026-01-10 17:30:39');
INSERT INTO `tb_sensitive_word` VALUES (3314, 'и–„дёҖжіў', 3, 0, '2026-01-10 17:30:39', '2026-01-10 17:30:39');
INSERT INTO `tb_sensitive_word` VALUES (3315, 'и”Ўиөҙжңқ', 3, 0, '2026-01-10 17:30:39', '2026-01-10 17:30:39');
INSERT INTO `tb_sensitive_word` VALUES (3316, 'и”ЎжӯҰ', 3, 0, '2026-01-10 17:30:39', '2026-01-10 17:30:39');
INSERT INTO `tb_sensitive_word` VALUES (3317, 'жӣ№еҲҡе·қ', 3, 0, '2026-01-10 17:30:39', '2026-01-10 17:30:39');
INSERT INTO `tb_sensitive_word` VALUES (3318, 'еёёдёҮе…Ё', 3, 0, '2026-01-10 17:30:39', '2026-01-10 17:30:39');
INSERT INTO `tb_sensitive_word` VALUES (3319, 'йҷҲзӮіеҫ·', 3, 0, '2026-01-10 17:30:39', '2026-01-10 17:30:39');
INSERT INTO `tb_sensitive_word` VALUES (3320, 'йҷҲеҫ·й“ӯ', 3, 0, '2026-01-10 17:30:39', '2026-01-10 17:30:39');
INSERT INTO `tb_sensitive_word` VALUES (3321, 'йҷҲе»әеӣҪ', 3, 0, '2026-01-10 17:30:39', '2026-01-10 17:30:39');
INSERT INTO `tb_sensitive_word` VALUES (3322, 'йҷҲиүҜе®Ү', 3, 0, '2026-01-10 17:30:39', '2026-01-10 17:30:39');
INSERT INTO `tb_sensitive_word` VALUES (3323, 'йҷҲз»Қеҹә', 3, 0, '2026-01-10 17:30:39', '2026-01-10 17:30:39');
INSERT INTO `tb_sensitive_word` VALUES (3324, 'йҷҲеҗҢжө·', 3, 0, '2026-01-10 17:30:39', '2026-01-10 17:30:39');
INSERT INTO `tb_sensitive_word` VALUES (3325, 'йҷҲиҮіз«Ӣ', 3, 0, '2026-01-10 17:30:39', '2026-01-10 17:30:39');
INSERT INTO `tb_sensitive_word` VALUES (3326, 'жҲҙз§үеӣҪ', 3, 0, '2026-01-10 17:30:39', '2026-01-10 17:30:39');
INSERT INTO `tb_sensitive_word` VALUES (3327, 'дёҒдёҖе№і', 3, 0, '2026-01-10 17:30:39', '2026-01-10 17:30:39');
INSERT INTO `tb_sensitive_word` VALUES (3328, 'и‘Је»әеҚҺ', 3, 0, '2026-01-10 17:30:39', '2026-01-10 17:30:39');
INSERT INTO `tb_sensitive_word` VALUES (3329, 'жқңеҫ·еҚ°', 3, 0, '2026-01-10 17:30:39', '2026-01-10 17:30:39');
INSERT INTO `tb_sensitive_word` VALUES (3330, 'жқңдё–жҲҗ', 3, 0, '2026-01-10 17:30:39', '2026-01-10 17:30:39');
INSERT INTO `tb_sensitive_word` VALUES (3331, 'еӮ…й”җ', 3, 0, '2026-01-10 17:30:39', '2026-01-10 17:30:39');
INSERT INTO `tb_sensitive_word` VALUES (3332, 'йғӯдјҜйӣ„', 3, 0, '2026-01-10 17:30:39', '2026-01-10 17:30:39');
INSERT INTO `tb_sensitive_word` VALUES (3333, 'йғӯйҮ‘йҫҷ', 3, 0, '2026-01-10 17:30:39', '2026-01-10 17:30:39');
INSERT INTO `tb_sensitive_word` VALUES (3334, 'иҙәеӣҪејә', 3, 0, '2026-01-10 17:30:39', '2026-01-10 17:30:39');
INSERT INTO `tb_sensitive_word` VALUES (3335, 'иғЎжҳҘеҚҺ', 3, 0, '2026-01-10 17:30:39', '2026-01-10 17:30:39');
INSERT INTO `tb_sensitive_word` VALUES (3336, 'иҖҖйӮҰ', 3, 0, '2026-01-10 17:30:39', '2026-01-10 17:30:39');
INSERT INTO `tb_sensitive_word` VALUES (3337, 'еҚҺе»әж•Ҹ', 3, 0, '2026-01-10 17:30:39', '2026-01-10 17:30:39');
INSERT INTO `tb_sensitive_word` VALUES (3338, 'й»„еҚҺеҚҺ', 3, 0, '2026-01-10 17:30:39', '2026-01-10 17:30:39');
INSERT INTO `tb_sensitive_word` VALUES (3339, 'й»„дёҪж»Ў', 3, 0, '2026-01-10 17:30:39', '2026-01-10 17:30:39');
INSERT INTO `tb_sensitive_word` VALUES (3340, 'й»„е…ҙеӣҪ', 3, 0, '2026-01-10 17:30:39', '2026-01-10 17:30:39');
INSERT INTO `tb_sensitive_word` VALUES (3341, 'еӣһиүҜзҺү', 3, 0, '2026-01-10 17:30:39', '2026-01-10 17:30:39');
INSERT INTO `tb_sensitive_word` VALUES (3342, 'иҙҫеәҶжһ—', 3, 0, '2026-01-10 17:30:39', '2026-01-10 17:30:39');
INSERT INTO `tb_sensitive_word` VALUES (3343, 'иҙҫе»·е®ү', 3, 0, '2026-01-10 17:30:39', '2026-01-10 17:30:39');
INSERT INTO `tb_sensitive_word` VALUES (3344, 'йқ–еҝ—иҝң', 3, 0, '2026-01-10 17:30:39', '2026-01-10 17:30:39');
INSERT INTO `tb_sensitive_word` VALUES (3345, 'жқҺй•ҝжҳҘ', 3, 0, '2026-01-10 17:30:39', '2026-01-10 17:30:39');
INSERT INTO `tb_sensitive_word` VALUES (3346, 'жқҺжҳҘеҹҺ', 3, 0, '2026-01-10 17:30:39', '2026-01-10 17:30:39');
INSERT INTO `tb_sensitive_word` VALUES (3347, 'жқҺе»әеӣҪ', 3, 0, '2026-01-10 17:30:39', '2026-01-10 17:30:39');
INSERT INTO `tb_sensitive_word` VALUES (3348, 'жқҺе…Ӣејә', 3, 0, '2026-01-10 17:30:39', '2026-01-10 17:30:39');
INSERT INTO `tb_sensitive_word` VALUES (3349, 'жқҺеІҡжё…', 3, 0, '2026-01-10 17:30:39', '2026-01-10 17:30:39');
INSERT INTO `tb_sensitive_word` VALUES (3350, 'жқҺжІӣз‘¶', 3, 0, '2026-01-10 17:30:39', '2026-01-10 17:30:39');
INSERT INTO `tb_sensitive_word` VALUES (3358, 'md', 6, 1, '2026-01-10 21:07:18', '2026-01-11 20:07:58');
INSERT INTO `tb_sensitive_word` VALUES (3359, 'mlgb', 6, 1, '2026-01-10 21:07:18', '2026-01-11 20:07:58');
INSERT INTO `tb_sensitive_word` VALUES (3360, 'test', 10, 1, '2026-01-11 21:16:34', '2026-01-11 21:16:55');
INSERT INTO `tb_sensitive_word` VALUES (3361, 'еҚ§ж§Ҫ', 6, 0, '2026-01-15 12:14:57', '2026-01-15 12:14:56');

-- ----------------------------
-- Table structure for tb_sensitive_word_category
-- ----------------------------
DROP TABLE IF EXISTS `tb_sensitive_word_category`;
CREATE TABLE `tb_sensitive_word_category`  (
  `id` bigint NOT NULL AUTO_INCREMENT COMMENT 'дё»й”®иҮӘеўһ',
  `name` varchar(50) CHARACTER SET utf8mb4 COLLATE utf8mb4_0900_ai_ci NOT NULL COMMENT 'еҲҶзұ»еҗҚз§°',
  `delete_flag` tinyint NULL DEFAULT 0 COMMENT 'еҲ йҷӨж Үи®°пјҢ0-жңӘеҲ йҷӨпјҢ1-е·ІеҲ йҷӨ',
  `create_time` datetime NULL DEFAULT CURRENT_TIMESTAMP COMMENT 'еҲӣе»әж—¶й—ҙпјҢй»ҳи®ӨдёәжҸ’е…Ҙж—¶ж—¶й—ҙжҲі',
  `update_time` datetime NULL DEFAULT CURRENT_TIMESTAMP ON UPDATE CURRENT_TIMESTAMP COMMENT 'жӣҙж–°ж—¶й—ҙпјҢжҸ’е…Ҙж—¶иҮӘеҠЁеЎ«е……пјҢжӣҙж–°ж—¶иҮӘеҠЁжӣҙж–°',
  PRIMARY KEY (`id`) USING BTREE
) ENGINE = InnoDB AUTO_INCREMENT = 13 CHARACTER SET = utf8mb4 COLLATE = utf8mb4_0900_ai_ci COMMENT = 'ж•Ҹж„ҹиҜҚеҲҶзұ»иЎЁ' ROW_FORMAT = Dynamic;

-- ----------------------------
-- Records of tb_sensitive_word_category
-- ----------------------------
INSERT INTO `tb_sensitive_word_category` VALUES (1, 'еҸҚеҠЁ', 0, '2026-01-10 17:13:20', '2026-01-10 17:13:20');
INSERT INTO `tb_sensitive_word_category` VALUES (2, 'жҡҙжҒҗ', 0, '2026-01-10 17:13:20', '2026-01-10 17:13:20');
INSERT INTO `tb_sensitive_word_category` VALUES (3, 'ж”ҝжІ»', 0, '2026-01-10 17:13:20', '2026-01-10 17:13:20');
INSERT INTO `tb_sensitive_word_category` VALUES (4, 'иүІжғ…', 0, '2026-01-10 17:13:20', '2026-01-10 17:13:20');
INSERT INTO `tb_sensitive_word_category` VALUES (5, 'е№ҝе‘Ҡ', 0, '2026-01-10 17:13:20', '2026-01-10 17:13:20');
INSERT INTO `tb_sensitive_word_category` VALUES (6, 'зІ—дҝ—', 0, '2026-01-10 17:13:20', '2026-01-10 17:13:20');
INSERT INTO `tb_sensitive_word_category` VALUES (7, 'test', 1, '2026-01-11 21:13:49', '2026-01-11 21:16:47');
INSERT INTO `tb_sensitive_word_category` VALUES (8, 'test1', 1, '2026-01-11 21:13:53', '2026-01-11 21:17:01');
INSERT INTO `tb_sensitive_word_category` VALUES (9, 'test2', 1, '2026-01-11 21:13:56', '2026-01-11 21:17:01');
INSERT INTO `tb_sensitive_word_category` VALUES (10, 'test3', 1, '2026-01-11 21:16:11', '2026-01-11 21:17:01');
INSERT INTO `tb_sensitive_word_category` VALUES (11, 'test', 1, '2026-01-11 21:20:15', '2026-01-11 21:20:30');
INSERT INTO `tb_sensitive_word_category` VALUES (12, 'test1', 1, '2026-01-11 21:20:36', '2026-01-11 21:21:42');

-- ----------------------------
-- Table structure for tb_topic
-- ----------------------------
DROP TABLE IF EXISTS `tb_topic`;
CREATE TABLE `tb_topic`  (
  `id` bigint NOT NULL AUTO_INCREMENT COMMENT 'иҜқйўҳIDпјҢдё»й”®иҮӘеўһ',
  `name` varchar(25) CHARACTER SET utf8mb4 COLLATE utf8mb4_unicode_ci NOT NULL COMMENT 'иҜқйўҳеҗҚз§°пјҢдёҚдёәз©ә',
  `delete_flag` tinyint NULL DEFAULT 0 COMMENT 'еҲ йҷӨж Үи®°пјҢ0-жңӘеҲ йҷӨпјҢ1-е·ІеҲ йҷӨ',
  `create_time` datetime NULL DEFAULT CURRENT_TIMESTAMP COMMENT 'еҲӣе»әж—¶й—ҙпјҢй»ҳи®ӨдёәжҸ’е…Ҙж—¶ж—¶й—ҙжҲі',
  `update_time` datetime NULL DEFAULT CURRENT_TIMESTAMP ON UPDATE CURRENT_TIMESTAMP COMMENT 'жӣҙж–°ж—¶й—ҙпјҢй»ҳи®ӨдёәжҸ’е…Ҙж—¶ж—¶й—ҙжҲіпјҢжҸ’е…Ҙж—¶иҮӘеҠЁжӣҙж–°',
  PRIMARY KEY (`id`) USING BTREE
) ENGINE = InnoDB AUTO_INCREMENT = 9 CHARACTER SET = utf8mb4 COLLATE = utf8mb4_unicode_ci COMMENT = 'иҜқйўҳиЎЁ' ROW_FORMAT = Dynamic;

-- ----------------------------
-- Records of tb_topic
-- ----------------------------
INSERT INTO `tb_topic` VALUES (1, 'иҗҢе® жү“еҚЎ', 0, '2025-12-18 12:20:56', '2025-12-18 12:20:56');
INSERT INTO `tb_topic` VALUES (2, 'и®ӯз»ғеҝғеҫ—', 0, '2025-12-18 12:20:56', '2025-12-18 12:20:56');
INSERT INTO `tb_topic` VALUES (3, 'ж•‘еҠ©дә’еҠ©', 0, '2025-12-18 12:20:56', '2025-12-18 12:20:56');
INSERT INTO `tb_topic` VALUES (4, 'еҢ»з–—й—®зӯ”', 0, '2025-12-18 12:20:56', '2025-12-18 12:20:56');
INSERT INTO `tb_topic` VALUES (5, 'test1', 1, '2026-01-07 17:21:47', '2026-01-07 17:23:53');
INSERT INTO `tb_topic` VALUES (6, 'test2', 1, '2026-01-07 17:22:19', '2026-01-07 17:23:53');
INSERT INTO `tb_topic` VALUES (7, 'test3', 1, '2026-01-07 17:22:25', '2026-01-07 17:23:56');
INSERT INTO `tb_topic` VALUES (8, 'test4', 1, '2026-01-07 17:24:08', '2026-01-07 17:25:42');

-- ----------------------------
-- Table structure for tb_topic_post
-- ----------------------------
DROP TABLE IF EXISTS `tb_topic_post`;
CREATE TABLE `tb_topic_post`  (
  `id` bigint NOT NULL AUTO_INCREMENT COMMENT 'е…іиҒ”IDпјҢдё»й”®иҮӘеўһ',
  `post_id` bigint NOT NULL COMMENT 'её–еӯҗIDпјҢдёҚдёәз©ә',
  `topic_id` bigint NOT NULL COMMENT 'иҜқйўҳIDпјҢдёҚдёәз©ә',
  `delete_flag` tinyint NULL DEFAULT 0 COMMENT 'еҲ йҷӨж Үи®°пјҢ0-жңӘеҲ йҷӨпјҢ1-е·ІеҲ йҷӨ',
  `create_time` datetime NULL DEFAULT CURRENT_TIMESTAMP COMMENT 'еҲӣе»әж—¶й—ҙпјҢй»ҳи®ӨдёәжҸ’е…Ҙж—¶ж—¶й—ҙжҲі',
  `update_time` datetime NULL DEFAULT CURRENT_TIMESTAMP ON UPDATE CURRENT_TIMESTAMP COMMENT 'жӣҙж–°ж—¶й—ҙпјҢй»ҳи®ӨдёәжҸ’е…Ҙж—¶ж—¶й—ҙжҲіпјҢжҸ’е…Ҙж—¶иҮӘеҠЁжӣҙж–°',
  PRIMARY KEY (`id`) USING BTREE,
  INDEX `idx_post_id`(`post_id` ASC) USING BTREE,
  INDEX `idx_topic_id`(`topic_id` ASC) USING BTREE
) ENGINE = InnoDB AUTO_INCREMENT = 49 CHARACTER SET = utf8mb4 COLLATE = utf8mb4_unicode_ci COMMENT = 'иҜқйўҳеё–еӯҗе…іиҒ”иЎЁ' ROW_FORMAT = Dynamic;

-- ----------------------------
-- Records of tb_topic_post
-- ----------------------------
INSERT INTO `tb_topic_post` VALUES (1, 1, 1, 0, '2025-12-18 12:21:12', '2025-12-18 12:21:12');
INSERT INTO `tb_topic_post` VALUES (2, 1, 2, 0, '2025-12-18 12:21:12', '2025-12-18 12:21:12');
INSERT INTO `tb_topic_post` VALUES (3, 2, 3, 0, '2025-12-18 12:21:12', '2025-12-18 12:21:12');
INSERT INTO `tb_topic_post` VALUES (4, 2, 1, 0, '2025-12-18 12:21:12', '2025-12-18 12:21:12');
INSERT INTO `tb_topic_post` VALUES (5, 3, 4, 0, '2025-12-18 12:21:12', '2025-12-18 12:21:12');
INSERT INTO `tb_topic_post` VALUES (6, 3, 2, 0, '2025-12-18 12:21:12', '2025-12-18 12:21:12');
INSERT INTO `tb_topic_post` VALUES (12, 7, 2, 1, '2025-12-20 16:31:42', '2026-01-10 20:21:05');
INSERT INTO `tb_topic_post` VALUES (13, 8, 2, 1, '2025-12-20 16:33:51', '2026-01-10 20:21:28');
INSERT INTO `tb_topic_post` VALUES (14, 8, 1, 1, '2025-12-20 16:33:51', '2026-01-10 20:21:28');
INSERT INTO `tb_topic_post` VALUES (15, 9, 2, 1, '2025-12-20 16:45:40', '2026-01-10 20:21:10');
INSERT INTO `tb_topic_post` VALUES (17, 12, 2, 1, '2025-12-20 16:52:04', '2025-12-20 22:42:16');
INSERT INTO `tb_topic_post` VALUES (19, 12, 2, 1, '2025-12-20 22:46:28', '2025-12-20 22:49:24');
INSERT INTO `tb_topic_post` VALUES (20, 12, 3, 1, '2025-12-20 22:46:28', '2025-12-20 22:49:24');
INSERT INTO `tb_topic_post` VALUES (21, 12, 2, 1, '2025-12-20 22:49:24', '2025-12-20 22:50:56');
INSERT INTO `tb_topic_post` VALUES (22, 12, 4, 1, '2025-12-20 22:49:24', '2025-12-20 22:50:56');
INSERT INTO `tb_topic_post` VALUES (23, 12, 2, 0, '2025-12-20 22:50:56', '2025-12-20 22:50:56');
INSERT INTO `tb_topic_post` VALUES (24, 12, 4, 0, '2025-12-20 22:50:56', '2025-12-20 22:50:56');
INSERT INTO `tb_topic_post` VALUES (25, 13, 2, 0, '2025-12-20 23:35:39', '2025-12-20 23:35:38');
INSERT INTO `tb_topic_post` VALUES (26, 13, 4, 0, '2025-12-20 23:35:39', '2025-12-20 23:35:38');
INSERT INTO `tb_topic_post` VALUES (27, 14, 2, 1, '2025-12-21 21:18:38', '2025-12-29 16:35:14');
INSERT INTO `tb_topic_post` VALUES (28, 15, 1, 0, '2025-12-23 10:10:46', '2025-12-23 10:10:45');
INSERT INTO `tb_topic_post` VALUES (29, 16, 1, 0, '2025-12-26 20:54:15', '2025-12-26 20:54:15');
INSERT INTO `tb_topic_post` VALUES (30, 16, 2, 0, '2025-12-26 20:54:15', '2025-12-26 20:54:15');
INSERT INTO `tb_topic_post` VALUES (31, 17, 8, 1, '2026-01-07 17:24:26', '2026-01-07 17:25:15');
INSERT INTO `tb_topic_post` VALUES (32, 18, 1, 1, '2026-01-07 19:01:44', '2026-01-07 19:02:00');
INSERT INTO `tb_topic_post` VALUES (33, 19, 2, 1, '2026-01-10 10:28:16', '2026-01-10 10:30:10');
INSERT INTO `tb_topic_post` VALUES (34, 20, 2, 1, '2026-01-10 10:28:50', '2026-01-10 10:33:05');
INSERT INTO `tb_topic_post` VALUES (35, 36, 2, 1, '2026-02-10 14:36:23', '2026-02-10 14:51:18');
INSERT INTO `tb_topic_post` VALUES (36, 37, 2, 1, '2026-02-10 14:52:04', '2026-02-10 14:54:35');
INSERT INTO `tb_topic_post` VALUES (37, 38, 2, 1, '2026-02-10 14:54:47', '2026-02-10 14:56:16');
INSERT INTO `tb_topic_post` VALUES (38, 39, 4, 1, '2026-02-10 14:56:25', '2026-02-10 14:58:57');
INSERT INTO `tb_topic_post` VALUES (39, 40, 3, 1, '2026-02-10 14:59:07', '2026-02-10 15:14:58');
INSERT INTO `tb_topic_post` VALUES (40, 41, 3, 1, '2026-02-10 15:15:09', '2026-02-10 16:44:48');
INSERT INTO `tb_topic_post` VALUES (41, 42, 2, 0, '2026-02-10 17:23:52', '2026-02-10 17:23:51');
INSERT INTO `tb_topic_post` VALUES (42, 43, 1, 0, '2026-02-10 17:24:03', '2026-02-10 17:24:02');
INSERT INTO `tb_topic_post` VALUES (43, 44, 3, 0, '2026-02-10 17:30:02', '2026-02-10 17:30:02');
INSERT INTO `tb_topic_post` VALUES (44, 45, 2, 1, '2026-02-14 21:52:14', '2026-02-14 21:57:44');
INSERT INTO `tb_topic_post` VALUES (45, 46, 4, 1, '2026-02-14 21:58:34', '2026-02-14 22:00:06');
INSERT INTO `tb_topic_post` VALUES (46, 47, 2, 0, '2026-02-14 22:00:24', '2026-02-14 22:00:23');
INSERT INTO `tb_topic_post` VALUES (47, 48, 3, 0, '2026-02-21 16:50:29', '2026-02-21 16:50:29');
INSERT INTO `tb_topic_post` VALUES (48, 49, 3, 1, '2026-02-21 16:51:35', '2026-02-21 16:51:54');

-- ----------------------------
-- Table structure for tb_user
-- ----------------------------
DROP TABLE IF EXISTS `tb_user`;
CREATE TABLE `tb_user`  (
  `id` bigint NOT NULL AUTO_INCREMENT COMMENT 'з”ЁжҲ·IDпјҢдё»й”®иҮӘеўһ',
  `username` varchar(30) CHARACTER SET utf8mb4 COLLATE utf8mb4_unicode_ci NOT NULL COMMENT 'з”ЁжҲ·еҗҚпјҢдёҚеҸҜдёәз©әдё”е”ҜдёҖ',
  `email` varchar(30) CHARACTER SET utf8mb4 COLLATE utf8mb4_unicode_ci NOT NULL COMMENT 'йӮ®з®ұпјҢдёҚеҸҜдёәз©әдё”е”ҜдёҖ',
  `password` varchar(64) CHARACTER SET utf8mb4 COLLATE utf8mb4_unicode_ci NOT NULL COMMENT 'еҜҶз ҒпјҢдёҚеҸҜдёәз©ә',
  `gender` tinyint NULL DEFAULT 3 COMMENT 'жҖ§еҲ«пјҢ1-з”·пјҢ2-еҘіпјҢ3-дҝқеҜҶ',
  `real_name` varchar(30) CHARACTER SET utf8mb4 COLLATE utf8mb4_unicode_ci NULL DEFAULT NULL COMMENT 'з”ЁжҲ·зңҹе®һе§“еҗҚпјҢз”ЁдәҺе’Ңиә«д»ҪиҜҒдёҖиө·еҒҡе®һеҗҚи®ӨиҜҒ',
  `id_card` varchar(30) CHARACTER SET utf8mb4 COLLATE utf8mb4_unicode_ci NULL DEFAULT NULL COMMENT 'иә«д»ҪиҜҒеҸ·',
  `phone` varchar(30) CHARACTER SET utf8mb4 COLLATE utf8mb4_unicode_ci NULL DEFAULT NULL COMMENT 'жүӢжңәеҸ·',
  `avatar_url` varchar(255) CHARACTER SET utf8mb4 COLLATE utf8mb4_unicode_ci NULL DEFAULT 'https://pet-store-bucket.oss-cn-hangzhou.aliyuncs.com/default_avatar.png' COMMENT 'з”ЁжҲ·еӨҙеғҸ',
  `role_id` bigint NULL DEFAULT 1 COMMENT 'и§’иүІIDпјҢй»ҳи®Өдёә1пјҢ1-жҷ®йҖҡз”ЁжҲ·пјҢ0-з®ЎзҗҶе‘ҳпјҢдёҺи§’иүІиЎЁе…іиҒ”',
  `receipt_name` varchar(30) CHARACTER SET utf8mb4 COLLATE utf8mb4_unicode_ci NULL DEFAULT NULL COMMENT 'ж”¶иҙ§дәәеҗҚз§°пјҢдёҚдёәз©ә',
  `receipt_id` bigint NULL DEFAULT NULL COMMENT 'ж”¶иҙ§ең°еқҖIDпјҢдёҺең°еқҖиЎЁе…іиҒ”',
  `profile` varchar(255) CHARACTER SET utf8mb4 COLLATE utf8mb4_unicode_ci NULL DEFAULT NULL COMMENT 'дёӘдәәз®Җд»ӢпјҢй»ҳи®Өдёәз©ә',
  `status` tinyint NULL DEFAULT 0 COMMENT 'иҙҰеҸ·зҠ¶жҖҒпјҢ0-жӯЈеёёдҪҝз”Ё/жңӘй”ҖжҲ·пјҢ1-е·Ій”ҖжҲ·',
  `ban_flag` tinyint NULL DEFAULT 0 COMMENT 'зҰҒиЁҖж Үи®°пјҢ0-жңӘзҰҒиЁҖпјҢ1-е·ІзҰҒиЁҖ',
  `delete_flag` tinyint NULL DEFAULT 0 COMMENT 'еҲ йҷӨж Үи®°пјҢ0-жңӘеҲ йҷӨпјҢ1-е·ІеҲ йҷӨпјҢй»ҳи®Өдёә0',
  `create_time` datetime NULL DEFAULT CURRENT_TIMESTAMP COMMENT 'еҲӣе»әж—¶й—ҙпјҢй»ҳи®ӨдёәжҸ’е…Ҙж—¶ж—¶й—ҙжҲі',
  `update_time` datetime NULL DEFAULT CURRENT_TIMESTAMP ON UPDATE CURRENT_TIMESTAMP COMMENT 'жӣҙж–°ж—¶й—ҙпјҢй»ҳи®ӨдёәжҸ’е…Ҙж—¶ж—¶й—ҙжҲіпјҢжҸ’е…Ҙж—¶иҮӘеҠЁжӣҙж–°',
  PRIMARY KEY (`id`) USING BTREE,
  INDEX `idx_role_id`(`role_id` ASC) USING BTREE,
  INDEX `idx_receipt_id`(`receipt_id` ASC) USING BTREE,
  INDEX `idx_username`(`username` ASC) USING BTREE,
  INDEX `idx_email`(`email` ASC) USING BTREE
) ENGINE = InnoDB AUTO_INCREMENT = 15 CHARACTER SET = utf8mb4 COLLATE = utf8mb4_unicode_ci COMMENT = 'з”ЁжҲ·иЎЁ' ROW_FORMAT = Dynamic;

-- ----------------------------
-- Records of tb_user
-- ----------------------------
INSERT INTO `tb_user` VALUES (1, 'user1', 'user1@example.com', '$2a$10$00ifF3WwnLMrUXa.gO8N5OXufwtp83.fR2szpUeMFahXc6t4wKmn6', 2, 'user1', '123456789012345678', '15924567856', 'https://pet-store-bucket.oss-cn-hangzhou.aliyuncs.com/default_avatar.png', 1, 'user1', 11, NULL, 0, 0, 0, '2025-12-12 19:54:32', '2026-02-24 20:42:23');
INSERT INTO `tb_user` VALUES (2, 'user2', 'user2@example.com', '123456', 3, 'user2', '123456789012345679', '15926455678', 'https://pet-store-bucket.oss-cn-hangzhou.aliyuncs.com/default_avatar.png', 1, 'user2', 1, NULL, 0, 0, 0, '2025-12-12 19:54:34', '2026-01-02 21:03:18');
INSERT INTO `tb_user` VALUES (3, 'user3', 'user3@example.com', '123456', 1, 'user3', '421125201112032019', '15926454022', 'https://pet-store-bucket.oss-cn-hangzhou.aliyuncs.com/bfd1455e-60e1-4c81-8840-93e135e8a682_avatar.jpg', 1, 'user3', 52, 'и…ји…Ҷзҡ„е°Ҹеӯ©еӯҗ~~', 0, 0, 0, '2025-12-12 19:54:37', '2026-01-02 21:00:45');
INSERT INTO `tb_user` VALUES (4, 'е°Ҹж©ҳеІӣзі»з»ҹз®ЎзҗҶе‘ҳ', 'admin@example.com', '$2a$10$iOvxwAARgUbtX5Fx112BCuSRCRJ3PPEtNKVrAjAAn6iHQuLU5zWVi', 1, 'admin', '421124200308232011', '13800138011', 'https://pet-store-bucket.oss-cn-hangzhou.aliyuncs.com/1f287ae8-6af9-43fa-aa00-889ab4ddb3be_avatar.jpg', 0, NULL, NULL, 'е°Ҹж©ҳеІӣзі»з»ҹз®ЎзҗҶе‘ҳ', 0, 0, 0, '2025-12-27 21:26:30', '2026-02-24 20:20:47');
INSERT INTO `tb_user` VALUES (5, 'user', '123@qq.com', '123456', 3, 'xxx', '421124200308232011', '15942561252', 'https://pet-store-bucket.oss-cn-hangzhou.aliyuncs.com/default_avatar.png', 1, '11', 53, NULL, 0, 0, 1, '2026-01-03 18:57:22', '2026-01-08 11:24:44');
INSERT INTO `tb_user` VALUES (6, '11', '124@qq.com', '123456', 3, NULL, NULL, NULL, 'https://pet-store-bucket.oss-cn-hangzhou.aliyuncs.com/default_avatar.png', 1, NULL, NULL, NULL, 0, 0, 1, '2026-01-03 19:36:12', '2026-01-03 19:36:18');
INSERT INTO `tb_user` VALUES (7, 'epsda', '222@qq.com', '123456', 3, NULL, NULL, NULL, 'https://pet-store-bucket.oss-cn-hangzhou.aliyuncs.com/default_avatar.png', 1, NULL, NULL, NULL, 0, 0, 0, '2026-02-14 16:47:37', '2026-02-14 16:47:37');
INSERT INTO `tb_user` VALUES (8, 'test', 'test@qq.com', '123456', 3, NULL, NULL, NULL, 'https://pet-store-bucket.oss-cn-hangzhou.aliyuncs.com/default_avatar.png', 1, NULL, NULL, NULL, 0, 0, 0, '2026-02-19 20:01:58', '2026-02-19 20:01:58');
INSERT INTO `tb_user` VALUES (9, 'жҶЁе…«еҳҺ', 'watneymark82@gmail.com', '123456', 3, NULL, NULL, NULL, 'https://pet-store-bucket.oss-cn-hangzhou.aliyuncs.com/default_avatar.png', 1, NULL, NULL, NULL, 0, 0, 1, '2026-02-21 10:24:54', '2026-02-21 10:30:41');
INSERT INTO `tb_user` VALUES (10, 'mark', 'watneymark82@gmail.com', '123456', 3, NULL, NULL, NULL, 'https://pet-store-bucket.oss-cn-hangzhou.aliyuncs.com/default_avatar.png', 1, NULL, NULL, NULL, 0, 0, 1, '2026-02-21 10:31:27', '2026-02-21 10:34:41');
INSERT INTO `tb_user` VALUES (11, 'жҶЁе…«еҳҺ', 'watneymark82@gmail.com', '123456', 3, NULL, NULL, NULL, 'https://pet-store-bucket.oss-cn-hangzhou.aliyuncs.com/default_avatar.png', 1, NULL, NULL, NULL, 0, 0, 1, '2026-02-21 16:04:23', '2026-02-22 23:21:19');
INSERT INTO `tb_user` VALUES (12, 'жҶЁе…«еҳҺ', 'watneymark82@gmail.com', '123456', 3, NULL, NULL, NULL, 'https://pet-store-bucket.oss-cn-hangzhou.aliyuncs.com/default_avatar.png', 1, NULL, NULL, NULL, 0, 0, 1, '2026-02-22 23:46:57', '2026-02-22 23:47:33');
INSERT INTO `tb_user` VALUES (13, 'жҶЁе…«еҳҺ', 'watneymark82@gmail.com', '123456', 3, NULL, NULL, NULL, 'https://pet-store-bucket.oss-cn-hangzhou.aliyuncs.com/default_avatar.png', 1, NULL, NULL, NULL, 0, 0, 1, '2026-02-23 00:02:19', '2026-02-23 00:03:17');
INSERT INTO `tb_user` VALUES (14, 'жҶЁе…«еҳҺ', 'watneymark82@gmail.com', '123456', 3, NULL, NULL, NULL, 'https://pet-store-bucket.oss-cn-hangzhou.aliyuncs.com/default_avatar.png', 1, NULL, NULL, NULL, 0, 0, 0, '2026-02-23 00:18:44', '2026-02-23 00:18:44');

SET FOREIGN_KEY_CHECKS = 1;
